15:11:11	1788181871	0	0	0
15:11:13	1788181873	0	0	0
15:11:15	1788181875	2	0	2
15:11:18	1788181878	3	0	3
15:11:20	1788181880	2	0	2
15:11:23	1788181883	3	0	3
15:11:25	1788181885	2	0	2
15:11:27	1788181887	4	0	4
15:11:30	1788181890	1	0	1
15:11:32	1788181892	1	0	1
15:11:35	1788181895	4	0	4
15:11:37	1788181897	4	0	4
15:11:39	1788181899	1	0	1
15:11:42	1788181902	1	0	1
15:11:44	1788181904	340	1	329
15:11:46	1788181906	1262	3	1080
15:11:49	1788181909	2155	5	1652
15:11:51	1788181911	3075	8	2151
15:11:53	1788181913	3992	10	2535
15:11:56	1788181916	4934	12	2841
15:11:58	1788181918	5870	15	3091
15:12:01	1788181921	6829	17	3307
15:12:03	1788181923	7830	20	3476
15:12:06	1788181926	8853	22	3610
15:12:08	1788181928	9908	25	3711
15:12:11	1788181931	10930	27	3801
15:12:14	1788181934	11970	30	3863
15:12:16	1788181936	13047	33	3923
15:12:19	1788181939	14116	35	3954
15:12:22	1788181942	15168	38	3985
15:12:24	1788181944	16292	41	4008
15:12:27	1788181947	17407	44	4028
15:12:30	1788181950	18453	46	4041
15:12:32	1788181952	19510	49	4056
15:12:35	1788181955	20511	51	4062
15:12:37	1788181957	21499	54	4068
15:12:40	1788181960	22474	56	4077
15:12:42	1788181962	23453	59	4082
15:12:45	1788181965	24406	61	4087
15:12:47	1788181967	25350	64	4090
15:12:49	1788181969	26298	66	4092
15:12:52	1788181972	27243	68	4092
15:12:54	1788181974	28179	71	4095
15:12:56	1788181976	29108	73	4095
15:12:59	1788181979	30046	75	4095
15:13:01	1788181981	30977	78	4095
15:13:03	1788181983	31903	80	4096
15:13:06	1788181986	32829	82	4096
15:13:08	1788181988	33759	85	4096
15:13:10	1788181990	34680	87	4096
15:13:13	1788181993	35604	89	4096
15:13:15	1788181995	36532	92	4096
15:13:17	1788181997	37464	94	4096
15:13:20	1788182000	38394	96	4096
15:13:22	1788182002	39332	99	4096
15:13:24	1788182004	40263	101	4096
15:13:27	1788182007	41203	103	4096
15:13:29	1788182009	42152	106	4096
15:13:31	1788182011	43085	108	4096
15:13:34	1788182014	44015	110	4096
15:13:36	1788182016	44953	113	4096
15:13:38	1788182018	45897	115	4096
15:13:41	1788182021	46831	117	4096
15:13:43	1788182023	47766	120	4096
15:13:45	1788182025	48708	122	4096
15:13:48	1788182028	49655	124	4096
15:13:50	1788182030	50606	127	4096
15:13:53	1788182033	51550	129	4096
15:13:55	1788182035	52497	132	4096
15:13:57	1788182037	53476	134	4096
15:14:00	1788182040	54432	136	4096
15:14:02	1788182042	55401	139	4096
15:14:05	1788182045	56352	141	4096
15:14:07	1788182047	57306	144	4096
15:14:09	1788182049	58263	146	4096
15:14:12	1788182052	59223	148	4096
15:14:14	1788182054	60185	151	4096
15:14:17	1788182057	61161	153	4096
15:14:19	1788182059	62121	156	4096
15:14:22	1788182062	63097	158	4096
15:14:24	1788182064	64070	161	4096
15:14:26	1788182066	65045	163	4096
15:14:29	1788182069	66027	165	4096
15:14:31	1788182071	66996	168	4096
15:14:34	1788182074	67981	170	4096
15:14:36	1788182076	68975	173	4096
15:14:39	1788182079	69957	175	4096
15:14:41	1788182081	70944	178	4096
15:14:44	1788182084	71926	180	4096
15:14:46	1788182086	72914	183	4096
15:14:49	1788182089	73902	185	4096
15:14:51	1788182091	74898	188	4096
15:14:54	1788182094	75889	190	4096
15:14:56	1788182096	76897	193	4096
15:14:59	1788182099	77899	195	4096
15:15:01	1788182101	78892	198	4096
15:15:04	1788182104	79942	200	4096
15:15:06	1788182106	80945	203	4096
15:15:09	1788182109	81950	205	4096
15:15:11	1788182111	82959	208	4096
15:15:14	1788182114	83982	210	4096
15:15:16	1788182116	84990	213	4096
15:15:19	1788182119	85996	215	4096
15:15:21	1788182121	87006	218	4096
15:15:24	1788182124	88015	220	4096
15:15:26	1788182126	89004	223	4096
15:15:29	1788182129	89995	225	4096
15:15:31	1788182131	90979	228	4096
15:15:34	1788182134	91961	230	4096
15:15:36	1788182136	92932	233	4096
15:15:39	1788182139	93918	235	4096
15:15:41	1788182141	94896	238	4096
15:15:44	1788182144	95874	240	4096
15:15:46	1788182146	96850	243	4096
15:15:49	1788182149	97839	245	4096
15:15:51	1788182151	98820	247	4096
15:15:53	1788182153	99803	250	4096
15:15:56	1788182156	100781	252	4096
15:15:58	1788182158	101788	255	4096
15:16:01	1788182161	102768	257	4096
15:16:03	1788182163	103758	260	4096
15:16:06	1788182166	104754	262	4096
15:16:08	1788182168	105763	265	4096
15:16:11	1788182171	106776	267	4096
15:16:13	1788182173	107780	270	4096
15:16:16	1788182176	108788	272	4096
15:16:19	1788182179	109800	275	4096
15:16:21	1788182181	110811	277	4096
15:16:24	1788182184	111810	280	4096
15:16:26	1788182186	112823	283	4096
15:16:29	1788182189	113839	285	4096
15:16:31	1788182191	114856	288	4096
15:16:34	1788182194	115910	290	4096
15:16:36	1788182196	116918	293	4096
15:16:39	1788182199	117930	295	4096
15:16:42	1788182202	118993	298	4096
15:16:44	1788182204	120021	301	4096
15:16:47	1788182207	121051	303	4096
15:16:49	1788182209	122067	306	4096
15:16:52	1788182212	123097	308	4096
15:16:55	1788182215	124124	311	4096
15:16:57	1788182217	125189	313	4096
15:17:00	1788182220	126215	316	4096
15:17:02	1788182222	127242	319	4096
15:17:05	1788182225	128268	321	4096
15:17:07	1788182227	129302	324	4096
15:17:10	1788182230	130338	326	4096
15:17:13	1788182233	131386	329	4096
15:17:15	1788182235	132481	332	4096
15:17:18	1788182238	133519	334	4096
15:17:21	1788182241	134580	337	4096
15:17:23	1788182243	135630	340	4096
15:17:26	1788182246	136666	342	4096
15:17:29	1788182249	137752	345	4096
15:17:31	1788182251	138801	348	4096
15:17:34	1788182254	139837	350	4096
15:17:36	1788182256	140880	353	4096
15:17:39	1788182259	141928	355	4096
15:17:42	1788182262	142969	358	4096
15:17:44	1788182264	144023	361	4096
15:17:47	1788182267	145085	363	4096
15:17:50	1788182270	146131	366	4096
15:17:52	1788182272	147172	368	4096
15:17:55	1788182275	148213	371	4096
15:17:57	1788182277	149268	374	4096
15:18:00	1788182280	150322	376	4096
15:18:03	1788182283	151371	379	4096
15:18:05	1788182285	152434	382	4096
15:18:08	1788182288	153491	384	4096
15:18:11	1788182291	154551	387	4096
15:18:13	1788182293	155655	390	4096
15:18:16	1788182296	156717	392	4096
15:18:19	1788182299	157774	395	4096
15:18:21	1788182301	158841	398	4096
15:18:24	1788182304	159901	400	4096
15:18:27	1788182307	161016	403	4096
15:18:30	1788182310	162086	406	4096
15:18:32	1788182312	163145	408	4096
15:18:35	1788182315	164205	411	4096
15:18:37	1788182317	165257	414	4096
15:18:40	1788182320	166327	416	4096
15:18:43	1788182323	167402	419	4096
15:18:46	1788182326	168496	422	4096
15:18:48	1788182328	169567	425	4096
15:18:51	1788182331	170649	427	4096
15:18:54	1788182334	171717	430	4096
15:18:56	1788182336	172797	433	4096
15:18:59	1788182339	173886	435	4096
15:19:02	1788182342	174959	438	4096
15:19:04	1788182344	176036	441	4096
15:19:07	1788182347	177100	443	4096
15:19:10	1788182350	178174	446	4096
15:19:12	1788182352	179250	449	4096
15:19:15	1788182355	180330	451	4096
15:19:18	1788182358	181403	454	4096
15:19:21	1788182361	182501	457	4096
15:19:23	1788182363	183599	460	4096
15:19:26	1788182366	184671	462	4096
15:19:29	1788182369	185747	465	4096
15:19:32	1788182372	186854	468	4096
15:19:34	1788182374	187948	470	4096
15:19:37	1788182377	189101	473	4096
15:19:40	1788182380	190198	476	4096
15:19:43	1788182383	191304	479	4096
15:19:46	1788182386	192423	482	4096
15:19:48	1788182388	193551	485	4096
15:19:51	1788182391	194676	487	4096
15:19:54	1788182394	195796	490	4096
15:19:57	1788182397	196905	493	4096
15:20:00	1788182400	198030	496	4096
15:20:03	1788182403	199216	499	4096
15:20:05	1788182405	200400	502	4096
15:20:08	1788182408	201496	504	4096
15:20:11	1788182411	202607	507	4096
15:20:14	1788182414	203705	510	4096
15:20:17	1788182417	204787	513	4096
15:20:19	1788182419	205889	515	4096
15:20:22	1788182422	207046	518	4096
15:20:25	1788182425	208153	521	4096
15:20:28	1788182428	209258	524	4096
15:20:30	1788182431	210372	527	4096
15:20:33	1788182433	211491	529	4096
15:20:36	1788182436	212613	532	4096
15:20:39	1788182439	213728	535	4097
15:20:42	1788182442	214838	538	4097
15:20:45	1788182445	215969	541	4097
15:20:47	1788182447	217097	544	4097
15:20:50	1788182450	218222	546	4097
15:20:53	1788182453	219343	549	4097
15:20:56	1788182456	220479	552	4098
15:20:59	1788182459	221602	555	4098
15:21:02	1788182462	222731	558	4098
15:21:04	1788182464	223873	560	4098
15:21:07	1788182467	225004	563	4098
15:21:10	1788182470	226150	566	4098
15:21:13	1788182473	227280	569	4098
15:21:16	1788182476	228422	572	4098
15:21:19	1788182479	229561	575	4098
15:21:21	1788182481	230684	577	4098
15:21:24	1788182484	231825	580	4098
15:21:27	1788182487	232989	583	4098
15:21:31	1788182491	234141	586	4098
15:21:34	1788182494	235484	590	4098
15:21:37	1788182497	236716	593	4099
15:21:40	1788182500	237879	596	4099
15:21:43	1788182503	239042	598	4099
15:21:46	1788182506	240303	602	4101
15:21:49	1788182509	241494	605	4103
15:21:51	1788182511	242658	607	4103
15:21:54	1788182514	243826	610	4103
15:21:57	1788182517	244982	613	4103
15:22:00	1788182520	246137	616	4103
15:22:03	1788182523	247296	619	4103
15:22:06	1788182526	248480	622	4104
15:22:09	1788182529	249637	625	4104
15:22:12	1788182532	250799	628	4105
15:22:15	1788182535	251961	631	4105
15:22:18	1788182538	253115	634	4107
15:22:21	1788182541	254281	637	4107
15:22:24	1788182544	255449	639	4108
15:22:26	1788182546	256639	642	4109
15:22:29	1788182549	257806	645	4110
15:22:32	1788182552	258973	648	4111
15:22:35	1788182555	260146	651	4113
15:22:38	1788182558	261312	654	4115
15:22:41	1788182561	262485	657	4116
15:22:44	1788182564	263661	660	4117
15:22:47	1788182567	264860	663	4120
15:22:50	1788182570	266062	666	4123
15:22:53	1788182573	267239	669	4126
15:22:56	1788182576	268429	672	4127
15:22:59	1788182579	269691	675	4130
15:23:02	1788182582	270876	678	4131
15:23:05	1788182585	272066	681	4133
15:23:08	1788182588	273242	684	4133
15:23:11	1788182591	274430	687	4138
15:23:14	1788182594	275609	690	4142
15:23:17	1788182597	276781	693	4147
15:23:20	1788182600	277964	696	4152
15:23:23	1788182603	279154	699	4155
15:23:26	1788182606	280345	702	4159
15:23:29	1788182609	281532	705	4167
15:23:32	1788182612	282727	708	4173
15:23:35	1788182615	283926	711	4175
15:23:38	1788182618	285128	714	4182
15:23:41	1788182621	286336	717	4186
15:23:44	1788182624	287639	720	4189
15:23:47	1788182627	288841	723	4194
15:23:50	1788182630	290052	726	4203
15:23:53	1788182633	291263	729	4210
15:23:56	1788182636	292470	732	4220
15:23:59	1788182639	293674	735	4230
15:24:02	1788182642	294879	738	4244
15:24:05	1788182645	296099	741	4254
15:24:09	1788182649	297315	744	4261
15:24:12	1788182652	298636	747	4268
15:24:15	1788182655	299860	751	4280
15:24:18	1788182658	301071	754	4290
15:24:21	1788182661	302294	757	4296
15:24:24	1788182664	303539	760	4306
15:24:27	1788182667	304754	763	4312
15:24:30	1788182670	305985	766	4329
15:24:33	1788182673	307215	769	4349
15:24:36	1788182676	308446	772	4359
15:24:39	1788182679	309676	775	4373
15:24:42	1788182682	310910	778	4386
15:24:46	1788182686	312161	781	4395
15:24:49	1788182689	313587	785	4416
15:24:52	1788182692	314847	788	4433
15:24:55	1788182695	316098	791	4447
15:24:59	1788182699	317358	794	4458
15:25:02	1788182702	318622	797	4481
15:25:05	1788182705	319886	801	4494
15:25:08	1788182708	321207	804	4511
15:25:11	1788182711	322503	807	4523
15:25:15	1788182715	323756	810	4541
15:25:18	1788182718	325004	813	4561
15:25:21	1788182721	326264	817	4584
15:25:24	1788182724	327532	820	4607
15:25:27	1788182727	328773	823	4626
15:25:30	1788182730	330021	826	4644
15:25:33	1788182733	331267	829	4663
15:25:37	1788182737	332536	832	4685
15:25:40	1788182740	333818	836	4701
15:25:43	1788182743	335091	839	4727
15:25:47	1788182747	336376	842	4760
15:25:50	1788182750	337795	845	4785
15:25:53	1788182753	339078	849	4812
15:25:56	1788182756	340381	852	4836
15:25:59	1788182759	341670	855	4865
15:26:03	1788182763	342963	858	4892
15:26:06	1788182766	344245	862	4919
15:26:09	1788182769	345522	865	4941
15:26:12	1788182772	346800	868	4974
15:26:16	1788182776	348102	871	4999
15:26:19	1788182779	349379	874	5023
15:26:22	1788182782	350665	878	5049
15:26:25	1788182785	351958	881	5076
15:26:28	1788182788	353242	884	5099
15:26:32	1788182792	354566	887	5136
15:26:35	1788182795	355891	891	5164
15:26:38	1788182798	357188	894	5194
15:26:42	1788182802	358494	897	5216
15:26:49	1788182809	357967	900	5247
15:26:56	1788182816	338439	856	5317
15:27:01	1788182821	327900	830	5382
15:27:07	1788182827	320439	817	5444
15:27:14	1788182834	314358	804	5506
15:27:21	1788182841	309729	792	5559
15:27:28	1788182848	303772	787	5620
15:27:35	1788182855	298664	777	5692
15:27:43	1788182863	293627	766	5754
15:27:50	1788182870	286103	751	5830
15:27:56	1788182876	278674	734	5904
15:28:03	1788182883	271861	719	5956
15:28:09	1788182889	265859	706	6013
15:28:15	1788182895	260934	694	6073
15:28:22	1788182902	256194	675	6141
15:28:28	1788182908	251496	664	6185
15:28:34	1788182914	247479	656	6235
15:28:40	1788182920	243643	645	6287
15:28:46	1788182926	238221	636	6356
15:28:53	1788182933	234274	627	6406
15:29:00	1788182940	230193	618	6462
15:29:07	1788182947	225132	607	6522
15:29:13	1788182953	221215	600	6575
15:29:20	1788182960	217044	590	6622
15:29:26	1788182966	213673	575	6681
15:29:32	1788182972	210658	568	6731
15:29:39	1788182979	206123	560	6779
15:29:45	1788182985	202608	549	6824
15:29:50	1788182990	199026	530	6872
15:29:57	1788182997	195641	522	6925
15:30:03	1788183003	191959	518	6968
15:30:09	1788183009	187498	506	7015
15:30:15	1788183015	184188	496	7061
15:30:22	1788183022	181650	486	7096
15:30:29	1788183029	179341	480	7135
15:30:36	1788183036	177226	477	7178
15:30:44	1788183044	175491	470	7217
15:30:53	1788183053	173508	466	7248
15:31:03	1788183063	172545	465	7279
15:31:12	1788183072	171792	466	7300
15:31:18	1788183078	170227	460	7313
15:31:24	1788183084	167732	454	7319
15:31:30	1788183090	165435	444	7306
15:31:36	1788183096	163445	439	7274
15:31:41	1788183101	160554	430	7245
15:31:47	1788183107	157387	429	7204
15:31:52	1788183112	154506	416	7148
15:31:58	1788183118	152276	416	7096
15:32:03	1788183123	149439	408	7018
15:32:09	1788183129	147855	408	6969
15:32:15	1788183135	144742	399	6877
15:32:22	1788183142	142883	393	6813
15:32:28	1788183148	141408	391	6764
15:32:34	1788183154	138937	385	6686
15:32:40	1788183160	137506	380	6621
15:32:46	1788183166	134909	376	6513
15:32:52	1788183172	133187	375	6432
15:32:58	1788183178	130944	369	6347
15:33:04	1788183184	129176	367	6269
15:33:10	1788183190	126844	361	6139
15:33:16	1788183196	124989	354	6068
15:33:22	1788183202	123142	352	5994
15:33:29	1788183209	121833	344	5919
15:33:35	1788183215	119547	338	5819
15:33:40	1788183220	118081	340	5748
15:33:46	1788183226	116153	339	5663
15:33:52	1788183232	114453	332	5577
15:33:58	1788183238	112358	331	5510
15:34:04	1788183244	110488	327	5436
15:34:10	1788183250	108519	325	5347
15:34:16	1788183256	106907	319	5267
15:34:23	1788183263	105193	317	5194
15:34:29	1788183269	103775	309	5116
15:34:34	1788183274	102440	308	5067
15:34:40	1788183280	100654	304	4993
15:34:46	1788183286	99521	297	4936
15:34:52	1788183292	98055	292	4874
15:34:58	1788183298	96661	291	4803
15:35:04	1788183304	95116	286	4756
15:35:10	1788183310	93509	281	4686
15:35:16	1788183316	91931	280	4633
15:35:23	1788183323	90366	276	4598
15:35:28	1788183328	89170	271	4563
15:35:34	1788183334	87393	265	4513
15:35:40	1788183340	86413	256	4478
15:35:47	1788183347	85346	256	4439
15:35:52	1788183352	84155	254	4404
15:35:58	1788183358	83162	252	4380
15:36:03	1788183363	81460	250	4342
15:36:09	1788183369	79238	247	4315
15:36:15	1788183375	77843	244	4291
15:36:21	1788183381	77109	241	4271
15:36:26	1788183386	75849	239	4255
15:36:32	1788183392	74689	240	4242
15:36:38	1788183398	73695	237	4229
15:36:43	1788183403	72363	237	4219
15:36:49	1788183410	70910	233	4207
15:36:55	1788183415	69921	230	4198
15:37:01	1788183421	68858	231	4189
15:37:07	1788183427	68048	221	4184
15:37:13	1788183433	66751	218	4180
15:37:19	1788183439	65714	215	4176
15:37:24	1788183444	64641	208	4170
15:37:30	1788183450	63145	205	4172
15:37:36	1788183456	62106	199	4162
15:37:41	1788183462	60826	198	4158
15:37:47	1788183467	60019	196	4157
15:37:53	1788183473	59184	190	4157
15:37:58	1788183478	58680	186	4156
15:38:04	1788183484	56909	187	4160
15:38:09	1788183489	55046	189	4160
15:38:15	1788183495	53836	173	4163
15:38:21	1788183501	52923	170	4162
15:38:27	1788183507	52104	171	4165
15:38:32	1788183512	50960	168	4170
15:38:38	1788183518	49980	165	4174
15:38:43	1788183523	48735	168	4178
15:38:49	1788183529	47852	168	4186
15:38:54	1788183534	47318	166	4188
15:39:00	1788183540	46246	162	4196
15:39:05	1788183545	45025	159	4206
15:39:10	1788183550	43486	155	4213
15:39:15	1788183555	42163	152	4227
15:39:21	1788183561	41625	146	4232
15:39:26	1788183566	40584	146	4238
15:39:31	1788183571	39585	144	4241
15:39:37	1788183577	38792	140	4244
15:39:42	1788183582	38043	136	4259
15:39:48	1788183588	37189	135	4256
15:39:54	1788183594	36705	130	4261
15:40:00	1788183600	35961	125	4262
15:40:05	1788183605	35419	128	4267
15:40:10	1788183610	34224	123	4269
15:40:15	1788183615	33453	125	4268
15:40:20	1788183620	32358	121	4252
15:40:25	1788183626	31726	121	4246
15:40:31	1788183631	31396	120	4255
15:40:36	1788183636	31080	116	4250
15:40:42	1788183642	30612	114	4247
15:40:47	1788183647	29729	113	4243
15:40:53	1788183653	29172	113	4241
15:40:58	1788183658	28618	113	4222
15:41:04	1788183664	27812	113	4211
15:41:10	1788183670	26930	112	4209
15:41:15	1788183675	25722	100	4212
15:41:21	1788183681	22394	85	3719
15:41:27	1788183687	19325	83	3681
15:41:32	1788183692	15908	80	3705
15:41:38	1788183698	11288	79	2780
15:41:43	1788183703	2904	48	1232
15:41:48	1788183708	2070	47	751
15:41:54	1788183714	2445	43	1057
15:41:59	1788183719	766	14	650
15:42:04	1788183724	3	0	3
15:42:09	1788183729	1	0	1
15:42:14	1788183734	2	0	2
15:42:17	1788183737	989	2	880
15:42:21	1788183741	2430	6	1846
15:42:24	1788183744	3781	9	2460
15:42:28	1788183748	5132	13	2945
15:42:31	1788183751	6476	16	3284
15:42:34	1788183754	7786	19	3514
15:42:37	1788183757	9076	23	3703
15:42:40	1788183760	10365	26	3849
15:42:44	1788183764	11617	29	3945
15:42:47	1788183767	12872	32	4029
15:42:50	1788183770	14233	36	4103
15:42:53	1788183773	15423	39	4137
15:42:56	1788183776	16611	42	4175
15:42:59	1788183779	17802	45	4206
15:43:02	1788183782	18981	48	4237
15:43:05	1788183785	20161	50	4273
15:43:08	1788183788	21332	53	4308
15:43:11	1788183791	22495	56	4335
15:43:14	1788183794	23658	59	4360
15:43:16	1788183796	24829	62	4377
15:43:19	1788183799	25994	65	4397
15:43:22	1788183802	27171	68	4412
15:43:25	1788183805	28353	71	4436
15:43:28	1788183808	29515	74	4452
15:43:31	1788183811	30694	77	4470
15:43:34	1788183814	31942	80	4489
15:43:37	1788183817	33113	83	4518
15:43:40	1788183820	34316	86	4536
15:43:43	1788183823	35527	89	4556
15:43:46	1788183826	36746	92	4582
15:43:49	1788183829	37972	95	4606
15:43:52	1788183833	39185	98	4627
15:43:56	1788183836	40413	101	4644
15:43:59	1788183839	41625	104	4664
15:44:02	1788183842	42842	107	4688
15:44:05	1788183845	44146	110	4715
15:44:08	1788183848	45344	113	4731
15:44:11	1788183851	46547	116	4744
15:44:14	1788183854	47756	120	4761
15:44:17	1788183857	48954	123	4780
15:44:20	1788183860	50162	126	4798
15:44:23	1788183863	51366	129	4818
15:44:26	1788183866	52597	132	4843
15:44:29	1788183869	53809	135	4862
15:44:32	1788183872	55031	138	4883
15:44:35	1788183875	56285	141	4902
15:44:39	1788183879	57509	144	4923
15:44:42	1788183882	58755	147	4939
15:44:45	1788183885	59993	150	4962
15:44:48	1788183888	61213	153	4985
15:44:51	1788183891	62434	156	5013
15:44:54	1788183894	63664	159	5040
15:44:57	1788183897	64884	162	5063
15:45:00	1788183900	66121	166	5083
15:45:03	1788183903	67343	169	5101
15:45:06	1788183906	68601	172	5125
15:45:09	1788183909	69824	175	5148
15:45:12	1788183912	71062	178	5159
15:45:16	1788183916	72319	181	5182
15:45:19	1788183919	73606	184	5205
15:45:22	1788183922	74914	188	5228
15:45:25	1788183925	76291	191	5257
15:45:29	1788183929	77543	194	5279
15:45:32	1788183932	78823	197	5300
15:45:36	1788183936	80090	200	5324
15:45:39	1788183939	81545	204	5342
15:45:42	1788183942	82979	208	5361
15:45:46	1788183946	84267	211	5392
15:45:49	1788183949	85543	214	5423
15:45:52	1788183952	86828	218	5446
15:45:55	1788183955	88119	221	5466
15:45:58	1788183958	89396	224	5492
15:46:02	1788183962	90676	227	5509
15:46:05	1788183965	91955	230	5531
15:46:08	1788183968	93229	234	5551
15:46:11	1788183971	94484	237	5577
15:46:14	1788183974	95742	240	5593
15:46:18	1788183978	96995	243	5616
15:46:21	1788183981	98387	246	5639
15:46:24	1788183984	99660	250	5663
15:46:27	1788183987	100925	253	5683
15:46:30	1788183990	102194	256	5711
15:46:34	1788183994	103466	259	5738
15:46:37	1788183997	104746	262	5767
15:46:40	1788184000	106030	266	5786
15:46:43	1788184003	107305	269	5815
15:46:47	1788184007	108622	272	5829
15:46:50	1788184010	109908	275	5851
15:46:53	1788184013	111207	279	5877
15:46:56	1788184016	112501	282	5899
15:47:00	1788184020	113799	285	5917
15:47:03	1788184023	115108	288	5935
15:47:06	1788184026	116407	292	5957
15:47:09	1788184029	117703	295	5977
15:47:13	1788184033	118993	298	5997
15:47:16	1788184036	120316	301	6014
15:47:19	1788184039	121618	305	6034
15:47:22	1788184042	122906	308	6053
15:47:26	1788184046	124230	311	6069
15:47:29	1788184049	125519	314	6085
15:47:32	1788184052	126823	318	6102
15:47:35	1788184055	128120	321	6120
15:47:39	1788184059	129428	324	6140
15:47:42	1788184062	130734	327	6159
15:47:45	1788184065	132052	331	6180
15:47:49	1788184069	133346	334	6202
15:47:52	1788184072	134656	337	6222
15:47:55	1788184075	135995	340	6250
15:47:58	1788184078	137307	344	6267
15:48:02	1788184082	138632	347	6284
15:48:05	1788184085	139972	350	6305
15:48:08	1788184088	141292	354	6318
15:48:12	1788184092	142620	357	6341
15:48:15	1788184095	143980	360	6355
15:48:18	1788184098	145305	364	6375
15:48:22	1788184102	146644	367	6394
15:48:25	1788184105	147957	370	6414
15:48:28	1788184108	149280	374	6428
15:48:32	1788184112	150608	377	6448
15:48:35	1788184115	151923	380	6470
15:48:38	1788184118	153240	384	6484
15:48:42	1788184122	154568	387	6502
15:48:45	1788184125	155895	390	6525
15:48:48	1788184128	157236	394	6544
15:48:52	1788184132	158584	397	6562
15:48:55	1788184135	159929	400	6575
15:48:58	1788184138	161273	404	6587
15:49:02	1788184142	162626	407	6595
15:49:05	1788184145	163985	411	6615
15:49:09	1788184149	165323	414	6627
15:49:12	1788184152	166678	417	6639
15:49:15	1788184155	168043	421	6654
15:49:19	1788184159	169372	424	6670
15:49:22	1788184162	170730	427	6684
15:49:26	1788184166	172208	431	6698
15:49:29	1788184169	173545	434	6709
15:49:33	1788184173	174906	438	6716
15:49:36	1788184176	176259	441	6734
15:49:39	1788184179	177609	445	6743
15:49:43	1788184183	178973	448	6759
15:49:46	1788184186	180377	452	6774
15:49:50	1788184190	181738	455	6783
15:49:53	1788184193	183111	458	6793
15:49:57	1788184197	184516	462	6805
15:50:00	1788184200	185925	465	6819
15:50:04	1788184204	187310	469	6831
15:50:07	1788184207	188724	472	6842
15:50:11	1788184211	190102	476	6850
15:50:14	1788184214	191470	479	6865
15:50:18	1788184218	192836	483	6872
15:50:21	1788184221	194212	486	6883
15:50:24	1788184224	195593	490	6887
15:50:28	1788184228	196956	493	6899
15:50:31	1788184231	198332	496	6911
15:50:35	1788184235	199699	500	6926
15:50:38	1788184238	201100	503	6944
15:50:42	1788184242	202480	507	6952
15:50:45	1788184245	203857	510	6960
15:50:49	1788184249	205232	514	6973
15:50:52	1788184252	206613	517	6987
15:50:56	1788184256	208148	521	6997
15:50:59	1788184259	209538	524	7011
15:51:03	1788184263	210917	528	7020
15:51:06	1788184266	212319	531	7032
15:51:10	1788184270	213711	535	7036
15:51:13	1788184273	215112	538	7041
15:51:17	1788184277	216535	542	7045
15:51:20	1788184280	217944	546	7055
15:51:24	1788184284	219360	549	7067
15:51:28	1788184288	220788	553	7077
15:51:31	1788184291	222198	556	7091
15:51:35	1788184295	223624	560	7102
15:51:38	1788184298	225037	563	7111
15:51:42	1788184302	226456	567	7118
15:51:45	1788184305	227868	570	7130
15:51:49	1788184309	229291	574	7141
15:51:52	1788184312	230715	577	7153
15:51:56	1788184316	232146	581	7159
15:52:00	1788184320	233727	585	7167
15:52:04	1788184324	235160	589	7175
15:52:07	1788184327	236654	592	7179
15:52:11	1788184331	238088	596	7188
15:52:14	1788184334	239526	599	7191
15:52:18	1788184338	240964	603	7197
15:52:22	1788184342	242422	607	7206
15:52:25	1788184345	243851	610	7212
15:52:29	1788184349	245269	614	7222
15:52:32	1788184352	246720	617	7227
15:52:36	1788184356	248177	621	7239
15:52:40	1788184360	249625	625	7244
15:52:43	1788184363	251053	628	7249
15:52:47	1788184367	252504	632	7255
15:52:51	1788184371	253965	636	7264
15:52:54	1788184374	255418	639	7271
15:52:58	1788184378	256906	643	7277
15:53:02	1788184382	258388	647	7285
15:53:05	1788184385	259880	650	7293
15:53:09	1788184389	261355	654	7301
15:53:13	1788184393	262851	658	7306
15:53:17	1788184397	264363	662	7311
15:53:20	1788184400	265835	665	7315
15:53:24	1788184404	267291	669	7319
15:53:28	1788184408	268760	673	7326
15:53:31	1788184411	270225	676	7331
15:53:35	1788184415	271666	680	7340
15:53:39	1788184419	273113	683	7346
15:53:42	1788184422	274571	687	7352
15:53:46	1788184426	276029	691	7360
15:53:50	1788184430	277480	694	7366
15:53:53	1788184433	278965	698	7374
15:53:57	1788184437	280472	702	7384
15:54:01	1788184441	281952	706	7390
15:54:04	1788184444	283428	709	7397
15:54:08	1788184448	284920	713	7406
15:54:12	1788184452	286417	717	7414
15:54:16	1788184456	287902	721	7425
15:54:19	1788184459	289378	724	7429
15:54:23	1788184463	290875	728	7433
15:54:27	1788184467	292384	732	7437
15:54:31	1788184471	293884	735	7446
15:54:34	1788184474	295386	739	7448
15:54:38	1788184478	296935	743	7456
15:54:42	1788184482	298480	747	7460
15:54:46	1788184486	299991	751	7468
15:54:50	1788184490	301503	755	7478
15:54:54	1788184494	303020	758	7482
15:54:57	1788184497	304557	762	7496
15:55:01	1788184501	306093	766	7506
15:55:05	1788184505	307627	770	7518
15:55:09	1788184509	309169	774	7525
15:55:13	1788184513	310708	778	7536
15:55:17	1788184517	312248	781	7545
15:55:20	1788184520	313782	785	7555
15:55:24	1788184524	315321	789	7559
15:55:28	1788184528	316874	793	7565
15:55:32	1788184532	318428	797	7575
15:55:36	1788184536	319982	801	7583
15:55:40	1788184540	321538	805	7595
15:55:44	1788184544	323065	808	7604
15:55:48	1788184548	324604	812	7609
15:55:51	1788184551	326139	816	7616
15:55:55	1788184555	327681	820	7631
15:55:59	1788184559	329261	824	7642
15:56:03	1788184563	330832	828	7647
15:56:07	1788184567	332417	832	7657
15:56:11	1788184571	334002	836	7666
15:56:15	1788184575	335566	840	7678
15:56:19	1788184579	337149	844	7688
15:56:23	1788184583	338697	848	7696
15:56:27	1788184587	340254	851	7707
15:56:31	1788184591	341817	855	7714
15:56:35	1788184595	343363	859	7722
15:56:39	1788184599	344938	863	7735
15:56:43	1788184603	346688	868	7750
15:56:47	1788184607	348247	871	7753
15:56:51	1788184611	349814	875	7770
15:56:55	1788184615	351352	879	7782
15:56:58	1788184618	352912	883	7791
15:57:02	1788184622	354477	887	7800
15:57:06	1788184626	356029	891	7813
15:57:11	1788184631	357587	895	7823
15:57:15	1788184635	359460	900	7837
15:57:19	1788184639	361071	904	7851
15:57:23	1788184643	362674	908	7867
15:57:27	1788184647	364303	912	7875
15:57:31	1788184651	365904	916	7894
15:57:35	1788184655	367490	920	7908
15:57:39	1788184659	369095	924	7922
15:57:43	1788184663	370688	928	7930
15:57:47	1788184667	372266	932	7941
15:57:51	1788184671	373852	936	7966
15:57:55	1788184675	375445	940	7979
15:57:59	1788184679	377040	944	7989
15:58:03	1788184683	378640	948	8005
15:58:07	1788184687	380242	952	8016
15:58:11	1788184691	381842	956	8029
15:58:15	1788184695	383435	960	8044
15:58:19	1788184699	385078	964	8064
15:58:23	1788184703	386694	968	8077
15:58:27	1788184707	388311	972	8091
15:58:31	1788184711	389931	976	8107
15:58:35	1788184715	391536	980	8122
15:58:39	1788184719	393111	984	8133
15:58:43	1788184723	394704	988	8150
15:58:47	1788184727	396311	992	8170
15:58:51	1788184731	397949	996	8189
15:58:55	1788184735	399559	1000	8204
15:58:59	1788184739	401187	1004	8217
15:59:04	1788184744	402827	1008	8230
15:59:08	1788184748	404732	1013	8253
15:59:12	1788184752	406364	1017	8274
15:59:16	1788184756	408037	1021	8289
15:59:21	1788184761	409651	1025	8309
15:59:25	1788184765	411291	1029	8327
15:59:29	1788184769	412932	1033	8345
15:59:33	1788184773	414578	1037	8356
15:59:38	1788184778	416265	1042	8372
15:59:42	1788184782	418123	1046	8399
15:59:46	1788184786	419760	1050	8416
15:59:50	1788184790	421402	1054	8432
15:59:54	1788184794	423035	1059	8456
15:59:58	1788184798	424710	1063	8476
16:00:02	1788184802	426378	1067	8506
16:00:07	1788184807	428024	1071	8519
16:00:11	1788184811	429671	1075	8541
16:00:15	1788184815	431345	1079	8555
16:00:19	1788184819	433013	1084	8583
16:00:23	1788184823	434691	1088	8605
16:00:27	1788184827	436354	1092	8632
16:00:32	1788184832	438019	1096	8649
16:00:36	1788184836	439687	1100	8671
16:00:40	1788184840	441348	1104	8691
16:00:44	1788184844	443039	1109	8709
16:00:48	1788184848	444721	1113	8731
16:00:53	1788184853	446406	1117	8756
16:00:57	1788184857	448172	1121	8778
16:01:02	1788184862	449935	1126	8807
16:01:06	1788184866	451700	1130	8842
16:01:10	1788184870	453472	1135	8873
16:01:15	1788184875	455225	1139	8894
16:01:19	1788184879	456989	1143	8920
16:01:24	1788184884	458745	1148	8943
16:01:28	1788184888	460488	1152	8964
16:01:32	1788184892	462243	1157	8991
16:01:37	1788184897	463988	1161	9022
16:01:41	1788184901	465731	1165	9048
16:01:47	1788184907	467869	1171	9090
16:01:51	1788184911	469812	1176	9121
16:01:56	1788184916	471583	1180	9140
16:02:01	1788184921	473434	1185	9167
16:02:05	1788184925	475310	1189	9191
16:02:10	1788184930	477082	1194	9225
16:02:14	1788184934	478854	1198	9252
16:02:18	1788184938	480631	1203	9288
16:02:23	1788184943	482396	1207	9313
16:02:27	1788184947	484161	1212	9331
16:02:32	1788184952	485928	1216	9356
16:02:36	1788184956	487700	1220	9383
16:02:41	1788184961	489488	1225	9402
16:02:45	1788184965	491262	1229	9437
16:02:50	1788184970	493071	1234	9474
16:02:54	1788184974	494883	1238	9498
16:02:59	1788184979	496710	1243	9525
16:03:03	1788184983	498540	1248	9552
16:03:08	1788184988	500341	1252	9581
16:03:12	1788184992	502136	1256	9602
16:03:17	1788184997	503925	1261	9630
16:03:21	1788185001	505727	1265	9651
16:03:26	1788185006	507582	1270	9677
16:03:30	1788185010	509363	1275	9702
16:03:35	1788185015	511132	1279	9722
16:03:39	1788185019	512954	1284	9743
16:03:44	1788185024	514761	1288	9764
16:03:49	1788185029	516595	1293	9793
16:03:53	1788185033	518426	1297	9815
16:03:58	1788185038	520295	1302	9845
16:04:03	1788185043	522175	1307	9870
16:04:07	1788185047	524027	1311	9900
16:04:12	1788185052	525858	1316	9924
16:04:17	1788185057	527734	1321	9946
16:04:21	1788185061	529589	1325	9967
16:04:26	1788185066	531452	1330	9996
16:04:30	1788185070	533313	1334	10040
16:04:35	1788185075	535166	1339	10068
16:04:40	1788185080	537003	1344	10096
16:04:44	1788185084	538856	1348	10113
16:04:49	1788185089	540703	1353	10130
16:04:54	1788185094	542573	1358	10161
16:04:58	1788185098	544416	1362	10182
16:05:03	1788185103	546281	1367	10209
16:05:08	1788185108	548136	1372	10229
16:05:12	1788185112	549976	1376	10247
16:05:17	1788185117	551836	1381	10267
16:05:22	1788185122	553720	1386	10292
16:05:27	1788185127	555572	1390	10312
16:05:32	1788185132	557741	1396	10335
16:05:36	1788185136	559654	1400	10355
16:05:42	1788185142	561516	1405	10375
16:05:46	1788185146	563667	1410	10392
16:05:52	1788185152	565533	1415	10412
16:05:57	1788185157	567703	1420	10440
16:06:02	1788185162	569644	1425	10467
16:06:06	1788185166	571578	1430	10486
16:06:11	1788185171	573507	1435	10506
16:06:16	1788185176	575393	1440	10526
16:06:21	1788185181	577293	1444	10544
16:06:25	1788185185	579184	1449	10563
16:06:30	1788185190	581075	1454	10584
16:06:35	1788185195	582982	1459	10614
16:06:40	1788185200	584870	1463	10635
16:06:44	1788185204	586766	1468	10662
16:06:49	1788185209	588683	1473	10681
16:06:54	1788185214	590600	1478	10706
16:06:59	1788185219	592516	1483	10727
16:07:04	1788185224	594545	1488	10747
16:07:09	1788185229	596497	1493	10770
16:07:14	1788185234	598414	1497	10781
16:07:19	1788185239	600634	1503	10797
16:07:24	1788185244	602564	1508	10807
16:07:29	1788185249	604497	1513	10823
16:07:33	1788185253	606403	1517	10844
16:07:38	1788185258	608314	1522	10863
16:07:43	1788185263	610246	1527	10885
16:07:48	1788185268	612185	1532	10903
16:07:54	1788185274	614125	1537	10923
16:07:59	1788185279	616389	1542	10949
16:08:04	1788185284	618375	1547	10961
16:08:09	1788185289	620369	1552	10980
16:08:14	1788185294	622372	1557	10992
16:08:19	1788185299	624375	1562	11008
16:08:24	1788185304	626361	1567	11022
16:08:29	1788185309	628370	1572	11038
16:08:34	1788185314	630403	1577	11056
16:08:39	1788185319	632384	1582	11079
16:08:44	1788185324	634404	1587	11098
16:08:49	1788185329	636429	1592	11122
16:08:54	1788185334	638406	1597	11133
16:08:59	1788185339	640381	1602	11143
16:09:04	1788185344	642372	1607	11155
16:09:09	1788185349	644356	1612	11173
16:09:14	1788185354	646371	1617	11179
16:09:19	1788185359	648428	1622	11192
16:09:24	1788185364	650529	1628	11202
16:09:29	1788185369	652564	1633	11222
16:09:34	1788185374	654613	1638	11234
16:09:39	1788185379	656665	1643	11253
16:09:45	1788185385	658674	1648	11270
16:09:50	1788185390	660704	1653	11283
16:09:55	1788185395	662704	1658	11290
16:10:00	1788185400	665060	1664	11305
16:10:06	1788185406	667090	1669	11313
16:10:11	1788185411	669108	1674	11333
16:10:16	1788185416	671207	1679	11344
16:10:21	1788185421	673278	1685	11359
16:10:26	1788185426	675344	1690	11374
16:10:31	1788185431	677360	1695	11388
16:10:36	1788185436	679377	1700	11402
16:10:41	1788185441	681389	1705	11424
16:10:47	1788185447	683464	1710	11435
16:10:53	1788185453	685528	1715	11452
16:10:58	1788185458	687971	1721	11467
16:11:04	1788185464	690091	1727	11478
16:11:10	1788185470	692614	1733	11499
16:11:15	1788185475	694705	1738	11510
16:11:20	1788185480	696786	1744	11526
16:11:25	1788185485	698867	1749	11541
16:11:31	1788185491	700959	1754	11552
16:11:36	1788185496	703097	1759	11566
16:11:41	1788185501	705233	1765	11586
16:11:47	1788185507	707362	1770	11592
16:11:52	1788185512	709444	1775	11613
16:11:57	1788185517	711533	1780	11624
16:12:02	1788185522	713644	1786	11638
16:12:08	1788185528	715771	1791	11655
16:12:13	1788185533	717842	1796	11671
16:12:23	1788185543	719966	1802	11684
16:12:34	1788185554	719336	1807	11643
16:12:48	1788185568	718853	1808	11610
16:13:01	1788185581	718335	1810	11574
16:13:15	1788185595	718572	1808	11532
16:13:25	1788185605	717405	1807	11465
16:13:35	1788185615	711859	1804	11375
16:13:44	1788185624	706192	1806	11283
16:13:53	1788185633	701396	1800	11198
16:14:02	1788185642	696841	1797	11133
16:14:11	1788185651	692083	1798	11050
16:14:20	1788185660	687431	1793	10969
16:14:29	1788185670	682382	1791	10866
16:14:40	1788185680	677751	1792	10787
16:14:51	1788185691	672850	1794	10719
16:15:00	1788185700	666764	1792	10607
16:15:08	1788185708	660860	1786	10494
16:15:17	1788185717	655686	1781	10406
16:15:26	1788185726	650664	1774	10326
16:15:35	1788185735	644709	1767	10223
16:15:44	1788185744	639185	1759	10122
16:15:53	1788185753	633468	1755	10031
16:16:01	1788185761	628288	1751	9932
16:16:11	1788185771	622925	1747	9852
16:16:19	1788185779	617465	1743	9783
16:16:28	1788185788	612334	1742	9696
16:16:37	1788185797	607268	1733	9618
16:16:46	1788185806	602038	1730	9549
16:16:54	1788185814	597205	1731	9484
16:17:03	1788185823	591283	1726	9430
16:17:13	1788185833	585898	1724	9362
16:17:21	1788185841	580651	1719	9309
16:17:30	1788185850	575589	1717	9263
16:17:39	1788185859	568948	1716	9204
16:17:48	1788185868	562085	1710	9135
16:17:56	1788185876	556323	1706	9078
16:18:05	1788185885	551152	1698	9047
16:18:14	1788185894	545189	1689	9000
16:18:22	1788185902	539462	1686	8950
16:18:31	1788185911	533085	1675	8894
16:18:39	1788185919	526641	1671	8852
16:18:47	1788185927	521265	1667	8824
16:18:55	1788185935	515529	1666	8786
16:19:04	1788185944	510679	1662	8761
16:19:12	1788185952	505057	1657	8742
16:19:20	1788185960	499146	1652	8709
16:19:28	1788185968	493883	1647	8684
16:19:36	1788185976	488257	1642	8659
16:19:45	1788185985	482154	1632	8630
16:19:53	1788185993	476664	1628	8602
16:20:01	1788186001	471154	1621	8573
16:20:09	1788186009	464806	1611	8548
16:20:18	1788186018	459270	1607	8524
16:20:25	1788186025	454189	1600	8497
16:20:33	1788186033	450122	1601	8478
16:20:40	1788186040	444695	1596	8457
16:20:48	1788186048	439660	1595	8422
16:20:55	1788186055	434683	1586	8387
16:21:03	1788186063	429444	1579	8364
16:21:10	1788186070	424617	1579	8334
16:21:18	1788186078	419514	1575	8306
16:21:25	1788186085	414629	1568	8280
16:21:33	1788186093	409623	1563	8248
16:21:40	1788186100	404631	1561	8220
16:21:48	1788186108	399023	1558	8180
16:21:58	1788186118	393691	1552	8134
16:22:05	1788186125	388428	1546	8098
16:22:13	1788186133	383320	1551	8068
16:22:20	1788186140	378158	1542	8029
16:22:28	1788186148	372671	1532	7974
16:22:35	1788186155	367611	1527	7927
16:22:42	1788186162	361967	1524	7866
16:22:49	1788186169	357174	1509	7824
16:22:57	1788186177	352493	1504	7777
16:23:06	1788186186	347612	1504	7730
16:23:13	1788186193	342692	1496	7677
16:23:20	1788186200	338467	1490	7639
16:23:27	1788186207	333440	1489	7569
16:23:34	1788186214	328221	1479	7517
16:23:41	1788186221	323224	1473	7455
16:23:48	1788186228	318585	1466	7400
16:23:55	1788186235	313851	1467	7335
16:24:01	1788186241	308784	1462	7268
16:24:08	1788186248	303566	1457	7195
16:24:15	1788186255	298246	1455	7133
16:24:21	1788186261	293815	1441	7065
16:24:27	1788186267	289928	1439	7001
16:24:34	1788186274	285313	1436	6947
16:24:41	1788186281	280350	1433	6871
16:24:48	1788186288	275294	1430	6788
16:24:55	1788186295	270946	1421	6715
16:25:02	1788186302	266551	1420	6651
16:25:09	1788186309	262584	1421	6578
16:25:16	1788186316	258164	1416	6504
16:25:22	1788186322	253573	1411	6442
16:25:29	1788186329	249325	1408	6389
16:25:35	1788186335	244748	1402	6328
16:25:42	1788186342	239841	1399	6277
16:25:48	1788186348	235198	1392	6215
16:25:55	1788186355	230816	1391	6152
16:26:02	1788186362	226458	1384	6101
16:26:09	1788186369	222176	1380	6043
16:26:15	1788186375	217569	1377	5976
16:26:21	1788186381	213054	1373	5907
16:26:28	1788186388	208520	1372	5836
16:26:34	1788186394	204233	1368	5783
16:26:40	1788186400	199950	1366	5740
16:26:46	1788186406	195221	1358	5687
16:26:52	1788186412	190531	1350	5625
16:26:58	1788186418	186050	1348	5570
16:27:04	1788186424	181965	1346	5516
16:27:11	1788186431	177718	1337	5474
16:27:18	1788186438	173638	1335	5419
16:27:24	1788186444	168933	1330	5370
16:27:30	1788186450	164474	1327	5333
16:27:36	1788186456	160449	1324	5296
16:27:42	1788186462	156118	1324	5253
16:27:49	1788186469	151985	1316	5209
16:27:55	1788186475	147863	1311	5169
16:28:01	1788186481	143862	1307	5130
16:28:08	1788186488	139563	1301	5090
16:28:14	1788186494	135215	1297	5044
16:28:20	1788186500	131141	1292	5011
16:28:28	1788186508	127044	1290	4971
16:28:34	1788186514	123084	1289	4940
16:28:40	1788186520	119057	1285	4913
16:28:46	1788186526	114984	1279	4872
16:28:51	1788186531	110684	1272	4836
16:28:57	1788186537	106912	1273	4807
16:29:03	1788186543	102308	1270	4775
16:29:09	1788186549	98150	1262	4748
16:29:15	1788186555	94271	1258	4722
16:29:21	1788186561	89964	1252	4688
16:29:27	1788186567	85703	1243	4653
16:29:32	1788186572	81617	1245	4619
16:29:38	1788186578	77048	1241	4591
16:29:43	1788186583	73311	1232	4563
16:29:48	1788186588	68956	1223	4534
16:29:53	1788186593	64594	1217	4503
16:29:59	1788186599	60548	1211	4468
16:30:04	1788186604	56777	1209	4436
16:30:09	1788186609	52555	1205	4377
16:30:14	1788186614	48406	1200	4270
16:30:19	1788186619	43740	1190	4018
16:30:24	1788186624	39707	1185	3823
16:30:29	1788186629	36512	1180	3781
16:30:34	1788186634	32916	1175	3694
16:30:39	1788186639	29411	1167	3526
16:30:44	1788186644	26562	1165	3233
16:30:51	1788186651	23422	1164	3207
16:30:56	1788186656	20206	1160	3158
16:31:01	1788186661	17719	1158	3084
16:31:06	1788186666	15354	1152	2977
16:31:10	1788186670	12826	1147	2750
16:31:15	1788186675	10777	1140	2470
16:31:19	1788186679	2101	1118	917
16:31:23	1788186683	472	1100	315
16:42:18	1788187338	0	0	0
16:42:21	1788187341	0	0	0
16:42:23	1788187343	5	0	5
16:42:26	1788187346	4	0	4
16:42:28	1788187348	2	0	2
16:42:30	1788187350	3	0	3
16:42:33	1788187353	1	0	1
16:42:35	1788187355	4	0	4
16:42:38	1788187358	1	0	1
16:42:40	1788187360	0	0	0
16:42:43	1788187363	5	0	5
16:42:45	1788187365	2	0	2
16:42:48	1788187368	1	0	1
16:42:50	1788187370	2	0	2
16:42:53	1788187373	5	0	5
16:42:55	1788187375	885	2	799
16:42:57	1788187377	1847	5	1513
16:43:00	1788187380	2755	7	2041
16:43:02	1788187382	3663	9	2457
16:43:04	1788187384	4566	11	2778
16:43:06	1788187386	5481	14	3052
16:43:09	1788187389	6417	16	3293
16:43:11	1788187391	7330	18	3447
16:43:13	1788187393	8250	21	3567
16:43:16	1788187396	9189	23	3664
16:43:18	1788187398	10062	25	3748
16:43:20	1788187401	11042	28	3826
16:43:23	1788187403	11995	30	3894
16:43:25	1788187405	12995	33	3945
16:43:28	1788187408	13973	35	3977
16:43:30	1788187410	14988	38	4001
16:43:34	1788187414	16064	40	4021
16:43:36	1788187416	17235	43	4041
16:43:39	1788187419	18239	46	4049
16:43:42	1788187422	19342	49	4059
16:43:44	1788187424	20364	51	4066
16:43:47	1788187427	21389	54	4077
16:43:49	1788187429	22399	56	4082
16:43:52	1788187432	23390	59	4087
16:43:54	1788187434	24363	61	4089
16:43:56	1788187436	25339	64	4090
16:43:59	1788187439	26309	66	4091
16:44:01	1788187441	27278	69	4093
16:44:04	1788187444	28263	71	4094
16:44:06	1788187446	29192	73	4094
16:44:09	1788187449	30135	76	4095
16:44:11	1788187451	31075	78	4095
16:44:13	1788187453	32014	80	4096
16:44:16	1788187456	32949	83	4096
16:44:18	1788187458	33899	85	4096
16:44:20	1788187460	34833	88	4096
16:44:23	1788187463	35762	90	4096
16:44:25	1788187465	36708	92	4096
16:44:27	1788187467	37654	95	4096
16:44:30	1788187470	38604	97	4096
16:44:32	1788187472	39534	99	4096
16:44:34	1788187474	40473	102	4096
16:44:37	1788187477	41431	104	4096
16:44:39	1788187479	42364	106	4096
16:44:42	1788187482	43309	109	4096
16:44:44	1788187484	44253	111	4096
16:44:46	1788187486	45195	113	4096
16:44:49	1788187489	46132	116	4096
16:44:51	1788187491	47083	118	4096
16:44:53	1788187493	48055	121	4096
16:44:56	1788187496	49001	123	4096
16:44:58	1788187498	49965	125	4096
16:45:01	1788187501	50931	128	4096
16:45:03	1788187503	51876	130	4096
16:45:05	1788187505	52832	133	4096
16:45:08	1788187508	53781	135	4096
16:45:10	1788187510	54741	137	4096
16:45:13	1788187513	55731	140	4096
16:45:15	1788187515	56697	142	4096
16:45:17	1788187517	57671	145	4096
16:45:20	1788187520	58685	147	4096
16:45:22	1788187522	59654	150	4096
16:45:25	1788187525	60619	152	4096
16:45:27	1788187527	61589	154	4096
16:45:30	1788187530	62566	157	4096
16:45:32	1788187532	63537	159	4096
16:45:35	1788187535	64503	162	4096
16:45:37	1788187537	65472	164	4096
16:45:39	1788187539	66436	167	4096
16:45:42	1788187542	67390	169	4096
16:45:44	1788187544	68343	171	4096
16:45:47	1788187547	69314	174	4096
16:45:49	1788187549	70284	176	4096
16:45:51	1788187551	71255	179	4096
16:45:54	1788187554	72254	181	4096
16:45:56	1788187556	73234	184	4096
16:45:59	1788187559	74215	186	4096
16:46:01	1788187561	75184	188	4096
16:46:04	1788187564	76165	191	4096
16:46:06	1788187566	77155	193	4096
16:46:09	1788187569	78147	196	4096
16:46:11	1788187571	79150	198	4096
16:46:14	1788187574	80144	201	4096
16:46:16	1788187576	81155	204	4096
16:46:19	1788187579	82156	206	4096
16:46:21	1788187581	83151	209	4096
16:46:24	1788187584	84134	211	4096
16:46:26	1788187586	85138	214	4096
16:46:29	1788187589	86129	216	4096
16:46:32	1788187592	87175	219	4096
16:46:34	1788187594	88216	221	4096
16:46:37	1788187597	89325	224	4096
16:46:40	1788187600	90381	227	4096
16:46:42	1788187602	91398	229	4096
16:46:45	1788187605	92479	232	4096
16:46:48	1788187608	93478	235	4096
16:46:50	1788187610	94509	237	4096
16:46:53	1788187613	95589	240	4096
16:46:55	1788187615	96616	242	4096
16:46:58	1788187618	97682	245	4096
16:47:01	1788187621	98698	248	4096
16:47:03	1788187623	99718	250	4096
16:47:06	1788187626	100843	253	4096
16:47:09	1788187629	101990	256	4096
16:47:11	1788187631	103043	259	4096
16:47:14	1788187634	104079	261	4096
16:47:17	1788187637	105092	264	4096
16:47:19	1788187639	106151	266	4096
16:47:22	1788187642	107193	269	4096
16:47:25	1788187645	108377	272	4096
16:47:28	1788187648	109392	274	4096
16:47:30	1788187650	110495	277	4096
16:47:33	1788187653	111570	280	4096
16:47:35	1788187655	112605	283	4096
16:47:38	1788187658	113631	285	4096
16:47:41	1788187661	113813	288	4096
16:48:09	1788187689	0	0	0
16:48:12	1788187692	5	0	5
16:48:14	1788187694	2	0	2
16:48:16	1788187696	3	0	3
16:48:19	1788187699	6	0	6
16:48:21	1788187701	1	0	1
16:48:24	1788187704	2	0	2
16:48:26	1788187706	1	0	1
16:48:28	1788187708	6	0	6
16:48:31	1788187711	2	0	2
16:48:33	1788187713	3	0	3
16:48:36	1788187716	1	0	1
16:48:38	1788187718	1	0	1
16:48:40	1788187721	1	0	1
16:48:43	1788187723	816	2	731
16:48:45	1788187725	1553	4	1286
16:48:47	1788187727	2475	7	1856
16:48:50	1788187730	3411	9	2305
16:48:52	1788187732	4342	11	2663
16:48:54	1788187734	5291	14	2949
16:48:57	1788187737	6248	16	3190
16:48:59	1788187739	7163	19	3382
16:49:02	1788187742	8130	21	3543
16:49:04	1788187744	9096	23	3664
16:49:07	1788187747	10069	26	3752
16:49:09	1788187749	11048	28	3814
16:49:12	1788187752	12162	31	3873
16:49:15	1788187755	13300	34	3928
16:49:17	1788187757	14296	37	3958
16:49:20	1788187760	15286	39	3995
16:49:22	1788187762	16253	41	4011
16:49:25	1788187765	17220	44	4029
16:49:27	1788187767	18192	46	4040
16:49:30	1788187770	19160	49	4057
16:49:32	1788187772	20104	51	4067
16:49:34	1788187774	21069	54	4074
16:49:37	1788187777	22017	56	4078
16:49:39	1788187779	22956	58	4083
16:49:41	1788187781	23895	61	4085
16:49:44	1788187784	24837	63	4086
16:49:46	1788187786	25784	65	4090
16:49:48	1788187788	26720	68	4092
16:49:51	1788187791	27651	70	4093
16:49:53	1788187793	28594	72	4093
16:49:55	1788187795	29532	75	4094
16:49:58	1788187798	30462	77	4095
16:50:00	1788187800	31401	79	4095
16:50:03	1788187803	32349	82	4095
16:50:05	1788187805	33292	84	4096
16:50:07	1788187807	34263	87	4096
16:50:10	1788187810	35221	89	4096
16:50:12	1788187812	36188	91	4096
16:50:15	1788187815	37137	94	4096
16:50:17	1788187817	38074	96	4096
16:50:19	1788187819	39041	99	4096
16:50:22	1788187822	40017	101	4096
16:50:24	1788187824	40984	103	4096
16:50:27	1788187827	41935	106	4096
16:50:29	1788187829	42917	108	4096
16:50:31	1788187831	43871	111	4096
16:50:34	1788187834	44835	113	4096
16:50:36	1788187836	45797	115	4096
16:50:39	1788187839	46781	118	4096
16:50:41	1788187841	47753	120	4096
16:50:44	1788187844	48708	123	4096
16:50:46	1788187846	49690	125	4096
16:50:48	1788187848	50646	128	4096
16:50:51	1788187851	51601	130	4096
16:50:53	1788187853	52582	132	4096
16:50:56	1788187856	53562	135	4096
16:50:58	1788187858	54519	137	4096
16:51:01	1788187861	55477	140	4096
16:51:03	1788187863	56438	142	4096
16:51:05	1788187865	57411	144	4096
16:51:08	1788187868	58383	147	4096
16:51:10	1788187870	59350	149	4096
16:51:13	1788187873	60358	152	4096
16:51:15	1788187875	61344	154	4096
16:51:18	1788187878	62324	157	4096
16:51:20	1788187880	63301	159	4096
16:51:23	1788187883	64284	162	4096
16:51:25	1788187885	65270	164	4096
16:51:28	1788187888	66256	167	4096
16:51:30	1788187890	67246	169	4096
16:51:33	1788187893	68232	172	4096
16:51:35	1788187895	69258	174	4096
16:51:38	1788187898	70260	177	4096
16:51:40	1788187900	71265	179	4096
16:51:43	1788187903	72251	182	4096
16:51:45	1788187905	73242	184	4096
16:51:48	1788187908	74229	187	4096
16:51:50	1788187910	75254	189	4096
16:51:53	1788187913	76269	192	4096
16:51:55	1788187915	77270	194	4096
16:51:58	1788187918	78272	197	4096
16:52:00	1788187920	79282	199	4096
16:52:03	1788187923	80291	202	4096
16:52:05	1788187925	81324	204	4096
16:52:08	1788187928	82412	207	4096
16:52:11	1788187931	83462	210	4096
16:52:13	1788187933	84508	212	4096
16:52:16	1788187936	85530	215	4096
16:52:19	1788187939	86596	218	4096
16:52:22	1788187942	87776	220	4096
16:52:25	1788187945	88901	223	4096
16:52:27	1788187947	90004	226	4096
16:52:30	1788187950	91023	229	4096
16:52:33	1788187953	92115	232	4096
16:52:35	1788187955	93170	234	4096
16:52:38	1788187958	94210	237	4096
16:52:41	1788187961	95269	240	4096
16:52:43	1788187963	96307	242	4096
16:52:46	1788187966	97345	245	4096
16:52:48	1788187968	98375	247	4096
16:52:51	1788187971	99415	250	4096
16:52:54	1788187974	100440	253	4096
16:52:56	1788187976	101490	255	4096
16:52:59	1788187979	102567	258	4096
16:53:02	1788187982	103605	260	4096
16:53:04	1788187984	104667	263	4096
16:53:07	1788187987	105708	266	4096
16:53:09	1788187989	106760	268	4096
16:53:12	1788187992	107814	271	4096
16:53:15	1788187995	108834	274	4096
16:53:17	1788187997	109853	276	4096
16:53:20	1788188000	110888	279	4096
16:53:22	1788188002	111910	281	4096
16:53:25	1788188005	112934	284	4096
16:53:28	1788188008	113973	286	4096
16:53:30	1788188010	115011	289	4096
16:53:33	1788188013	116072	292	4096
16:53:35	1788188015	117102	294	4096
16:53:38	1788188018	118137	297	4096
16:53:41	1788188021	119190	300	4096
16:53:43	1788188023	120324	302	4096
16:53:46	1788188026	121355	305	4096
16:53:49	1788188029	122397	308	4096
16:53:51	1788188031	123451	310	4096
16:53:54	1788188034	124561	313	4096
16:53:57	1788188037	125610	316	4096
16:53:59	1788188039	126646	318	4096
16:54:02	1788188042	127699	321	4096
16:54:05	1788188045	128754	323	4096
16:54:07	1788188047	129815	326	4096
16:54:10	1788188050	130899	329	4096
16:54:13	1788188053	131958	331	4096
16:54:15	1788188055	133057	334	4096
16:54:18	1788188058	134116	337	4096
16:54:21	1788188061	135243	340	4096
16:54:24	1788188064	136372	343	4096
16:54:26	1788188066	137443	345	4096
16:54:29	1788188069	138554	348	4096
16:54:32	1788188072	139625	351	4096
16:54:35	1788188075	140698	353	4096
16:54:37	1788188077	141787	356	4096
16:54:40	1788188080	142868	359	4096
16:54:43	1788188083	143956	362	4096
16:54:45	1788188085	145054	364	4096
16:54:48	1788188088	146135	367	4096
16:54:51	1788188091	147238	370	4096
16:54:54	1788188094	148326	372	4096
16:54:56	1788188096	149425	375	4096
16:54:59	1788188099	150510	378	4096
16:55:02	1788188102	151593	381	4096
16:55:05	1788188105	152692	383	4096
16:55:07	1788188107	153767	386	4096
16:55:10	1788188110	154873	389	4096
16:55:13	1788188113	155947	392	4096
16:55:15	1788188115	157042	394	4096
16:55:18	1788188118	158123	397	4096
16:55:21	1788188121	159181	400	4096
16:55:24	1788188124	160266	402	4096
16:55:26	1788188126	161362	405	4096
16:55:29	1788188129	162445	408	4096
16:55:32	1788188132	163566	411	4096
16:55:35	1788188135	164686	414	4096
16:55:38	1788188138	165798	416	4096
16:55:40	1788188140	166968	419	4096
16:55:43	1788188143	168091	422	4096
16:55:46	1788188146	169238	425	4096
16:55:50	1788188150	170541	428	4096
16:55:52	1788188152	171696	431	4096
16:55:55	1788188155	172796	434	4096
16:55:58	1788188158	173920	437	4096
16:56:01	1788188161	175086	440	4096
16:56:04	1788188164	176332	443	4096
16:56:07	1788188167	177488	446	4096
16:56:10	1788188170	178617	448	4096
16:56:12	1788188172	179718	451	4096
16:56:15	1788188175	180845	454	4096
16:56:18	1788188178	181972	457	4096
16:56:21	1788188181	183102	460	4096
16:56:24	1788188184	184233	462	4096
16:56:27	1788188187	185367	465	4096
16:56:30	1788188190	186510	468	4096
16:56:33	1788188193	187725	471	4096
16:56:35	1788188195	188878	474	4096
16:56:38	1788188198	190015	477	4096
16:56:41	1788188201	191163	480	4096
16:56:44	1788188204	192307	483	4096
16:56:47	1788188207	193488	486	4096
16:56:50	1788188210	194717	489	4096
16:56:53	1788188213	195857	492	4096
16:56:56	1788188216	196994	494	4096
16:56:59	1788188219	198121	497	4096
16:57:02	1788188222	199260	500	4096
16:57:04	1788188224	200437	503	4096
16:57:07	1788188227	201589	506	4096
16:57:10	1788188230	202752	509	4096
16:57:13	1788188233	203985	512	4096
16:57:16	1788188236	205126	515	4096
16:57:19	1788188239	206289	518	4096
16:57:22	1788188242	207447	521	4096
16:57:25	1788188245	208606	523	4096
16:57:28	1788188248	209749	526	4096
16:57:31	1788188251	210954	529	4096
16:57:34	1788188254	212133	532	4096
16:57:37	1788188257	213315	535	4096
16:57:40	1788188260	214493	538	4096
16:57:43	1788188263	215666	541	4096
16:57:46	1788188266	216856	544	4096
16:57:48	1788188268	218028	547	4096
16:57:52	1788188272	219200	550	4096
16:57:55	1788188275	220499	553	4096
16:57:58	1788188278	221677	556	4096
16:58:01	1788188281	222860	559	4096
16:58:03	1788188283	224035	562	4096
16:58:06	1788188286	225199	565	4096
16:58:09	1788188289	226374	568	4096
16:58:12	1788188292	227575	571	4096
16:58:16	1788188296	228779	574	4096
16:58:19	1788188299	230045	577	4096
16:58:22	1788188302	231245	580	4096
16:58:24	1788188304	232419	583	4096
16:58:27	1788188307	233590	586	4096
16:58:31	1788188311	234797	589	4096
16:58:34	1788188314	236086	592	4096
16:58:37	1788188317	237270	595	4097
16:58:40	1788188320	238469	598	4097
16:58:43	1788188323	239651	601	4097
16:58:46	1788188326	240877	604	4098
16:58:49	1788188329	242068	607	4099
16:58:52	1788188332	243313	610	4099
16:58:55	1788188335	244530	613	4100
16:58:58	1788188338	245742	616	4100
16:59:01	1788188341	247099	620	4100
16:59:04	1788188344	248307	623	4101
16:59:07	1788188347	249524	626	4101
16:59:10	1788188350	250726	629	4103
16:59:13	1788188353	251956	632	4103
16:59:16	1788188356	253165	635	4103
16:59:20	1788188360	254384	638	4105
16:59:23	1788188363	255618	641	4107
16:59:26	1788188366	256890	644	4107
16:59:29	1788188369	258150	647	4111
16:59:33	1788188373	259551	651	4111
16:59:36	1788188376	260895	654	4112
16:59:39	1788188379	262124	657	4113
16:59:42	1788188382	263356	660	4114
16:59:45	1788188385	264586	664	4116
16:59:48	1788188388	265824	667	4122
16:59:51	1788188391	267039	670	4125
16:59:54	1788188394	268287	673	4126
16:59:58	1788188398	269541	676	4129
17:00:01	1788188401	270769	679	4137
17:00:04	1788188404	271986	682	4140
17:00:07	1788188407	273230	685	4145
17:00:10	1788188410	274447	688	4148
17:00:13	1788188413	275676	691	4150
17:00:16	1788188416	276974	695	4156
17:00:19	1788188419	278195	698	4161
17:00:22	1788188422	279448	701	4165
17:00:26	1788188426	280745	704	4168
17:00:29	1788188429	282165	708	4170
17:00:33	1788188433	283448	711	4179
17:00:36	1788188436	284756	714	4186
17:00:39	1788188439	286069	717	4191
17:00:42	1788188442	287380	721	4196
17:00:46	1788188446	288717	724	4205
17:00:49	1788188449	289995	727	4211
17:00:52	1788188452	291333	731	4216
17:00:55	1788188455	292596	734	4223
17:00:59	1788188459	293909	737	4231
17:01:02	1788188462	295297	740	4241
17:01:05	1788188465	296567	744	4252
17:01:09	1788188469	297857	747	4267
17:01:12	1788188472	299291	750	4281
17:01:15	1788188475	300541	754	4295
17:01:18	1788188478	301794	757	4301
17:01:22	1788188482	303059	760	4312
17:01:25	1788188485	304343	763	4323
17:01:28	1788188488	305623	766	4336
17:01:31	1788188491	306939	770	4344
17:01:35	1788188495	308224	773	4354
17:01:38	1788188498	309641	776	4375
17:01:41	1788188501	310939	780	4385
17:01:45	1788188505	312238	783	4403
17:01:48	1788188508	313558	786	4418
17:01:51	1788188511	314868	789	4435
17:01:55	1788188515	316174	793	4465
17:01:58	1788188518	317522	796	4476
17:02:01	1788188521	318874	799	4500
17:02:04	1788188524	320178	803	4514
17:02:08	1788188528	321484	806	4528
17:02:11	1788188531	322818	809	4543
17:02:14	1788188534	324126	813	4564
17:02:18	1788188538	325468	816	4586
17:02:22	1788188542	326835	819	4608
17:02:25	1788188545	328317	823	4631
17:02:28	1788188548	329678	826	4650
17:02:32	1788188552	331041	830	4673
17:02:35	1788188555	332386	833	4697
17:02:38	1788188558	333720	837	4710
17:02:42	1788188562	335075	840	4734
17:02:45	1788188565	336413	843	4757
17:02:49	1788188569	337764	847	4781
17:02:52	1788188572	339159	850	4804
17:02:55	1788188575	340517	854	4830
17:02:59	1788188579	341887	857	4852
17:03:02	1788188582	343272	860	4882
17:03:06	1788188586	344608	864	4908
17:03:09	1788188589	345951	867	4937
17:03:13	1788188593	347343	871	4964
17:03:16	1788188596	348711	874	5000
17:03:19	1788188599	350083	877	5029
17:03:23	1788188603	351478	881	5063
17:03:26	1788188606	352885	884	5095
17:03:30	1788188610	354253	888	5125
17:03:33	1788188613	355630	891	5154
17:03:37	1788188617	357005	895	5183
17:03:40	1788188620	358364	898	5212
17:03:48	1788188628	355387	895	5241
17:03:55	1788188635	336522	854	5317
17:04:02	1788188642	328023	837	5379
17:04:10	1788188650	322529	818	5439
17:04:17	1788188657	318828	808	5506
17:04:25	1788188666	314028	802	5578
17:04:33	1788188673	309413	794	5654
17:04:43	1788188683	305294	787	5721
17:04:51	1788188691	298909	772	5786
17:04:58	1788188698	290897	759	5872
17:05:05	1788188705	284159	741	5938
17:05:13	1788188713	278722	727	6019
17:05:20	1788188720	274936	721	6094
17:05:27	1788188727	270318	709	6152
17:05:34	1788188734	266179	695	6203
17:05:41	1788188741	262300	685	6249
17:05:47	1788188747	257399	679	6317
17:05:54	1788188754	252794	667	6383
17:06:04	1788188764	248240	653	6468
17:06:11	1788188771	245453	645	6550
17:06:17	1788188777	240731	636	6606
17:06:24	1788188784	237072	631	6649
17:06:31	1788188791	232757	619	6705
17:06:37	1788188797	228691	604	6766
17:06:44	1788188804	224590	601	6824
17:06:52	1788188812	220771	591	6900
17:07:00	1788188820	217879	580	6955
17:07:07	1788188827	215210	575	7027
17:07:14	1788188834	211449	567	7085
17:07:21	1788188841	208495	561	7134
17:07:29	1788188849	204805	555	7186
17:07:36	1788188856	201910	551	7239
17:07:42	1788188862	198222	540	7279
17:07:49	1788188869	195448	531	7317
17:07:55	1788188875	192519	524	7355
17:08:03	1788188883	190352	517	7380
17:08:09	1788188889	188315	511	7405
17:08:16	1788188896	184829	506	7427
17:08:23	1788188903	181685	499	7442
17:08:31	1788188911	179011	493	7453
17:08:38	1788188918	177212	488	7457
17:08:46	1788188926	174134	483	7433
17:08:53	1788188933	172123	474	7414
17:09:01	1788188941	169746	466	7372
17:09:09	1788188949	167472	463	7324
17:09:16	1788188956	165416	458	7289
17:09:23	1788188963	162854	457	7226
17:09:30	1788188970	160986	454	7167
17:09:39	1788188979	158690	444	7094
17:09:45	1788188985	157371	445	7042
17:09:51	1788188991	155097	437	6970
17:09:58	1788188998	152320	436	6872
17:10:05	1788189005	149684	427	6771
17:10:12	1788189012	148479	423	6692
17:10:19	1788189019	147246	423	6615
17:10:26	1788189026	145169	414	6526
17:10:33	1788189033	143533	411	6435
17:10:40	1788189040	141977	404	6364
17:10:46	1788189046	140709	400	6272
17:10:53	1788189053	138837	397	6159
17:11:00	1788189060	136685	391	6051
17:11:07	1788189067	135048	390	5962
17:11:14	1788189074	133004	388	5863
17:11:20	1788189080	131415	384	5778
17:11:26	1788189086	129196	379	5674
17:11:33	1788189093	126910	374	5603
17:11:39	1788189099	125163	365	5514
17:11:46	1788189106	123020	361	5405
17:11:54	1788189114	122316	355	5338
17:12:01	1788189121	121634	354	5279
17:12:07	1788189127	119761	349	5180
17:12:14	1788189134	117569	344	5094
17:12:20	1788189140	116091	338	5013
17:12:27	1788189147	114963	334	4952
17:12:34	1788189154	113665	335	4873
17:12:40	1788189160	111466	331	4800
17:12:47	1788189167	110254	329	4740
17:12:54	1788189174	109117	321	4699
17:13:04	1788189184	107771	324	4646
17:13:10	1788189190	106534	322	4593
17:13:17	1788189197	104382	321	4546
17:13:23	1788189203	101757	316	4498
17:13:30	1788189210	100685	306	4453
17:13:35	1788189215	99173	306	4420
17:13:41	1788189221	97081	303	4377
17:13:46	1788189226	95335	303	4352
17:13:52	1788189232	94227	291	4333
17:13:58	1788189238	92992	284	4309
17:14:04	1788189245	91835	283	4294
17:14:11	1788189251	90106	280	4272
17:14:17	1788189257	89197	275	4259
17:14:23	1788189263	87441	270	4249
17:14:29	1788189269	86599	268	4240
17:14:35	1788189275	84937	267	4223
17:14:41	1788189281	83662	258	4216
17:14:49	1788189289	82557	256	4202
17:14:56	1788189296	81520	255	4201
17:15:03	1788189303	81005	253	4200
17:15:09	1788189309	80501	246	4199
17:15:15	1788189315	79734	244	4197
17:15:21	1788189321	78838	242	4193
17:15:29	1788189329	77635	241	4195
17:15:34	1788189334	77365	243	4198
17:15:40	1788189340	75867	241	4200
17:15:46	1788189346	74742	237	4202
17:15:52	1788189352	73693	233	4211
17:16:00	1788189360	73045	228	4216
17:16:06	1788189366	72054	227	4225
17:16:12	1788189372	70868	226	4238
17:16:18	1788189378	69971	222	4244
17:16:25	1788189385	69541	222	4255
17:16:31	1788189391	68164	220	4256
17:16:37	1788189397	67456	216	4261
17:16:43	1788189403	66641	215	4266
17:16:49	1788189409	65462	211	4277
17:16:54	1788189414	64189	210	4288
17:17:01	1788189421	62889	207	4295
17:17:07	1788189427	62272	203	4306
17:17:13	1788189433	61357	199	4305
17:17:18	1788189438	60518	196	4310
17:17:26	1788189446	59907	195	4324
17:17:31	1788189451	59630	196	4343
17:17:37	1788189457	59449	195	4356
17:17:43	1788189463	58716	194	4362
17:17:49	1788189470	58089	189	4368
17:17:56	1788189476	57189	185	4375
17:18:02	1788189482	56918	183	4397
17:18:08	1788189488	56287	181	4404
17:18:14	1788189494	55761	182	4412
17:18:20	1788189500	55407	177	4417
17:18:26	1788189506	54698	176	4425
17:18:32	1788189512	54315	171	4438
17:18:39	1788189519	53850	172	4439
17:18:45	1788189525	54002	176	4448
17:18:51	1788189531	53496	171	4457
17:18:57	1788189537	52574	170	4473
17:19:04	1788189544	51756	169	4491
17:19:10	1788189550	51724	167	4501
17:19:17	1788189557	51638	167	4527
17:19:23	1788189563	51980	169	4543
17:19:29	1788189569	51862	170	4558
17:19:35	1788189575	51438	169	4566
17:19:41	1788189581	50931	171	4585
17:19:47	1788189587	50232	168	4590
17:19:55	1788189595	50402	169	4617
17:20:00	1788189600	50226	169	4630
17:20:06	1788189606	49911	165	4649
17:20:13	1788189613	49251	166	4648
17:20:19	1788189619	49163	166	4657
17:20:28	1788189628	49735	166	4698
17:20:35	1788189635	50256	166	4726
17:20:42	1788189642	50370	167	4735
17:20:47	1788189647	48867	168	4738
17:20:52	1788189652	46152	166	4711
17:20:57	1788189657	43184	163	4671
17:21:02	1788189662	39638	157	4628
17:21:07	1788189667	36495	154	4590
17:21:11	1788189671	33036	153	4546
17:21:16	1788189676	29316	146	4487
17:21:21	1788189681	26500	144	4422
17:21:26	1788189686	23196	139	4328
17:21:31	1788189691	20669	138	4205
17:21:36	1788189696	18328	131	4072
17:21:41	1788189701	16331	131	3800
17:21:45	1788189705	14463	130	3588
17:21:50	1788189710	12271	133	3381
17:21:54	1788189714	9839	129	3027
17:21:59	1788189719	7465	126	2521
17:22:03	1788189723	1034	97	653
20:12:28	1788199948	0	0	0
20:12:31	1788199951	1	0	1
20:12:33	1788199953	1	0	1
20:12:36	1788199956	1	0	1
20:12:38	1788199958	2	0	2
20:12:41	1788199961	0	0	0
20:12:43	1788199963	5	0	5
20:12:46	1788199966	1	0	1
20:12:48	1788199968	1	0	1
20:12:51	1788199971	2	0	2
20:12:54	1788199974	2	0	2
20:12:56	1788199976	0	0	0
20:12:59	1788199979	2	0	2
20:13:01	1788199981	791	2	723
20:13:04	1788199984	1730	4	1410
20:13:06	1788199986	2660	7	1971
20:13:08	1788199988	3551	9	2374
20:13:11	1788199991	4459	11	2735
20:13:13	1788199993	5387	13	3010
20:13:15	1788199995	6153	16	3212
20:13:18	1788199998	7105	18	3403
20:13:20	1788200000	7995	20	3535
20:13:22	1788200002	8915	23	3638
20:13:24	1788200004	9799	25	3718
20:13:27	1788200007	10714	27	3783
20:13:29	1788200009	11688	30	3845
20:13:31	1788200011	12615	32	3894
20:13:34	1788200014	13554	34	3929
20:13:36	1788200016	14470	37	3958
20:13:39	1788200019	15346	39	3988
20:13:41	1788200021	16308	41	4013
20:13:44	1788200024	17286	44	4030
20:13:46	1788200026	18272	46	4041
20:13:48	1788200028	19234	49	4054
20:13:51	1788200031	20212	51	4069
20:13:53	1788200033	21186	54	4073
20:13:56	1788200036	22187	56	4080
20:13:58	1788200038	23209	59	4085
20:14:01	1788200041	24270	61	4088
20:14:04	1788200044	25383	64	4088
20:14:07	1788200047	26464	67	4090
20:14:09	1788200049	27601	70	4092
20:14:12	1788200052	28689	72	4092
20:14:15	1788200055	29770	75	4092
20:14:17	1788200057	30815	78	4093
20:14:20	1788200060	31808	80	4094
20:14:22	1788200062	32782	83	4094
20:14:25	1788200065	33758	85	4095
20:14:27	1788200067	34718	88	4095
20:14:29	1788200069	35668	90	4096
20:14:32	1788200072	36628	92	4096
20:14:34	1788200074	37599	95	4096
20:14:37	1788200077	38559	97	4096
20:14:39	1788200079	39514	100	4096
20:14:41	1788200081	40434	102	4096
20:14:44	1788200084	41384	104	4096
20:14:46	1788200086	42330	107	4096
20:14:49	1788200089	43278	109	4096
20:14:51	1788200091	44214	111	4096
20:14:53	1788200093	45144	114	4096
20:14:56	1788200096	46096	116	4096
20:14:58	1788200098	47031	118	4096
20:15:00	1788200100	47985	121	4096
20:15:03	1788200103	48931	123	4096
20:15:05	1788200105	49877	126	4096
20:15:08	1788200108	50860	128	4096
20:15:10	1788200110	51821	130	4096
20:15:12	1788200112	52782	133	4096
20:15:15	1788200115	53748	135	4096
20:15:17	1788200117	54732	138	4096
20:15:20	1788200120	55744	140	4096
20:15:22	1788200122	56738	143	4096
20:15:25	1788200125	57722	145	4096
20:15:27	1788200127	58694	148	4096
20:15:30	1788200130	59679	150	4096
20:15:32	1788200132	60660	153	4096
20:15:35	1788200135	61642	155	4096
20:15:37	1788200137	62630	158	4096
20:15:40	1788200140	63628	160	4096
20:15:42	1788200142	64620	163	4096
20:15:45	1788200145	65602	165	4096
20:15:47	1788200147	66580	167	4096
20:15:50	1788200150	67552	170	4096
20:15:52	1788200152	68556	172	4096
20:15:54	1788200154	69534	175	4096
20:15:57	1788200157	70544	177	4096
20:15:59	1788200159	71522	180	4096
20:16:02	1788200162	72498	182	4096
20:16:04	1788200164	73476	185	4096
20:16:07	1788200167	74434	187	4096
20:16:09	1788200169	75469	190	4096
20:16:12	1788200172	76469	192	4096
20:16:14	1788200174	77455	195	4096
20:16:17	1788200177	78432	197	4096
20:16:19	1788200179	79426	200	4096
20:16:22	1788200182	80416	202	4096
20:16:24	1788200184	81420	205	4096
20:16:27	1788200187	82408	207	4096
20:16:29	1788200189	83445	210	4096
20:16:32	1788200192	84471	212	4096
20:16:35	1788200195	85520	215	4096
20:16:37	1788200197	86580	217	4096
20:16:40	1788200200	87631	220	4096
20:16:43	1788200203	88713	223	4096
20:16:45	1788200205	89811	226	4096
20:16:48	1788200208	90871	228	4096
20:16:51	1788200211	91923	231	4096
20:16:53	1788200213	92989	234	4096
20:16:56	1788200216	94030	236	4096
20:16:58	1788200218	95062	239	4096
20:17:01	1788200221	96082	241	4096
20:17:04	1788200224	97113	244	4096
20:17:06	1788200226	98158	246	4096
20:17:09	1788200229	99163	249	4096
20:17:11	1788200231	100196	252	4096
20:17:14	1788200234	101227	254	4096
20:17:17	1788200237	102283	257	4096
20:17:20	1788200240	103423	260	4096
20:17:23	1788200243	104659	263	4096
20:17:26	1788200246	105837	266	4096
20:17:30	1788200250	107162	269	4096
20:17:33	1788200253	108497	273	4096
20:17:35	1788200255	109614	276	4096
20:17:38	1788200258	110708	278	4096
20:17:41	1788200261	111792	281	4096
20:17:45	1788200265	113142	284	4096
20:17:47	1788200267	114406	288	4096
20:17:51	1788200271	115541	290	4096
20:17:54	1788200274	116859	294	4096
20:17:57	1788200277	118132	297	4096
20:18:00	1788200280	119311	300	4096
20:18:03	1788200283	120554	303	4096
20:18:06	1788200286	121710	306	4096
20:18:09	1788200289	122867	309	4096
20:18:12	1788200292	123990	312	4096
20:18:14	1788200294	125117	314	4096
20:18:17	1788200297	126198	317	4096
20:18:20	1788200300	127310	320	4096
20:18:23	1788200303	128469	323	4096
20:18:25	1788200305	129552	326	4096
20:18:28	1788200308	130620	328	4096
20:18:31	1788200311	131747	331	4096
20:18:33	1788200313	132801	334	4096
20:18:36	1788200316	133861	336	4096
20:18:39	1788200319	134952	339	4096
20:18:42	1788200322	136068	342	4096
20:18:44	1788200324	137177	345	4096
20:18:47	1788200327	138245	347	4096
20:18:50	1788200330	139328	350	4096
20:18:53	1788200333	140450	353	4096
20:18:56	1788200336	141546	356	4096
20:18:58	1788200338	142651	358	4096
20:19:01	1788200341	143757	361	4096
20:19:04	1788200344	144886	364	4096
20:19:07	1788200347	146041	367	4096
20:19:10	1788200350	147184	370	4096
20:19:13	1788200353	148425	373	4096
20:19:16	1788200356	149644	376	4096
20:19:19	1788200359	150775	379	4096
20:19:21	1788200361	151904	382	4096
20:19:24	1788200364	153031	384	4096
20:19:27	1788200367	154208	387	4096
20:19:30	1788200370	155273	390	4096
20:19:33	1788200373	156413	393	4096
20:19:35	1788200375	157489	396	4096
20:19:38	1788200378	158573	398	4096
20:19:41	1788200381	159644	401	4096
20:19:44	1788200384	160722	404	4096
20:19:46	1788200386	161814	406	4096
20:19:49	1788200389	162897	409	4096
20:19:52	1788200392	163975	412	4096
20:19:54	1788200394	165070	415	4096
20:19:57	1788200397	166146	417	4096
20:20:00	1788200400	167235	420	4096
20:20:03	1788200403	168348	423	4096
20:20:05	1788200405	169429	425	4096
20:20:08	1788200408	170496	428	4096
20:20:11	1788200411	171584	431	4096
20:20:14	1788200414	172681	434	4096
20:20:17	1788200417	173796	436	4096
20:20:19	1788200419	174974	439	4096
20:20:23	1788200423	176164	442	4096
20:20:25	1788200425	177362	445	4096
20:20:28	1788200428	178538	448	4096
20:20:31	1788200431	179715	451	4096
20:20:35	1788200435	180892	454	4096
20:20:39	1788200439	182269	458	4096
20:20:42	1788200442	183803	462	4096
20:20:45	1788200445	184998	465	4096
20:20:48	1788200448	186228	468	4096
20:20:51	1788200451	187393	471	4096
20:20:53	1788200453	188546	473	4096
20:20:56	1788200456	189699	476	4096
20:20:59	1788200459	190833	479	4096
20:21:02	1788200462	191955	482	4096
20:21:05	1788200465	193083	485	4096
20:21:08	1788200468	194190	488	4096
20:21:11	1788200471	195369	491	4096
20:21:13	1788200473	196557	493	4096
20:21:16	1788200476	197701	496	4096
20:21:20	1788200480	198863	499	4096
20:21:23	1788200483	200129	503	4096
20:21:26	1788200486	201250	505	4096
20:21:28	1788200488	202449	508	4096
20:21:31	1788200491	203606	511	4096
20:21:34	1788200494	204791	514	4096
20:21:38	1788200498	206043	517	4096
20:21:41	1788200501	207148	520	4096
20:21:44	1788200504	208368	524	4096
20:21:47	1788200507	209591	527	4096
20:21:50	1788200510	210828	530	4096
20:21:53	1788200513	212033	533	4096
20:21:56	1788200516	213219	536	4096
20:21:59	1788200519	214396	539	4096
20:22:02	1788200522	215564	542	4096
20:22:04	1788200524	216726	544	4096
20:22:07	1788200527	217885	547	4096
20:22:10	1788200530	219037	550	4096
20:22:13	1788200533	220172	553	4096
20:22:16	1788200536	221376	556	4096
20:22:19	1788200539	222622	559	4096
20:22:22	1788200542	223846	562	4096
20:22:25	1788200545	225011	565	4096
20:22:28	1788200548	226159	568	4096
20:22:31	1788200551	227313	571	4096
20:22:34	1788200554	228466	574	4096
20:22:37	1788200557	229651	577	4096
20:22:40	1788200560	230908	580	4096
20:22:43	1788200563	232186	583	4097
20:22:46	1788200566	233391	586	4097
20:22:50	1788200570	234644	589	4098
20:22:53	1788200573	235916	593	4098
20:22:56	1788200576	237178	596	4098
20:22:59	1788200579	238463	599	4098
20:23:03	1788200583	239807	602	4098
20:23:06	1788200586	241176	606	4098
20:23:10	1788200590	242567	609	4098
20:23:13	1788200593	243957	613	4098
20:23:16	1788200596	245297	616	4098
20:23:19	1788200599	246571	619	4098
20:23:23	1788200603	247837	622	4099
20:23:26	1788200606	249075	625	4100
20:23:29	1788200609	250361	629	4100
20:23:32	1788200612	251632	632	4101
20:23:36	1788200616	252914	635	4102
20:23:39	1788200619	254175	638	4102
20:23:42	1788200622	255406	641	4102
20:23:45	1788200625	256676	645	4104
20:23:48	1788200628	257913	648	4104
20:23:51	1788200631	259136	651	4106
20:23:54	1788200634	260352	654	4109
20:23:57	1788200637	261592	657	4110
20:24:00	1788200640	262818	660	4114
20:24:03	1788200643	264047	663	4118
20:24:06	1788200646	265290	666	4119
20:24:10	1788200650	266541	669	4122
20:24:13	1788200654	268001	673	4124
20:24:17	1788200657	269385	676	4130
20:24:20	1788200660	270741	680	4133
20:24:24	1788200664	272070	683	4136
20:24:27	1788200667	273383	686	4138
20:24:30	1788200670	274682	690	4142
20:24:33	1788200673	275951	693	4147
20:24:37	1788200677	277340	696	4150
20:24:40	1788200680	278559	699	4151
20:24:43	1788200683	279787	703	4161
20:24:46	1788200686	281037	706	4166
20:24:49	1788200689	282322	709	4172
20:24:52	1788200692	283581	712	4177
20:24:55	1788200695	284825	715	4184
20:24:58	1788200698	286050	718	4187
20:25:02	1788200702	287294	721	4193
20:25:05	1788200705	288559	724	4195
20:25:08	1788200708	289848	728	4203
20:25:11	1788200711	291114	731	4210
20:25:14	1788200714	292374	734	4214
20:25:18	1788200718	293661	737	4224
20:25:21	1788200721	294995	741	4231
20:25:24	1788200724	296261	744	4240
20:25:28	1788200728	297587	747	4249
20:25:31	1788200731	298944	751	4261
20:25:34	1788200734	300260	754	4273
20:25:38	1788200738	301607	757	4285
20:25:41	1788200741	302969	761	4296
20:25:44	1788200744	304285	764	4312
20:25:48	1788200748	305626	767	4323
20:25:51	1788200751	306956	771	4332
20:25:54	1788200754	308230	774	4348
20:25:57	1788200757	309509	777	4358
20:26:00	1788200760	310779	780	4367
20:26:04	1788200764	312040	783	4382
20:26:07	1788200767	313443	787	4404
20:26:10	1788200770	314727	790	4425
20:26:14	1788200774	315992	793	4441
20:26:17	1788200777	317265	796	4464
20:26:20	1788200780	318561	800	4477
20:26:23	1788200783	319859	803	4493
20:26:26	1788200786	321128	806	4513
20:26:30	1788200790	322407	809	4526
20:26:33	1788200793	323711	813	4546
20:26:36	1788200796	325005	816	4562
20:26:40	1788200800	326308	819	4582
20:26:43	1788200803	327696	823	4604
20:26:47	1788200807	329084	826	4630
20:26:50	1788200810	330476	829	4655
20:26:54	1788200814	331939	833	4690
20:26:57	1788200817	333331	837	4711
20:27:01	1788200821	334728	840	4729
20:27:04	1788200824	336102	844	4753
20:27:07	1788200827	337432	847	4776
20:27:11	1788200831	338771	850	4806
20:27:15	1788200835	340246	854	4838
20:27:18	1788200838	341626	857	4865
20:27:21	1788200841	342927	861	4890
20:27:24	1788200844	344258	864	4914
20:27:28	1788200848	345572	867	4932
20:27:31	1788200851	346890	871	4963
20:27:34	1788200854	348197	874	4989
20:27:38	1788200858	349511	877	5022
20:27:41	1788200861	350829	880	5044
20:27:44	1788200864	352139	884	5072
20:27:48	1788200868	353456	887	5094
20:27:51	1788200871	354823	890	5119
20:27:55	1788200875	356209	894	5151
20:27:58	1788200878	357627	897	5179
20:28:06	1788200886	354281	901	5210
20:28:13	1788200893	334581	879	5289
20:28:20	1788200900	326831	840	5343
20:28:27	1788200907	322009	823	5408
20:28:34	1788200914	316376	808	5473
20:28:41	1788200921	311884	795	5537
20:28:48	1788200928	307227	782	5590
20:28:59	1788200939	302460	775	5663
20:29:07	1788200947	298173	762	5735
20:29:15	1788200955	292332	748	5815
20:29:23	1788200963	287697	738	5905
20:29:32	1788200972	284073	728	5969
20:29:39	1788200979	280449	722	6051
20:29:46	1788200986	270519	695	6115
20:29:52	1788200992	256399	660	6176
20:29:59	1788200999	252881	652	6240
20:30:05	1788201005	251153	645	6298
20:30:12	1788201012	248842	637	6372
20:30:19	1788201019	247861	638	6434
20:30:25	1788201025	245721	639	6489
20:30:33	1788201033	244053	631	6559
20:30:41	1788201041	242222	628	6631
20:30:49	1788201049	241023	628	6712
20:30:56	1788201056	239453	620	6777
20:31:03	1788201063	235704	612	6831
20:31:09	1788201069	231593	599	6897
20:31:15	1788201075	227373	592	6947
20:31:21	1788201081	222887	586	7000
20:31:28	1788201088	218682	571	7044
20:31:35	1788201095	214101	562	7114
20:31:42	1788201102	211875	556	7167
20:31:51	1788201111	208544	552	7222
20:31:59	1788201119	206643	549	7281
20:32:06	1788201126	204197	540	7335
20:32:13	1788201133	201236	527	7374
20:32:19	1788201139	197565	520	7411
20:32:25	1788201145	194166	516	7443
20:32:31	1788201151	191436	504	7467
20:32:37	1788201157	188064	501	7488
20:32:43	1788201163	184495	496	7490
20:32:50	1788201170	182158	486	7493
20:32:57	1788201177	179844	482	7489
20:33:05	1788201185	178035	476	7484
20:33:13	1788201193	175451	471	7465
20:33:27	1788201207	172856	472	7440
20:33:43	1788201223	173571	471	7428
20:33:50	1788201230	173360	474	7421
20:33:58	1788201238	171391	467	7372
20:34:08	1788201248	168955	464	7297
20:34:18	1788201258	167892	459	7257
20:34:28	1788201268	166556	459	7184
20:34:42	1788201282	165617	460	7126
20:34:55	1788201295	165935	459	7032
20:35:03	1788201303	165815	462	6963
20:35:10	1788201310	163121	455	6858
20:35:16	1788201316	160342	447	6757
20:35:23	1788201323	157546	444	6642
20:35:29	1788201329	154417	436	6535
20:35:37	1788201337	151141	427	6384
20:35:45	1788201345	148885	418	6255
20:35:52	1788201352	147323	416	6145
20:35:59	1788201359	145289	414	6044
20:36:06	1788201366	142571	407	5904
20:36:13	1788201373	140520	398	5808
20:36:21	1788201381	137781	395	5683
20:36:30	1788201390	136204	393	5608
20:36:38	1788201398	135331	386	5495
20:36:47	1788201407	133354	385	5380
20:36:56	1788201416	132561	382	5277
20:37:06	1788201426	132083	378	5192
20:37:13	1788201433	131115	372	5105
20:37:19	1788201439	128703	368	4998
20:37:26	1788201446	125811	363	4905
20:37:33	1788201453	123919	358	4836
20:37:40	1788201460	121555	351	4777
20:37:46	1788201467	118994	346	4710
20:37:54	1788201474	117235	341	4643
20:38:03	1788201483	115599	340	4578
20:38:13	1788201493	115246	339	4539
20:38:27	1788201507	115072	340	4497
20:38:36	1788201516	115700	348	4464
20:38:44	1788201524	114892	343	4430
20:38:50	1788201530	113130	336	4397
20:38:57	1788201537	110901	326	4369
20:39:04	1788201544	107846	315	4343
20:39:10	1788201550	106119	309	4312
20:39:16	1788201556	104322	301	4296
20:39:24	1788201564	102442	296	4284
20:39:31	1788201571	100462	293	4267
20:39:41	1788201581	98803	283	4262
20:39:49	1788201589	98673	286	4251
20:39:57	1788201597	97999	277	4253
20:40:03	1788201603	96343	273	4253
20:40:11	1788201611	94752	272	4248
20:40:18	1788201618	93334	271	4248
20:40:25	1788201625	92153	265	4249
20:40:32	1788201632	90861	265	4254
20:40:41	1788201641	89934	269	4259
20:40:48	1788201648	88814	260	4270
20:40:56	1788201656	88231	257	4280
20:41:03	1788201663	87783	254	4285
20:41:11	1788201671	85853	251	4298
20:41:17	1788201677	84744	251	4305
20:41:22	1788201682	82461	250	4312
20:41:28	1788201688	80828	244	4323
20:41:35	1788201695	78709	242	4330
20:41:43	1788201703	77230	236	4335
20:41:50	1788201710	75952	235	4342
20:41:58	1788201719	75417	232	4360
20:42:07	1788201727	75330	232	4384
20:42:17	1788201737	74667	230	4399
20:42:24	1788201744	74167	234	4414
20:42:32	1788201752	73896	231	4425
20:42:38	1788201758	72773	227	4434
20:42:44	1788201764	70736	225	4450
20:42:51	1788201771	69385	219	4460
20:42:57	1788201777	68616	219	4474
20:43:04	1788201784	67615	217	4492
20:43:13	1788201793	66950	216	4515
20:43:26	1788201806	67067	219	4539
20:43:35	1788201815	68416	226	4572
20:43:41	1788201822	68358	224	4599
20:43:48	1788201828	67330	223	4612
20:43:54	1788201834	66097	212	4631
20:44:01	1788201842	65308	209	4655
20:44:07	1788201847	64174	205	4672
20:44:14	1788201854	62894	199	4683
20:44:20	1788201861	62811	198	4697
20:44:28	1788201868	61734	198	4710
20:44:36	1788201876	61647	197	4738
20:44:45	1788201885	61472	197	4752
20:44:52	1788201892	61397	203	4774
20:45:00	1788201900	60709	195	4796
20:45:06	1788201906	60204	194	4805
20:45:12	1788201912	59717	190	4822
20:45:18	1788201918	59738	189	4835
20:45:23	1788201923	58480	188	4828
20:45:28	1788201928	57339	183	4817
20:45:35	1788201935	56806	182	4818
20:45:41	1788201941	56423	180	4827
20:45:50	1788201950	55822	184	4851
20:45:58	1788201958	55953	182	4860
20:46:05	1788201965	56056	182	4875
20:46:18	1788201978	56694	186	4893
20:46:25	1788201985	57217	182	4908
20:46:31	1788201991	56715	183	4915
20:46:38	1788201998	56461	183	4920
20:46:43	1788202003	55547	185	4920
20:46:49	1788202009	54899	181	4934
20:46:57	1788202017	54997	183	4941
20:47:04	1788202024	54915	183	4961
20:47:12	1788202032	55279	187	4982
20:47:19	1788202039	55553	185	4987
20:47:26	1788202046	55696	189	4998
20:47:32	1788202052	55671	187	5009
20:47:38	1788202058	54787	186	4994
20:47:44	1788202064	54027	183	4979
20:47:50	1788202070	53097	176	4960
20:47:56	1788202076	52346	172	4969
20:48:02	1788202082	52330	173	4965
20:48:09	1788202089	52030	171	4964
20:48:19	1788202099	52120	174	4958
20:48:30	1788202110	52947	176	4955
20:48:37	1788202117	54749	180	4995
20:48:43	1788202123	54491	182	4981
20:48:50	1788202130	53956	181	4959
20:48:56	1788202136	53531	184	4950
20:49:02	1788202142	53084	177	4934
20:49:08	1788202148	52840	175	4934
20:49:15	1788202155	52215	173	4919
20:49:22	1788202162	52090	172	4906
20:49:29	1788202169	52137	173	4890
20:49:36	1788202176	52270	174	4889
20:49:45	1788202185	52593	176	4872
20:49:52	1788202192	52949	179	4879
20:49:59	1788202199	52985	180	4885
20:50:06	1788202206	53174	180	4887
20:50:12	1788202212	53009	177	4884
20:50:18	1788202218	52664	177	4861
20:50:23	1788202223	52124	173	4846
20:50:31	1788202231	51308	170	4811
20:50:37	1788202237	51383	170	4814
20:50:44	1788202244	51507	170	4794
20:50:52	1788202252	51885	173	4784
20:51:00	1788202260	52427	177	4786
20:51:08	1788202268	53340	182	4796
20:51:18	1788202278	54017	183	4795
20:51:25	1788202285	54762	187	4791
20:51:33	1788202293	54603	190	4776
20:51:40	1788202300	55616	188	4788
20:51:47	1788202307	56108	192	4777
20:51:53	1788202313	56196	192	4767
20:51:59	1788202319	55432	195	4733
20:52:05	1788202325	54683	188	4705
20:52:10	1788202330	54502	183	4677
20:52:16	1788202336	53767	181	4647
20:52:22	1788202342	52991	184	4623
20:52:28	1788202348	52073	183	4589
20:52:35	1788202355	51659	177	4561
20:52:42	1788202362	51767	178	4543
20:52:50	1788202370	51807	177	4531
20:53:02	1788202382	52300	180	4525
20:53:12	1788202392	54356	186	4525
20:53:19	1788202399	55308	188	4520
20:53:27	1788202407	55194	184	4500
20:53:34	1788202414	55662	184	4485
20:53:40	1788202420	55556	184	4474
20:53:46	1788202426	55056	182	4432
20:53:53	1788202433	54731	178	4412
20:54:01	1788202441	55069	177	4402
20:54:10	1788202450	55789	179	4403
20:54:19	1788202459	57364	184	4410
20:54:28	1788202468	58659	188	4415
20:54:34	1788202474	58745	192	4407
20:54:41	1788202481	58448	187	4394
20:54:47	1788202487	58015	188	4383
20:54:53	1788202493	57490	186	4366
20:55:00	1788202500	57790	184	4356
20:55:05	1788202505	57640	178	4345
20:55:09	1788202509	57239	182	4338
20:57:02	1788202622	0	0	0
20:57:04	1788202624	0	0	0
20:57:07	1788202627	0	0	0
20:57:10	1788202630	0	0	0
20:57:12	1788202632	0	0	0
20:57:15	1788202635	1	0	1
20:57:18	1788202638	37	2	4
20:57:21	1788202641	78	6	8
20:57:24	1788202644	120	9	12
20:57:27	1788202647	153	12	16
20:57:34	1788202654	200	18	20
20:57:38	1788202658	149	23	20
20:57:42	1788202662	85	27	20
20:57:47	1788202668	10	30	8
20:57:51	1788202671	0	0	0
20:57:56	1788202676	23	4	3
20:57:59	1788202679	46	8	5
20:58:53	1788202733	0	0	0
20:58:55	1788202735	0	0	0
20:58:57	1788202737	1	0	1
20:59:00	1788202740	4	3	4
20:59:03	1788202743	5	5	5
20:59:06	1788202746	6	8	6
20:59:08	1788202748	294	14	294
20:59:11	1788202751	369	17	369
20:59:13	1788202753	0	0	0
20:59:15	1788202755	0	0	0
20:59:18	1788202758	1	0	1
20:59:20	1788202760	1	0	1
20:59:22	1788202762	2	0	2
20:59:24	1788202764	0	0	0
20:59:27	1788202767	0	0	0
20:59:29	1788202769	0	0	0
20:59:31	1788202771	0	0	0
21:00:24	1788202824	0	0	0
21:00:27	1788202827	0	0	0
21:00:30	1788202830	1	1	1
21:00:32	1788202832	1	3	1
21:01:03	1788202863	0	0	0
21:01:05	1788202865	1	1	1
21:01:07	1788202867	44	4	24
21:01:10	1788202870	159	6	33
21:01:12	1788202872	271	8	33
21:01:14	1788202874	383	10	33
21:01:16	1788202876	494	13	33
21:01:19	1788202879	1	15	1
21:01:21	1788202881	2	17	2
21:01:23	1788202883	3	19	3
21:01:25	1788202885	17	22	3
21:01:28	1788202888	248	24	3
21:01:30	1788202890	246	26	2
21:01:32	1788202892	134	28	2
21:01:34	1788202894	22	31	2
21:01:36	1788202896	23	33	14
21:01:39	1788202899	57	35	13
21:01:41	1788202901	100	37	13
21:01:43	1788202903	149	39	12
21:01:45	1788202905	194	42	15
21:01:48	1788202908	4	44	4
21:01:50	1788202910	1	46	1
21:01:52	1788202912	1	48	1
21:01:54	1788202914	1	50	1
21:01:56	1788202916	1	53	1
21:01:59	1788202919	1	55	1
21:02:57	1788202977	0	0	0
21:02:59	1788202979	0	0	0
21:03:01	1788202981	0	0	0
21:03:03	1788202983	13	0	2
21:03:05	1788202985	127	2	13
21:03:08	1788202988	106	5	20
21:03:10	1788202990	23	7	6
21:03:12	1788202992	83	2	9
21:03:30	1788203010	132	2	10
21:03:32	1788203013	0	0	0
21:03:35	1788203015	2	0	2
21:03:37	1788203017	84	1	84
21:03:39	1788203019	230	4	230
21:03:42	1788203022	375	6	375
21:03:44	1788203024	0	0	0
21:03:46	1788203026	0	0	0
21:03:48	1788203028	3	0	2
21:03:50	1788203030	0	0	0
21:03:53	1788203033	0	0	0
21:03:55	1788203035	0	0	0
21:03:57	1788203037	0	0	0
21:03:59	1788203039	0	0	0
21:04:27	1788203067	20	2	1
21:04:29	1788203069	0	0	0
21:04:43	1788203083	200	0	10
21:04:45	1788203085	42	2	10
21:06:33	1788203193	0	0	0
21:06:35	1788203195	0	0	0
21:06:38	1788203198	0	0	0
21:06:40	1788203200	0	0	0
21:06:43	1788203203	0	0	0
21:06:46	1788203206	0	0	0
21:06:49	1788203209	0	0	0
21:06:52	1788203212	0	0	0
21:06:55	1788203215	0	0	0
21:06:58	1788203218	0	0	0
21:07:01	1788203221	40	3	4
21:07:04	1788203224	85	6	9
21:07:07	1788203227	128	9	13
21:07:09	1788203229	168	11	17
21:07:12	1788203232	144	14	20
21:07:15	1788203235	27	17	6
21:07:18	1788203238	0	0	0
21:07:21	1788203241	44	2	5
21:07:23	1788203243	94	5	10
21:08:12	1788203292	0	0	0
21:08:15	1788203295	0	0	0
21:08:18	1788203298	0	0	0
21:08:21	1788203301	0	0	0
21:08:24	1788203304	2	1	2
21:08:26	1788203306	6	4	6
21:08:28	1788203308	171	8	171
21:08:31	1788203311	276	10	276
21:08:33	1788203313	383	12	383
21:08:35	1788203315	0	0	0
21:08:37	1788203317	0	0	0
21:08:40	1788203320	1	0	1
21:08:42	1788203322	0	0	0
21:08:44	1788203324	0	0	0
21:08:46	1788203326	0	0	0
21:08:49	1788203329	0	0	0
21:08:51	1788203331	0	0	0
21:10:07	1788203407	20	1	1
21:10:09	1788203409	0	0	0
21:10:22	1788203422	152	1	10
21:10:25	1788203425	0	0	0
21:14:57	1788203697	0	0	0
21:14:59	1788203699	0	0	0
21:15:02	1788203702	0	0	0
21:15:05	1788203705	6	0	6
21:15:07	1788203707	1	0	1
21:15:10	1788203710	0	0	0
21:15:14	1788203714	3	0	3
21:15:17	1788203717	0	0	0
21:15:20	1788203720	2	0	2
21:15:23	1788203723	1	0	1
21:15:25	1788203725	4	0	4
21:15:29	1788203729	0	0	0
21:15:31	1788203731	2	0	2
21:15:33	1788203733	325	1	310
21:15:36	1788203736	1225	3	1069
21:15:38	1788203738	2043	6	1626
21:15:40	1788203740	2946	8	2127
21:15:43	1788203743	3902	10	2543
21:15:45	1788203745	4801	13	2856
21:15:48	1788203748	5852	15	3131
21:15:50	1788203750	6817	18	3319
21:15:53	1788203753	7783	20	3462
21:15:55	1788203755	8768	23	3584
21:15:58	1788203758	9712	25	3692
21:16:00	1788203760	10653	27	3772
21:16:02	1788203762	11551	30	3830
21:16:05	1788203765	12492	32	3882
21:16:07	1788203767	13441	34	3925
21:16:09	1788203769	14407	37	3968
21:16:12	1788203772	15392	39	3993
21:16:14	1788203774	16339	42	4016
21:16:17	1788203777	17301	44	4032
21:16:19	1788203779	18217	47	4049
21:16:22	1788203782	19253	49	4059
21:16:24	1788203784	20268	52	4066
21:16:27	1788203787	21267	54	4069
21:16:29	1788203789	22267	57	4076
21:16:32	1788203792	23272	59	4081
21:16:34	1788203794	24285	62	4083
21:16:37	1788203797	25278	64	4086
21:16:39	1788203799	26254	67	4087
21:16:42	1788203802	27136	69	4088
21:16:45	1788203805	28213	72	4091
21:16:47	1788203807	29262	75	4092
21:16:50	1788203810	30333	77	4092
21:16:52	1788203812	31357	80	4092
21:16:55	1788203815	32381	82	4094
21:16:58	1788203818	33376	85	4094
21:17:00	1788203820	34378	87	4094
21:17:03	1788203823	35380	90	4094
21:17:05	1788203825	36344	92	4094
21:17:08	1788203828	37356	95	4094
21:17:10	1788203830	38320	97	4094
21:17:13	1788203833	39328	100	4096
21:17:15	1788203835	40304	102	4096
21:17:17	1788203837	41274	105	4096
21:17:20	1788203840	42262	107	4096
21:17:22	1788203842	43245	110	4096
21:17:25	1788203845	44233	112	4096
21:17:27	1788203847	45179	114	4096
21:17:30	1788203850	46129	117	4096
21:17:32	1788203852	47104	119	4096
21:17:35	1788203855	48114	122	4096
21:17:37	1788203857	49089	124	4096
21:17:39	1788203859	50071	127	4096
21:17:42	1788203862	51064	129	4096
21:17:44	1788203864	52023	132	4096
21:17:47	1788203867	52980	134	4096
21:17:49	1788203869	53945	136	4096
21:17:52	1788203872	54930	139	4096
21:17:54	1788203874	55953	141	4096
21:17:57	1788203877	56941	144	4096
21:17:59	1788203879	57927	146	4096
21:18:02	1788203882	58902	149	4096
21:18:04	1788203884	59946	151	4096
21:18:07	1788203887	60978	154	4096
21:18:09	1788203889	62002	157	4096
21:18:12	1788203892	63019	159	4096
21:18:15	1788203895	64057	162	4096
21:18:18	1788203898	65179	165	4096
21:18:20	1788203900	66299	167	4096
21:18:23	1788203903	67371	170	4096
21:18:26	1788203906	68045	173	4096
21:18:28	1788203908	69100	175	4096
21:18:31	1788203911	70144	178	4096
21:18:33	1788203913	71170	181	4096
21:18:36	1788203916	72227	183	4096
21:18:39	1788203919	73250	186	4096
21:18:41	1788203921	74281	188	4096
21:18:44	1788203924	75310	191	4096
21:18:47	1788203927	76332	194	4096
21:18:49	1788203929	77344	196	4096
21:18:52	1788203932	78382	199	4096
21:18:54	1788203934	79396	201	4096
21:18:57	1788203937	80398	204	4096
21:18:59	1788203939	81412	206	4096
21:19:02	1788203942	82481	209	4096
21:19:05	1788203945	83499	212	4096
21:19:07	1788203947	84547	214	4096
21:19:10	1788203950	85573	217	4096
21:19:13	1788203953	86616	220	4096
21:19:15	1788203955	87644	222	4096
21:19:18	1788203958	88756	225	4096
21:19:21	1788203961	89822	228	4096
21:19:23	1788203963	90814	230	4096
21:19:26	1788203966	91904	233	4096
21:19:29	1788203969	93018	236	4096
21:19:32	1788203972	94123	239	4096
21:19:34	1788203974	95170	241	4096
21:19:37	1788203977	96193	244	4096
21:19:40	1788203980	97248	247	4096
21:19:42	1788203982	98336	249	4096
21:19:45	1788203985	99388	252	4096
21:19:48	1788203988	100502	255	4096
21:19:50	1788203990	101609	258	4096
21:19:53	1788203993	102642	260	4096
21:19:56	1788203996	103666	263	4096
21:19:58	1788203998	104750	265	4096
21:20:01	1788204001	105777	268	4096
21:20:04	1788204004	106804	271	4096
21:20:06	1788204006	107897	273	4096
21:20:09	1788204009	108989	276	4096
21:20:12	1788204012	110124	279	4096
21:20:15	1788204015	111215	282	4096
21:20:17	1788204017	112259	284	4096
21:20:20	1788204020	113306	287	4096
21:20:23	1788204023	114427	290	4096
21:20:25	1788204025	115487	292	4096
21:20:28	1788204028	116555	295	4096
21:20:31	1788204031	117632	298	4096
21:20:33	1788204033	118718	300	4096
21:20:36	1788204036	119791	303	4096
21:20:39	1788204039	120879	306	4096
21:20:42	1788204042	122062	309	4096
21:20:45	1788204045	123225	312	4096
21:20:48	1788204048	124435	315	4096
21:20:51	1788204051	125557	318	4096
21:20:53	1788204053	126664	320	4096
21:20:56	1788204056	127813	323	4096
21:20:59	1788204059	128930	326	4096
21:21:02	1788204062	130041	329	4096
21:21:05	1788204065	131143	332	4096
21:21:07	1788204067	132241	334	4096
21:21:10	1788204070	133391	337	4096
21:21:13	1788204073	134477	340	4096
21:21:16	1788204076	135576	343	4096
21:21:18	1788204078	136704	345	4096
21:21:21	1788204081	137776	348	4096
21:21:24	1788204084	138855	351	4096
21:21:27	1788204087	139966	354	4096
21:21:30	1788204090	141109	357	4096
21:21:32	1788204092	142243	359	4096
21:21:35	1788204095	143349	362	4096
21:21:38	1788204098	144493	365	4096
21:21:41	1788204101	145571	368	4096
21:21:44	1788204104	146757	371	4096
21:21:47	1788204107	147856	374	4096
21:21:50	1788204110	149046	377	4096
21:21:53	1788204113	150208	379	4096
21:21:56	1788204116	151365	382	4096
21:21:58	1788204118	152532	385	4096
21:22:01	1788204121	153717	388	4096
21:22:04	1788204124	154873	391	4096
21:22:08	1788204128	156047	394	4096
21:22:11	1788204131	157420	398	4096
21:22:14	1788204134	158621	401	4096
21:22:17	1788204137	159927	404	4096
21:22:20	1788204140	161143	407	4096
21:22:24	1788204144	162444	410	4096
21:22:28	1788204148	163747	414	4096
21:22:31	1788204151	165243	417	4096
21:22:33	1788204153	166374	420	4096
21:22:36	1788204156	167489	423	4096
21:22:39	1788204159	168600	426	4096
21:22:42	1788204162	169736	429	4096
21:22:45	1788204165	170909	432	4096
21:22:48	1788204168	172024	434	4096
21:22:50	1788204170	173144	437	4096
21:22:53	1788204173	174249	440	4096
21:22:56	1788204176	175382	443	4096
21:22:59	1788204179	176561	446	4096
21:23:02	1788204182	177690	449	4096
21:23:05	1788204185	178826	451	4096
21:23:08	1788204188	180007	455	4096
21:23:11	1788204191	181321	458	4096
21:23:14	1788204194	182514	461	4096
21:23:17	1788204197	183767	464	4096
21:23:20	1788204200	184999	467	4096
21:23:24	1788204204	186209	470	4096
21:23:27	1788204207	187504	473	4096
21:23:30	1788204210	188703	476	4096
21:23:34	1788204214	190152	480	4096
21:23:37	1788204217	191550	484	4096
21:23:40	1788204220	192859	487	4096
21:23:43	1788204223	194184	490	4096
21:23:46	1788204226	195355	493	4096
21:23:49	1788204229	196512	496	4096
21:23:52	1788204232	197694	499	4096
21:23:55	1788204235	198932	502	4096
21:23:58	1788204238	200076	505	4096
21:24:01	1788204241	201218	508	4096
21:24:04	1788204244	202425	511	4096
21:24:07	1788204247	203669	514	4096
21:24:10	1788204250	204842	517	4096
21:24:13	1788204253	206036	520	4096
21:24:16	1788204256	207210	523	4096
21:24:19	1788204259	208459	526	4096
21:24:22	1788204262	209675	529	4096
21:24:25	1788204265	210927	532	4096
21:24:29	1788204269	212160	535	4096
21:24:32	1788204272	213396	538	4096
21:24:35	1788204275	214858	542	4096
21:24:39	1788204279	216124	545	4096
21:24:42	1788204282	217420	548	4096
21:24:45	1788204285	218733	552	4096
21:24:49	1788204289	220106	555	4096
21:24:52	1788204292	221395	558	4096
21:24:55	1788204295	222637	561	4096
21:24:58	1788204298	223878	565	4096
21:25:01	1788204301	225133	568	4096
21:25:04	1788204304	226307	571	4096
21:25:07	1788204307	227490	574	4096
21:25:10	1788204310	228674	577	4096
21:25:13	1788204313	229871	580	4097
21:25:16	1788204316	231096	583	4097
21:25:19	1788204319	232265	586	4097
21:25:22	1788204323	233505	589	4097
21:25:26	1788204326	234934	592	4097
21:25:29	1788204329	236424	596	4097
21:25:33	1788204333	237679	599	4098
21:25:37	1788204337	239072	603	4098
21:25:40	1788204340	240588	607	4098
21:25:44	1788204344	241993	610	4098
21:25:47	1788204347	243346	613	4098
21:25:50	1788204351	244676	617	4098
21:25:54	1788204354	246084	620	4098
21:25:57	1788204357	247445	624	4099
21:26:01	1788204362	248888	627	4100
21:26:05	1788204365	250492	631	4101
21:26:08	1788204368	251850	635	4102
21:26:12	1788204372	253224	638	4104
21:26:15	1788204375	254531	641	4105
21:26:18	1788204378	255787	645	4107
21:26:21	1788204381	256998	648	4108
21:26:24	1788204384	258210	651	4109
21:26:27	1788204387	259562	654	4109
21:26:30	1788204390	260773	657	4110
21:26:33	1788204393	261987	660	4111
21:26:36	1788204396	263239	663	4113
21:26:40	1788204400	264444	666	4114
21:26:43	1788204403	265655	669	4115
21:26:46	1788204406	266981	673	4118
21:26:50	1788204410	268400	676	4119
21:26:54	1788204414	269953	680	4120
21:26:57	1788204417	271251	683	4123
21:27:01	1788204421	272568	687	4125
21:27:04	1788204424	273992	690	4126
21:27:08	1788204428	275369	694	4127
21:27:11	1788204431	276839	697	4132
21:27:15	1788204435	278239	701	4138
21:27:18	1788204438	279733	705	4146
21:27:22	1788204442	281126	708	4150
21:27:25	1788204445	282456	711	4158
21:27:28	1788204448	283808	715	4159
21:27:31	1788204451	285082	718	4162
21:27:35	1788204455	286347	721	4168
21:27:38	1788204458	287683	725	4172
21:27:41	1788204461	288956	728	4177
21:27:44	1788204464	290236	731	4183
21:27:48	1788204468	291483	734	4190
21:27:51	1788204471	292745	737	4198
21:27:54	1788204474	294027	740	4210
21:27:57	1788204477	295395	744	4216
21:28:01	1788204481	296670	747	4222
21:28:04	1788204484	297959	750	4231
21:28:08	1788204488	299419	754	4247
21:28:11	1788204491	300838	758	4258
21:28:15	1788204495	302191	761	4267
21:28:19	1788204499	303648	765	4284
21:28:23	1788204503	305198	769	4297
21:28:28	1788204508	306898	773	4308
21:28:32	1788204512	308795	778	4320
21:28:36	1788204516	310325	781	4338
21:28:39	1788204519	311927	785	4349
21:28:44	1788204524	313442	789	4366
21:28:47	1788204527	315144	793	4384
21:28:51	1788204531	316623	797	4403
21:28:55	1788204535	318089	801	4420
21:28:58	1788204538	319493	804	4444
21:29:02	1788204542	320970	808	4471
21:29:05	1788204545	322319	811	4488
21:29:09	1788204549	323739	815	4512
21:29:12	1788204552	325076	818	4527
21:29:15	1788204556	326484	822	4542
21:29:19	1788204559	327853	825	4557
21:29:22	1788204562	329234	829	4580
21:29:26	1788204566	330610	832	4598
21:29:30	1788204570	332002	836	4615
21:29:34	1788204574	333453	839	4642
21:29:38	1788204578	335135	844	4667
21:29:42	1788204582	336691	847	4701
21:29:46	1788204586	338479	852	4746
21:29:50	1788204590	340077	856	4776
21:29:55	1788204595	341659	860	4802
21:29:58	1788204598	343491	864	4834
21:30:02	1788204602	345010	868	4864
21:30:06	1788204606	346430	872	4893
21:30:09	1788204609	347900	875	4924
21:30:13	1788204613	349278	879	4954
21:30:16	1788204616	350707	882	4989
21:30:20	1788204620	352060	886	5020
21:30:23	1788204623	353579	890	5050
21:30:27	1788204627	354923	893	5078
21:30:30	1788204630	356258	896	5112
21:30:37	1788204637	357674	900	5138
21:30:45	1788204645	330225	856	5206
21:30:53	1788204653	310111	793	5264
21:31:03	1788204663	290631	746	5331
21:31:13	1788204673	264307	687	5407
21:31:22	1788204682	251489	651	5469
21:31:30	1788204690	234413	608	5530
21:31:38	1788204698	214921	565	5585
21:31:49	1788204709	185370	489	5643
21:32:01	1788204721	153331	410	5740
21:32:20	1788204740	120940	336	5804
21:32:39	1788204759	89632	254	5780
21:32:50	1788204770	51290	157	5202
21:33:01	1788204781	10771	41	3973
21:33:16	1788204796	2	0	2
21:33:24	1788204804	1	0	1
21:33:32	1788204812	2329	6	1787
21:33:42	1788204822	5253	13	2994
21:33:48	1788204828	8939	23	3733
21:33:55	1788204835	11427	29	3997
21:34:01	1788204841	14116	36	4173
21:34:05	1788204845	16374	42	4276
21:34:10	1788204850	18181	46	4356
21:34:15	1788204855	20003	51	4418
21:34:19	1788204859	21851	56	4469
21:34:23	1788204863	23532	60	4499
21:34:28	1788204868	25380	64	4537
21:34:32	1788204872	27174	69	4575
21:34:37	1788204877	28870	73	4612
21:34:41	1788204881	30697	78	4649
21:34:45	1788204885	32412	82	4676
21:34:49	1788204889	34099	86	4719
21:34:54	1788204894	35796	91	4745
21:34:58	1788204898	37520	95	4783
21:35:02	1788204902	39188	99	4813
21:35:06	1788204906	40893	103	4837
21:35:11	1788204911	42582	108	4867
21:35:15	1788204915	44340	112	4897
21:35:20	1788204920	46103	116	4928
21:35:24	1788204924	47894	121	4952
21:35:28	1788204928	49659	125	4980
21:35:33	1788204933	51293	129	5005
21:35:37	1788204937	53015	134	5033
21:35:41	1788204941	54664	138	5060
21:35:45	1788204945	56307	142	5095
21:35:49	1788204949	57979	146	5123
21:35:54	1788204954	59667	150	5144
21:35:58	1788204958	61444	155	5169
21:36:06	1788204966	63343	159	5194
21:36:11	1788204971	66446	168	5233
21:36:17	1788204977	68311	172	5254
21:36:22	1788204982	70690	178	5286
21:36:26	1788204986	72591	183	5302
21:36:31	1788204991	74380	188	5322
21:36:35	1788204995	76115	192	5336
21:36:39	1788204999	77825	196	5358
21:36:43	1788205003	79513	200	5368
21:36:47	1788205008	81121	204	5376
21:36:52	1788205012	82799	209	5396
21:36:56	1788205016	84401	213	5412
21:37:00	1788205020	86077	217	5427
21:37:04	1788205024	87780	221	5435
21:37:09	1788205029	89539	225	5451
21:37:14	1788205034	91359	230	5459
21:37:18	1788205038	93252	235	5469
21:37:23	1788205043	95023	239	5477
21:37:29	1788205049	96901	244	5485
21:37:34	1788205054	99236	250	5499
21:37:39	1788205059	101324	255	5518
21:37:44	1788205064	103277	260	5524
21:37:49	1788205069	105190	265	5530
21:37:53	1788205073	107109	270	5540
21:37:58	1788205078	109079	275	5546
21:38:03	1788205083	110903	279	5561
21:38:08	1788205088	112905	284	5568
21:38:12	1788205092	114751	289	5576
21:38:17	1788205097	116613	294	5586
21:38:21	1788205101	118308	298	5596
21:38:26	1788205106	120176	302	5603
21:38:30	1788205110	121981	307	5607
21:38:35	1788205115	123787	311	5611
21:38:40	1788205120	125635	316	5613
21:38:44	1788205124	127489	321	5617
21:38:49	1788205129	129333	325	5617
21:38:54	1788205134	131234	330	5621
21:38:58	1788205138	133139	335	5624
21:39:03	1788205143	135001	339	5626
21:39:07	1788205147	136724	344	5628
21:39:12	1788205152	138474	348	5633
21:39:16	1788205156	140278	353	5636
21:39:20	1788205160	141971	357	5638
21:39:24	1788205164	143676	361	5639
21:39:29	1788205169	145426	366	5643
21:39:33	1788205173	147102	370	5643
21:39:38	1788205178	148995	375	5644
21:39:43	1788205183	150883	379	5647
21:39:48	1788205188	152851	384	5650
21:39:54	1788205194	155035	390	5653
21:39:59	1788205199	157123	395	5657
21:40:04	1788205204	159141	400	5659
21:40:09	1788205209	161192	405	5660
21:40:14	1788205214	163210	410	5661
21:40:18	1788205218	165126	415	5662
21:40:23	1788205223	166928	419	5663
21:40:28	1788205228	168785	424	5666
21:40:32	1788205232	170664	429	5669
21:40:36	1788205236	172347	433	5673
21:40:41	1788205241	174098	437	5673
21:40:45	1788205245	175881	442	5673
21:40:51	1788205251	177658	446	5675
21:40:55	1788205255	179759	452	5677
21:41:00	1788205260	181685	457	5678
21:41:06	1788205266	183661	461	5682
21:41:11	1788205271	185746	467	5684
21:41:16	1788205276	187863	472	5689
21:41:21	1788205281	189935	477	5691
21:41:26	1788205286	191989	482	5693
21:41:31	1788205291	194001	487	5695
21:41:36	1788205296	195967	492	5697
21:41:41	1788205301	197878	497	5701
21:41:45	1788205305	199787	502	5706
21:41:50	1788205310	201550	506	5709
21:41:54	1788205314	203368	511	5709
21:41:59	1788205319	205159	515	5712
21:42:03	1788205323	206908	520	5714
21:42:07	1788205327	208698	524	5720
21:42:12	1788205332	210437	528	5726
21:42:17	1788205337	212304	533	5730
21:42:22	1788205342	214299	538	5734
21:42:29	1788205349	216461	544	5738
21:42:35	1788205355	218947	550	5742
21:42:40	1788205360	221574	556	5747
21:42:47	1788205367	223647	562	5755
21:42:51	1788205371	226079	568	5759
21:42:56	1788205376	228003	572	5765
21:43:00	1788205380	229802	577	5771
21:43:05	1788205385	231607	581	5774
21:43:09	1788205389	233357	586	5779
21:43:14	1788205394	235111	590	5785
21:43:18	1788205398	236907	595	5794
21:43:23	1788205403	238658	599	5799
21:43:27	1788205407	240463	604	5806
21:43:32	1788205412	242384	608	5819
21:43:37	1788205417	244402	614	5826
21:43:44	1788205424	246423	619	5836
21:43:50	1788205430	249094	625	5849
21:43:56	1788205436	251230	631	5861
21:44:01	1788205441	253716	637	5872
21:44:05	1788205445	255610	642	5878
21:44:10	1788205450	257441	646	5889
21:44:15	1788205455	259307	651	5901
21:44:20	1788205460	261301	656	5918
21:44:25	1788205465	263237	661	5931
21:44:30	1788205470	265423	666	5941
21:44:35	1788205475	267245	671	5953
21:44:40	1788205480	269530	677	5967
21:44:45	1788205485	271360	681	5983
21:44:50	1788205490	273318	686	5997
21:44:56	1788205496	275502	692	6011
21:45:01	1788205501	277617	697	6027
21:45:06	1788205506	279745	702	6039
21:45:11	1788205511	281752	707	6051
21:45:16	1788205516	283717	712	6068
21:45:20	1788205520	285648	717	6090
21:45:25	1788205525	287490	722	6105
21:45:30	1788205530	289309	726	6116
21:45:34	1788205534	291110	731	6125
21:45:38	1788205538	292886	735	6141
21:45:43	1788205543	294618	739	6163
21:45:48	1788205548	296649	744	6184
21:45:52	1788205552	298390	749	6202
21:45:57	1788205557	300185	753	6216
21:46:02	1788205562	302054	758	6233
21:46:09	1788205569	304159	763	6263
21:46:14	1788205574	306725	770	6298
21:46:19	1788205579	308865	775	6329
21:46:25	1788205585	310974	781	6352
21:46:30	1788205590	313205	786	6373
21:46:35	1788205595	315203	791	6393
21:46:40	1788205600	317079	796	6406
21:46:44	1788205604	318939	801	6431
21:46:49	1788205609	320775	805	6458
21:46:53	1788205613	322637	810	6483
21:46:58	1788205618	324414	815	6508
21:47:03	1788205623	326220	819	6538
21:47:07	1788205627	328101	824	6571
21:47:12	1788205632	329961	828	6595
21:47:17	1788205637	331870	833	6626
21:47:22	1788205642	333868	838	6655
21:47:28	1788205648	336001	844	6682
21:47:34	1788205654	338205	849	6708
21:47:39	1788205659	340483	855	6740
21:47:48	1788205668	342745	860	6775
21:47:53	1788205673	346111	869	6835
21:47:59	1788205679	348298	875	6868
21:48:04	1788205684	350323	880	6893
21:48:09	1788205689	352277	885	6916
21:48:14	1788205694	354241	890	6949
21:48:19	1788205699	356356	895	6991
21:48:23	1788205703	358273	900	7024
21:48:28	1788205708	360174	904	7054
21:48:33	1788205713	362132	909	7079
21:48:39	1788205719	364199	915	7120
21:48:45	1788205725	366508	920	7164
21:48:52	1788205732	368722	926	7203
21:48:57	1788205737	371496	933	7256
21:49:02	1788205742	373541	938	7281
21:49:07	1788205747	375507	943	7317
21:49:12	1788205752	377551	948	7361
21:49:16	1788205756	379460	953	7403
21:49:21	1788205761	381356	958	7438
21:49:26	1788205766	383275	962	7479
21:49:31	1788205771	385233	967	7513
21:49:36	1788205776	387144	972	7545
21:49:41	1788205781	389056	977	7578
21:49:46	1788205786	390979	982	7609
21:49:51	1788205791	392973	987	7641
21:49:56	1788205796	395036	992	7683
21:50:02	1788205802	397301	997	7723
21:50:07	1788205807	399475	1003	7769
21:50:13	1788205813	401672	1008	7806
21:50:18	1788205818	403949	1014	7851
21:50:23	1788205823	405946	1019	7876
21:50:28	1788205828	407889	1024	7908
21:50:52	1788205852	409821	1029	7952
21:50:59	1788205859	416128	1053	8075
21:51:07	1788205867	418980	1060	8127
21:51:18	1788205878	422251	1069	8181
21:51:28	1788205888	426372	1079	8248
21:51:37	1788205897	430622	1090	8331
21:51:44	1788205904	434030	1098	8383
21:51:50	1788205910	436626	1105	8427
21:51:56	1788205916	439062	1111	8453
21:52:01	1788205921	441458	1117	8501
21:52:06	1788205926	443606	1122	8533
21:52:12	1788205932	445683	1127	8557
21:52:18	1788205938	447752	1133	8595
21:52:23	1788205943	450304	1139	8630
21:52:30	1788205950	452518	1145	8653
21:52:36	1788205956	455339	1152	8688
21:52:43	1788205963	457697	1158	8729
21:52:48	1788205968	460150	1164	8764
21:52:54	1788205974	462390	1169	8796
21:52:59	1788205979	464617	1175	8825
21:53:05	1788205985	466838	1181	8852
21:53:10	1788205990	468961	1186	8881
21:53:16	1788205996	471109	1191	8909
21:53:21	1788206001	473458	1197	8939
21:53:27	1788206007	475658	1203	8961
21:53:33	1788206013	477946	1208	8987
21:53:39	1788206019	480249	1214	9009
21:53:46	1788206026	482784	1220	9041
21:53:52	1788206032	485393	1227	9077
21:53:59	1788206039	487994	1233	9109
21:54:05	1788206045	490517	1240	9145
21:54:11	1788206051	493053	1246	9173
21:54:17	1788206057	495376	1252	9194
21:54:22	1788206062	497661	1258	9215
21:54:28	1788206069	499866	1263	9240
21:54:34	1788206074	502404	1270	9255
21:54:40	1788206080	504572	1275	9269
21:54:46	1788206086	506910	1281	9293
21:54:52	1788206092	509282	1287	9311
21:54:58	1788206098	511656	1293	9331
21:55:04	1788206104	514162	1299	9360
21:55:11	1788206111	516821	1306	9377
21:55:17	1788206117	519429	1312	9395
21:55:24	1788206124	521913	1318	9419
21:55:30	1788206130	524474	1325	9436
21:55:36	1788206136	527119	1332	9452
21:55:42	1788206142	529408	1337	9468
21:55:48	1788206148	531708	1343	9481
21:55:53	1788206153	534040	1349	9501
21:55:59	1788206159	536314	1355	9509
21:56:05	1788206165	538551	1360	9524
21:56:11	1788206171	540770	1366	9537
21:56:17	1788206177	543158	1372	9556
21:56:24	1788206184	545730	1378	9571
21:56:30	1788206190	548391	1385	9582
21:56:36	1788206197	550974	1391	9590
21:56:43	1788206203	553534	1398	9598
21:56:49	1788206209	556116	1404	9608
21:56:55	1788206215	558458	1410	9622
21:57:01	1788206221	560802	1416	9634
21:57:06	1788206226	563115	1422	9651
21:57:12	1788206232	565377	1427	9659
21:57:18	1788206238	567733	1433	9672
21:57:24	1788206244	570056	1439	9681
21:57:30	1788206250	572324	1445	9696
21:57:36	1788206256	574794	1451	9706
21:57:43	1788206263	577366	1457	9720
21:57:49	1788206269	579979	1464	9727
21:57:55	1788206275	582582	1470	9742
21:58:01	1788206281	585077	1477	9756
21:58:07	1788206287	587389	1482	9761
21:58:13	1788206293	589774	1488	9766
21:58:19	1788206299	592120	1494	9770
21:58:24	1788206304	594292	1500	9776
21:58:30	1788206310	596489	1505	9780
21:58:35	1788206315	598691	1511	9794
21:58:41	1788206321	600948	1516	9800
21:58:48	1788206328	603402	1522	9811
21:58:55	1788206335	606083	1529	9824
21:59:02	1788206342	608851	1536	9841
21:59:09	1788206349	611642	1543	9857
21:59:15	1788206355	614398	1550	9870
21:59:21	1788206361	616891	1556	9878
21:59:27	1788206367	619204	1562	9883
21:59:32	1788206372	621460	1568	9898
21:59:38	1788206378	623792	1574	9909
21:59:45	1788206385	626121	1579	9920
21:59:51	1788206391	628758	1586	9932
21:59:57	1788206397	631161	1592	9945
22:00:04	1788206404	633619	1598	9956
22:00:11	1788206411	636251	1605	9966
22:00:19	1788206419	639273	1612	9982
22:00:26	1788206426	642312	1620	9995
22:00:32	1788206432	645083	1627	10008
22:00:38	1788206438	647594	1633	10022
22:00:44	1788206444	650022	1639	10036
22:00:51	1788206451	652337	1645	10052
22:00:57	1788206457	655030	1652	10068
22:01:03	1788206463	657512	1658	10079
22:01:09	1788206469	659892	1664	10097
22:01:17	1788206477	662258	1670	10124
22:01:39	1788206499	665549	1678	10143
22:01:48	1788206508	672973	1700	10197
22:01:56	1788206516	676503	1709	10217
22:02:05	1788206525	680011	1718	10251
22:02:12	1788206532	683253	1726	10278
22:02:20	1788206540	686379	1734	10302
22:02:27	1788206547	689295	1741	10319
22:02:34	1788206554	692076	1748	10350
22:02:42	1788206562	694984	1755	10383
22:02:49	1788206569	698015	1763	10412
22:02:57	1788206577	700950	1770	10448
22:03:03	1788206583	704036	1778	10482
22:03:09	1788206589	706537	1784	10519
22:03:16	1788206596	709067	1791	10551
22:03:23	1788206603	711653	1797	10583
22:03:43	1788206623	695132	1804	10193
22:04:11	1788206651	638673	1628	9359
22:04:41	1788206681	591181	1512	9262
22:05:16	1788206716	548059	1407	9320
22:05:48	1788206748	497270	1282	9265
22:06:14	1788206774	442743	1147	8768
22:06:51	1788206811	376616	980	7617
22:07:17	1788206837	321105	833	6741
22:07:53	1788206873	260798	683	6270
22:08:26	1788206906	212227	568	6203
22:08:56	1788206936	159261	438	6014
22:09:34	1788206974	98782	280	5443
22:10:07	1788207007	45994	145	4714
22:10:32	1788207032	17	0	17
