time	cpu_speed_limit	sched_limit	load1	container	cpu_pct	mem_used	mem_pct	net_io	block_io
22:11:48	100	100	2.33						
22:12:48	100	100	17.94	vigorous_chaplygin	90.15%	522.7MiB / 7.75GiB	6.59%	29.8MB / 29.4MB	93.6MB / 22.4MB
22:12:48	100	100	17.94	clever_bohr	360.76%	229.3MiB / 7.75GiB	2.89%	71.7MB / 135MB	38.6MB / 118MB
22:12:48	100	100	17.94	testcontainers-ryuk-b0b7314d-062f-4965-9dec-9cd64312c536	0.00%	11.57MiB / 7.75GiB	0.15%	2.92kB / 768B	6.64MB / 0B
22:13:57	41	100	34.40	vigorous_chaplygin	91.44%	532.4MiB / 7.75GiB	6.71%	64.6MB / 64.6MB	93.6MB / 55.3MB
22:13:57	41	100	34.40	clever_bohr	369.27%	277.3MiB / 7.75GiB	3.49%	139MB / 229MB	38.6MB / 228MB
22:13:57	41	100	34.40	testcontainers-ryuk-b0b7314d-062f-4965-9dec-9cd64312c536	0.00%	11.57MiB / 7.75GiB	0.15%	3.4kB / 1.24kB	6.64MB / 0B
22:14:59	53	100	21.58	vigorous_chaplygin	87.25%	566.5MiB / 7.75GiB	7.14%	109MB / 108MB	93.6MB / 90.3MB
22:14:59	53	100	21.58	clever_bohr	390.40%	320.7MiB / 7.75GiB	4.04%	245MB / 436MB	38.6MB / 354MB
22:14:59	53	100	21.58	testcontainers-ryuk-b0b7314d-062f-4965-9dec-9cd64312c536	0.00%	11.57MiB / 7.75GiB	0.15%	3.83kB / 1.67kB	6.64MB / 0B
22:16:02	51	100	16.75	vigorous_chaplygin	87.11%	772.7MiB / 7.75GiB	9.74%	152MB / 150MB	93.7MB / 125MB
22:16:02	51	100	16.75	clever_bohr	379.98%	336.5MiB / 7.75GiB	4.24%	350MB / 642MB	38.6MB / 507MB
22:16:02	51	100	16.75	testcontainers-ryuk-b0b7314d-062f-4965-9dec-9cd64312c536	0.00%	11.57MiB / 7.75GiB	0.15%	4.26kB / 2.11kB	6.64MB / 0B
22:17:04	58	100	13.79	vigorous_chaplygin	95.23%	778.3MiB / 7.75GiB	9.81%	195MB / 193MB	93.7MB / 160MB
22:17:04	58	100	13.79	clever_bohr	408.00%	341.6MiB / 7.75GiB	4.30%	452MB / 834MB	38.6MB / 703MB
22:17:04	58	100	13.79	testcontainers-ryuk-b0b7314d-062f-4965-9dec-9cd64312c536	0.00%	11.57MiB / 7.75GiB	0.15%	4.69kB / 2.54kB	6.64MB / 0B
22:18:06	55	100	14.65	vigorous_chaplygin	81.54%	782.1MiB / 7.75GiB	9.85%	239MB / 236MB	93.7MB / 195MB
22:18:06	55	100	14.65	clever_bohr	360.33%	346.8MiB / 7.75GiB	4.37%	556MB / 1.03GB	38.6MB / 963MB
22:18:06	55	100	14.65	testcontainers-ryuk-b0b7314d-062f-4965-9dec-9cd64312c536	0.00%	11.57MiB / 7.75GiB	0.15%	5.12kB / 2.97kB	6.64MB / 0B
22:19:09	51	100	16.05	vigorous_chaplygin	74.26%	785.3MiB / 7.75GiB	9.90%	282MB / 278MB	93.7MB / 230MB
22:19:09	51	100	16.05	clever_bohr	347.39%	352.1MiB / 7.75GiB	4.44%	659MB / 1.23GB	38.6MB / 1.17GB
22:19:09	51	100	16.05	testcontainers-ryuk-b0b7314d-062f-4965-9dec-9cd64312c536	0.00%	11.57MiB / 7.75GiB	0.15%	5.56kB / 3.4kB	6.64MB / 0B
22:20:11	48	100	13.18	vigorous_chaplygin	81.48%	788.6MiB / 7.75GiB	9.94%	325MB / 320MB	93.7MB / 266MB
22:20:11	48	100	13.18	clever_bohr	381.81%	355.6MiB / 7.75GiB	4.48%	766MB / 1.44GB	38.6MB / 1.37GB
22:20:11	48	100	13.18	testcontainers-ryuk-b0b7314d-062f-4965-9dec-9cd64312c536	0.00%	11.57MiB / 7.75GiB	0.15%	5.99kB / 3.83kB	6.64MB / 0B
22:21:13	46	100	16.01	vigorous_chaplygin	89.28%	795.8MiB / 7.75GiB	10.03%	368MB / 364MB	93.7MB / 301MB
22:21:13	46	100	16.01	clever_bohr	802.93%	361.2MiB / 7.75GiB	4.55%	859MB / 1.61GB	38.6MB / 1.59GB
22:21:13	46	100	16.01	testcontainers-ryuk-b0b7314d-062f-4965-9dec-9cd64312c536	0.00%	11.57MiB / 7.75GiB	0.15%	6.42kB / 4.27kB	6.64MB / 0B
22:22:16	53	100	18.26	vigorous_chaplygin	95.80%	813.1MiB / 7.75GiB	10.25%	411MB / 405MB	93.7MB / 336MB
22:22:16	53	100	18.26	clever_bohr	501.07%	361.7MiB / 7.75GiB	4.56%	960MB / 1.8GB	38.6MB / 1.86GB
22:22:16	53	100	18.26	testcontainers-ryuk-b0b7314d-062f-4965-9dec-9cd64312c536	0.00%	11.57MiB / 7.75GiB	0.15%	6.85kB / 4.7kB	6.64MB / 0B
22:23:18	60	100	17.93	vigorous_chaplygin	82.88%	814.4MiB / 7.75GiB	10.26%	454MB / 448MB	93.7MB / 371MB
22:23:18	60	100	17.93	clever_bohr	440.70%	437.8MiB / 7.75GiB	5.52%	1.06GB / 1.99GB	108MB / 2.28GB
22:23:18	60	100	17.93	testcontainers-ryuk-b0b7314d-062f-4965-9dec-9cd64312c536	0.01%	11.57MiB / 7.75GiB	0.15%	7.29kB / 5.13kB	6.64MB / 0B
22:24:20	58	100	16.85	vigorous_chaplygin	75.08%	817.3MiB / 7.75GiB	10.30%	497MB / 491MB	93.7MB / 406MB
22:24:20	58	100	16.85	clever_bohr	515.61%	445.1MiB / 7.75GiB	5.61%	1.16GB / 2.17GB	108MB / 2.62GB
22:24:20	58	100	16.85	testcontainers-ryuk-b0b7314d-062f-4965-9dec-9cd64312c536	0.00%	11.57MiB / 7.75GiB	0.15%	7.78kB / 5.63kB	6.64MB / 0B
22:25:22	46	100	16.16	vigorous_chaplygin	87.20%	823MiB / 7.75GiB	10.37%	540MB / 533MB	93.7MB / 441MB
22:25:22	46	100	16.16	clever_bohr	566.87%	467.4MiB / 7.75GiB	5.89%	1.26GB / 2.36GB	108MB / 2.97GB
22:25:22	46	100	16.16	testcontainers-ryuk-b0b7314d-062f-4965-9dec-9cd64312c536	0.00%	11.57MiB / 7.75GiB	0.15%	8.13kB / 5.98kB	6.64MB / 0B
22:26:25	51	100	15.46	vigorous_chaplygin	73.12%	828.8MiB / 7.75GiB	10.44%	584MB / 577MB	93.7MB / 476MB
22:26:25	51	100	15.46	clever_bohr	534.60%	482.6MiB / 7.75GiB	6.08%	1.36GB / 2.55GB	108MB / 3.46GB
22:26:25	51	100	15.46	testcontainers-ryuk-b0b7314d-062f-4965-9dec-9cd64312c536	0.00%	11.57MiB / 7.75GiB	0.15%	8.48kB / 6.32kB	6.64MB / 0B
22:27:28	51	100	16.51	vigorous_chaplygin	70.93%	836MiB / 7.75GiB	10.53%	627MB / 619MB	93.7MB / 519MB
22:27:28	51	100	16.51	clever_bohr	538.03%	497.7MiB / 7.75GiB	6.27%	1.46GB / 2.74GB	108MB / 3.96GB
22:27:28	51	100	16.51	testcontainers-ryuk-b0b7314d-062f-4965-9dec-9cd64312c536	0.00%	11.57MiB / 7.75GiB	0.15%	8.87kB / 6.71kB	6.64MB / 0B
22:28:31	62	100	15.80	vigorous_chaplygin	86.19%	849.3MiB / 7.75GiB	10.70%	671MB / 662MB	93.7MB / 555MB
22:28:31	62	100	15.80	clever_bohr	463.15%	516.9MiB / 7.75GiB	6.51%	1.56GB / 2.94GB	108MB / 4.45GB
22:28:31	62	100	15.80	testcontainers-ryuk-b0b7314d-062f-4965-9dec-9cd64312c536	0.00%	11.57MiB / 7.75GiB	0.15%	9.22kB / 7.06kB	6.64MB / 0B
22:29:33	65	100	14.52	vigorous_chaplygin	73.69%	852.7MiB / 7.75GiB	10.74%	715MB / 705MB	93.7MB / 590MB
22:29:33	65	100	14.52	clever_bohr	469.75%	522MiB / 7.75GiB	6.58%	1.67GB / 3.14GB	108MB / 4.99GB
22:29:33	65	100	14.52	testcontainers-ryuk-b0b7314d-062f-4965-9dec-9cd64312c536	0.00%	11.57MiB / 7.75GiB	0.15%	9.56kB / 7.41kB	6.64MB / 0B
22:30:36	58	100	13.37	vigorous_chaplygin	77.26%	855.5MiB / 7.75GiB	10.78%	758MB / 748MB	93.7MB / 625MB
22:30:36	58	100	13.37	clever_bohr	473.11%	521.8MiB / 7.75GiB	6.57%	1.77GB / 3.34GB	108MB / 5.56GB
22:30:36	58	100	13.37	testcontainers-ryuk-b0b7314d-062f-4965-9dec-9cd64312c536	0.00%	11.57MiB / 7.75GiB	0.15%	9.91kB / 7.76kB	6.64MB / 0B
22:31:38	51	100	14.52	vigorous_chaplygin	74.99%	859.1MiB / 7.75GiB	10.83%	802MB / 791MB	93.7MB / 660MB
22:31:38	51	100	14.52	clever_bohr	534.48%	527.6MiB / 7.75GiB	6.65%	1.88GB / 3.54GB	108MB / 6.14GB
22:31:38	51	100	14.52	testcontainers-ryuk-b0b7314d-062f-4965-9dec-9cd64312c536	0.00%	11.57MiB / 7.75GiB	0.15%	10.3kB / 8.11kB	6.64MB / 0B
22:32:41	51	100	15.34	vigorous_chaplygin	94.78%	862.7MiB / 7.75GiB	10.87%	846MB / 834MB	93.7MB / 695MB
22:32:41	51	100	15.34	clever_bohr	577.93%	528.1MiB / 7.75GiB	6.65%	1.98GB / 3.74GB	108MB / 6.71GB
22:32:41	51	100	15.34	testcontainers-ryuk-b0b7314d-062f-4965-9dec-9cd64312c536	0.00%	11.57MiB / 7.75GiB	0.15%	10.6kB / 8.45kB	6.64MB / 0B
22:33:43	58	100	16.28	vigorous_chaplygin	72.26%	866MiB / 7.75GiB	10.91%	890MB / 877MB	93.7MB / 730MB
22:33:43	58	100	16.28	clever_bohr	508.60%	534.4MiB / 7.75GiB	6.73%	2.09GB / 3.94GB	108MB / 7.35GB
22:33:43	58	100	16.28	testcontainers-ryuk-b0b7314d-062f-4965-9dec-9cd64312c536	0.00%	11.57MiB / 7.75GiB	0.15%	11kB / 8.8kB	6.64MB / 0B
22:34:45	62	100	18.86	vigorous_chaplygin	71.62%	869.2MiB / 7.75GiB	10.95%	933MB / 919MB	93.7MB / 765MB
22:34:45	62	100	18.86	clever_bohr	483.53%	534.8MiB / 7.75GiB	6.74%	2.19GB / 4.14GB	108MB / 7.86GB
22:34:45	62	100	18.86	testcontainers-ryuk-b0b7314d-062f-4965-9dec-9cd64312c536	0.00%	11.57MiB / 7.75GiB	0.15%	11.3kB / 9.15kB	6.64MB / 0B
22:35:48	60	100	19.50	vigorous_chaplygin	68.76%	873.1MiB / 7.75GiB	11.00%	976MB / 962MB	93.7MB / 800MB
22:35:48	60	100	19.50	clever_bohr	546.68%	534.7MiB / 7.75GiB	6.74%	2.29GB / 4.33GB	108MB / 8.43GB
22:35:48	60	100	19.50	testcontainers-ryuk-b0b7314d-062f-4965-9dec-9cd64312c536	0.00%	11.57MiB / 7.75GiB	0.15%	11.7kB / 9.58kB	6.64MB / 0B
22:36:50	53	100	15.97	vigorous_chaplygin	78.12%	874.2MiB / 7.75GiB	11.02%	1.02GB / 1GB	93.7MB / 835MB
22:36:50	53	100	15.97	clever_bohr	577.28%	539.8MiB / 7.75GiB	6.80%	2.39GB / 4.53GB	108MB / 9.1GB
22:36:50	53	100	15.97	testcontainers-ryuk-b0b7314d-062f-4965-9dec-9cd64312c536	0.00%	11.57MiB / 7.75GiB	0.15%	12.1kB / 9.93kB	6.64MB / 0B
22:37:52	53	100	13.48	vigorous_chaplygin	74.32%	881.2MiB / 7.75GiB	11.10%	1.06GB / 1.05GB	93.7MB / 870MB
22:37:52	53	100	13.48	clever_bohr	539.37%	539MiB / 7.75GiB	6.79%	2.5GB / 4.73GB	108MB / 9.64GB
22:37:52	53	100	13.48	testcontainers-ryuk-b0b7314d-062f-4965-9dec-9cd64312c536	0.00%	11.57MiB / 7.75GiB	0.15%	12.4kB / 10.3kB	6.64MB / 0B
22:38:55	53	100	13.65	vigorous_chaplygin	76.51%	882.6MiB / 7.75GiB	11.12%	1.11GB / 1.09GB	93.7MB / 905MB
22:38:55	53	100	13.65	clever_bohr	536.53%	539.3MiB / 7.75GiB	6.80%	2.6GB / 4.93GB	108MB / 10.3GB
22:38:55	53	100	13.65	testcontainers-ryuk-b0b7314d-062f-4965-9dec-9cd64312c536	0.00%	11.57MiB / 7.75GiB	0.15%	12.9kB / 10.7kB	6.64MB / 0B
22:39:57	60	100	13.93	vigorous_chaplygin	85.00%	886MiB / 7.75GiB	11.16%	1.15GB / 1.13GB	93.7MB / 940MB
22:39:57	60	100	13.93	clever_bohr	588.59%	539.5MiB / 7.75GiB	6.80%	2.71GB / 5.13GB	108MB / 11.1GB
22:39:57	60	100	13.93	testcontainers-ryuk-b0b7314d-062f-4965-9dec-9cd64312c536	0.00%	11.57MiB / 7.75GiB	0.15%	13.3kB / 11.1kB	6.64MB / 0B
22:41:00	62	100	14.49	vigorous_chaplygin	76.41%	895.5MiB / 7.75GiB	11.28%	1.19GB / 1.18GB	93.7MB / 975MB
22:41:00	62	100	14.49	clever_bohr	557.05%	539.5MiB / 7.75GiB	6.80%	2.81GB / 5.32GB	108MB / 11.8GB
22:41:00	62	100	14.49	testcontainers-ryuk-b0b7314d-062f-4965-9dec-9cd64312c536	0.00%	11.57MiB / 7.75GiB	0.15%	13.6kB / 11.5kB	6.64MB / 0B
22:42:02	58	100	14.55	vigorous_chaplygin	75.23%	896.9MiB / 7.75GiB	11.30%	1.24GB / 1.22GB	93.7MB / 1.01GB
22:42:02	58	100	14.55	clever_bohr	419.55%	416.8MiB / 7.75GiB	5.25%	2.91GB / 5.52GB	110MB / 12.2GB
22:42:02	58	100	14.55	testcontainers-ryuk-b0b7314d-062f-4965-9dec-9cd64312c536	0.00%	11.57MiB / 7.75GiB	0.15%	14.1kB / 11.9kB	6.64MB / 0B
22:43:04	53	100	13.77	vigorous_chaplygin	82.54%	900.1MiB / 7.75GiB	11.34%	1.28GB / 1.26GB	93.7MB / 1.05GB
22:43:04	53	100	13.77	clever_bohr	531.42%	438.8MiB / 7.75GiB	5.53%	3.02GB / 5.73GB	110MB / 13.3GB
22:43:04	53	100	13.77	testcontainers-ryuk-b0b7314d-062f-4965-9dec-9cd64312c536	0.00%	11.57MiB / 7.75GiB	0.15%	14.4kB / 12.3kB	6.64MB / 0B
22:44:06	53	100	13.83	vigorous_chaplygin	89.17%	903.7MiB / 7.75GiB	11.39%	1.33GB / 1.31GB	93.7MB / 1.09GB
22:44:06	53	100	13.83	clever_bohr	416.09%	449.5MiB / 7.75GiB	5.66%	3.13GB / 5.96GB	110MB / 13.8GB
22:44:06	53	100	13.83	testcontainers-ryuk-b0b7314d-062f-4965-9dec-9cd64312c536	0.00%	11.57MiB / 7.75GiB	0.15%	14.8kB / 12.6kB	6.64MB / 0B
22:45:09	58	100	12.16	vigorous_chaplygin	84.22%	907.5MiB / 7.75GiB	11.44%	1.37GB / 1.35GB	93.7MB / 1.12GB
22:45:09	58	100	12.16	clever_bohr	368.23%	465.1MiB / 7.75GiB	5.86%	3.24GB / 6.18GB	110MB / 14.5GB
22:45:09	58	100	12.16	testcontainers-ryuk-b0b7314d-062f-4965-9dec-9cd64312c536	0.00%	11.57MiB / 7.75GiB	0.15%	15.2kB / 13kB	6.64MB / 0B
22:46:11	67	100	12.96	vigorous_chaplygin	71.92%	910.9MiB / 7.75GiB	11.48%	1.42GB / 1.39GB	93.7MB / 1.16GB
22:46:11	67	100	12.96	clever_bohr	302.70%	465.9MiB / 7.75GiB	5.87%	3.35GB / 6.4GB	110MB / 15.1GB
22:46:11	67	100	12.96	testcontainers-ryuk-b0b7314d-062f-4965-9dec-9cd64312c536	0.00%	11.57MiB / 7.75GiB	0.15%	15.6kB / 13.4kB	6.64MB / 0B
22:47:13	62	100	12.76	vigorous_chaplygin	71.79%	915.4MiB / 7.75GiB	11.53%	1.46GB / 1.43GB	93.7MB / 1.19GB
22:47:13	62	100	12.76	clever_bohr	315.78%	473MiB / 7.75GiB	5.96%	3.46GB / 6.61GB	110MB / 15.8GB
22:47:13	62	100	12.76	testcontainers-ryuk-b0b7314d-062f-4965-9dec-9cd64312c536	0.00%	11.57MiB / 7.75GiB	0.15%	16kB / 13.9kB	6.64MB / 0B
22:48:15	53	100	12.61	vigorous_chaplygin	93.88%	922.8MiB / 7.75GiB	11.63%	1.5GB / 1.48GB	93.7MB / 1.23GB
22:48:15	53	100	12.61	clever_bohr	370.08%	473.5MiB / 7.75GiB	5.97%	3.57GB / 6.83GB	110MB / 16.4GB
22:48:15	53	100	12.61	testcontainers-ryuk-b0b7314d-062f-4965-9dec-9cd64312c536	0.00%	11.57MiB / 7.75GiB	0.15%	16.4kB / 14.2kB	6.64MB / 0B
22:49:18	53	100	13.30	vigorous_chaplygin	77.98%	924.1MiB / 7.75GiB	11.64%	1.55GB / 1.52GB	93.7MB / 1.26GB
22:49:18	53	100	13.30	clever_bohr	371.12%	474.4MiB / 7.75GiB	5.98%	3.68GB / 7.06GB	110MB / 16.9GB
22:49:18	53	100	13.30	testcontainers-ryuk-b0b7314d-062f-4965-9dec-9cd64312c536	0.01%	11.57MiB / 7.75GiB	0.15%	16.8kB / 14.6kB	6.64MB / 0B
22:50:21	55	100	14.05	vigorous_chaplygin	85.11%	925MiB / 7.75GiB	11.66%	1.59GB / 1.57GB	93.7MB / 1.3GB
22:50:21	55	100	14.05	clever_bohr	369.72%	490.9MiB / 7.75GiB	6.19%	3.79GB / 7.27GB	110MB / 17.6GB
22:50:21	55	100	14.05	testcontainers-ryuk-b0b7314d-062f-4965-9dec-9cd64312c536	0.00%	11.57MiB / 7.75GiB	0.15%	17.2kB / 15.1kB	6.64MB / 0B
22:51:24	60	100	13.31	vigorous_chaplygin	82.19%	932.2MiB / 7.75GiB	11.75%	1.64GB / 1.61GB	93.7MB / 1.33GB
22:51:24	60	100	13.31	clever_bohr	395.72%	495MiB / 7.75GiB	6.24%	3.9GB / 7.5GB	110MB / 18.2GB
22:51:24	60	100	13.31	testcontainers-ryuk-b0b7314d-062f-4965-9dec-9cd64312c536	0.00%	11.57MiB / 7.75GiB	0.15%	17.6kB / 15.4kB	6.64MB / 0B
22:52:26	65	100	12.18	vigorous_chaplygin	76.75%	949.5MiB / 7.75GiB	11.96%	1.68GB / 1.65GB	93.7MB / 1.37GB
22:52:26	65	100	12.18	clever_bohr	345.31%	495.6MiB / 7.75GiB	6.25%	4.01GB / 7.71GB	110MB / 18.7GB
22:52:26	65	100	12.18	testcontainers-ryuk-b0b7314d-062f-4965-9dec-9cd64312c536	0.00%	11.57MiB / 7.75GiB	0.15%	17.9kB / 15.8kB	6.64MB / 0B
22:53:28	58	100	13.01	vigorous_chaplygin	79.01%	950.6MiB / 7.75GiB	11.98%	1.73GB / 1.69GB	93.7MB / 1.4GB
22:53:28	58	100	13.01	clever_bohr	368.68%	497.1MiB / 7.75GiB	6.26%	4.12GB / 7.93GB	110MB / 19.5GB
22:53:28	58	100	13.01	testcontainers-ryuk-b0b7314d-062f-4965-9dec-9cd64312c536	0.00%	11.57MiB / 7.75GiB	0.15%	18.3kB / 16.2kB	6.64MB / 0B
22:54:31	53	100	12.72	vigorous_chaplygin	81.22%	952.6MiB / 7.75GiB	12.00%	1.77GB / 1.74GB	93.7MB / 1.44GB
22:54:31	53	100	12.72	clever_bohr	418.14%	498MiB / 7.75GiB	6.28%	4.23GB / 8.15GB	110MB / 20.1GB
22:54:31	53	100	12.72	testcontainers-ryuk-b0b7314d-062f-4965-9dec-9cd64312c536	0.00%	11.57MiB / 7.75GiB	0.15%	18.7kB / 16.5kB	6.64MB / 0B
22:55:33	53	100	13.89	vigorous_chaplygin	120.70%	956MiB / 7.75GiB	12.05%	1.82GB / 1.78GB	93.7MB / 1.47GB
22:55:33	53	100	13.89	clever_bohr	436.56%	548.2MiB / 7.75GiB	6.91%	4.34GB / 8.37GB	110MB / 20.7GB
22:55:33	53	100	13.89	testcontainers-ryuk-b0b7314d-062f-4965-9dec-9cd64312c536	0.00%	11.57MiB / 7.75GiB	0.15%	19kB / 16.9kB	6.64MB / 0B
22:56:36	58	100	12.08	vigorous_chaplygin	79.57%	1.237GiB / 7.75GiB	15.96%	1.86GB / 1.83GB	93.7MB / 1.51GB
22:56:36	58	100	12.08	clever_bohr	492.86%	566.1MiB / 7.75GiB	7.13%	4.45GB / 8.59GB	110MB / 21.4GB
22:56:36	58	100	12.08	testcontainers-ryuk-b0b7314d-062f-4965-9dec-9cd64312c536	0.00%	11.57MiB / 7.75GiB	0.15%	19.5kB / 17.4kB	6.64MB / 0B
22:57:38	65	100	13.24	vigorous_chaplygin	72.82%	1.243GiB / 7.75GiB	16.04%	1.91GB / 1.87GB	93.7MB / 1.54GB
22:57:38	65	100	13.24	clever_bohr	336.16%	500MiB / 7.75GiB	6.30%	4.56GB / 8.81GB	110MB / 22.1GB
22:57:38	65	100	13.24	testcontainers-ryuk-b0b7314d-062f-4965-9dec-9cd64312c536	0.00%	11.57MiB / 7.75GiB	0.15%	19.9kB / 17.7kB	6.64MB / 0B
22:58:41	60	100	12.57	vigorous_chaplygin	77.94%	1.244GiB / 7.75GiB	16.05%	1.95GB / 1.91GB	93.7MB / 1.58GB
22:58:41	60	100	12.57	clever_bohr	333.03%	499.9MiB / 7.75GiB	6.30%	4.67GB / 9.03GB	110MB / 23GB
22:58:41	60	100	12.57	testcontainers-ryuk-b0b7314d-062f-4965-9dec-9cd64312c536	0.00%	11.57MiB / 7.75GiB	0.15%	20.2kB / 18.1kB	6.64MB / 0B
22:59:43	55	100	14.22	vigorous_chaplygin	77.52%	1.246GiB / 7.75GiB	16.08%	1.99GB / 1.95GB	93.7MB / 1.62GB
22:59:43	55	100	14.22	clever_bohr	401.91%	504.5MiB / 7.75GiB	6.36%	4.78GB / 9.24GB	110MB / 23.6GB
22:59:43	55	100	14.22	testcontainers-ryuk-b0b7314d-062f-4965-9dec-9cd64312c536	0.00%	11.57MiB / 7.75GiB	0.15%	20.6kB / 18.5kB	6.64MB / 0B
23:00:46	53	100	12.52	vigorous_chaplygin	79.86%	1.248GiB / 7.75GiB	16.11%	2.04GB / 2GB	93.7MB / 1.66GB
23:00:46	53	100	12.52	clever_bohr	427.21%	505.8MiB / 7.75GiB	6.37%	4.89GB / 9.46GB	110MB / 24.3GB
23:00:46	53	100	12.52	testcontainers-ryuk-b0b7314d-062f-4965-9dec-9cd64312c536	0.00%	11.57MiB / 7.75GiB	0.15%	21kB / 18.8kB	6.64MB / 0B
23:01:48	55	100	14.88	vigorous_chaplygin	79.10%	1.251GiB / 7.75GiB	16.14%	2.08GB / 2.04GB	93.7MB / 1.69GB
23:01:48	55	100	14.88	clever_bohr	400.36%	510.3MiB / 7.75GiB	6.43%	5GB / 9.68GB	110MB / 25.1GB
23:01:48	55	100	14.88	testcontainers-ryuk-b0b7314d-062f-4965-9dec-9cd64312c536	0.00%	11.57MiB / 7.75GiB	0.15%	21.4kB / 19.3kB	6.64MB / 0B
23:02:51	62	100	16.33	vigorous_chaplygin	75.41%	1.255GiB / 7.75GiB	16.19%	2.13GB / 2.08GB	93.7MB / 1.73GB
23:02:51	62	100	16.33	clever_bohr	389.14%	515.3MiB / 7.75GiB	6.49%	5.11GB / 9.9GB	110MB / 25.7GB
23:02:51	62	100	16.33	testcontainers-ryuk-b0b7314d-062f-4965-9dec-9cd64312c536	0.00%	11.57MiB / 7.75GiB	0.15%	21.8kB / 19.7kB	6.64MB / 0B
23:03:53	62	100	14.55	vigorous_chaplygin	75.00%	1.27GiB / 7.75GiB	16.38%	2.17GB / 2.13GB	93.7MB / 1.76GB
23:03:53	62	100	14.55	clever_bohr	389.67%	525.4MiB / 7.75GiB	6.62%	5.21GB / 10.1GB	110MB / 26.4GB
23:03:53	62	100	14.55	testcontainers-ryuk-b0b7314d-062f-4965-9dec-9cd64312c536	0.00%	11.57MiB / 7.75GiB	0.15%	22.2kB / 20.1kB	6.64MB / 0B
23:04:55	58	100	14.80	vigorous_chaplygin	78.51%	1.271GiB / 7.75GiB	16.39%	2.22GB / 2.17GB	93.7MB / 1.8GB
23:04:55	58	100	14.80	clever_bohr	379.33%	530.8MiB / 7.75GiB	6.69%	5.32GB / 10.3GB	110MB / 27.1GB
23:04:55	58	100	14.80	testcontainers-ryuk-b0b7314d-062f-4965-9dec-9cd64312c536	0.00%	11.57MiB / 7.75GiB	0.15%	22.6kB / 20.5kB	6.64MB / 0B
23:05:58	55	100	14.42	vigorous_chaplygin	74.23%	1.272GiB / 7.75GiB	16.41%	2.26GB / 2.21GB	93.7MB / 1.83GB
23:05:58	55	100	14.42	clever_bohr	359.36%	531.4MiB / 7.75GiB	6.70%	5.43GB / 10.5GB	110MB / 27.8GB
23:05:58	55	100	14.42	testcontainers-ryuk-b0b7314d-062f-4965-9dec-9cd64312c536	0.00%	11.57MiB / 7.75GiB	0.15%	23kB / 20.9kB	6.64MB / 0B
23:07:00	55	100	14.54	vigorous_chaplygin	81.74%	1.273GiB / 7.75GiB	16.42%	2.3GB / 2.26GB	93.7MB / 1.87GB
23:07:00	55	100	14.54	clever_bohr	389.07%	530.8MiB / 7.75GiB	6.69%	5.54GB / 10.8GB	110MB / 28.4GB
23:07:00	55	100	14.54	testcontainers-ryuk-b0b7314d-062f-4965-9dec-9cd64312c536	0.00%	11.57MiB / 7.75GiB	0.15%	23.4kB / 21.2kB	6.64MB / 0B
23:08:02	60	100	12.39	vigorous_chaplygin	84.38%	1.276GiB / 7.75GiB	16.46%	2.35GB / 2.3GB	93.7MB / 1.9GB
23:08:02	60	100	12.39	clever_bohr	369.18%	535.9MiB / 7.75GiB	6.75%	5.65GB / 11GB	110MB / 29.5GB
23:08:02	60	100	12.39	testcontainers-ryuk-b0b7314d-062f-4965-9dec-9cd64312c536	0.00%	11.57MiB / 7.75GiB	0.15%	23.8kB / 21.6kB	6.64MB / 0B
23:09:05	65	100	12.63	vigorous_chaplygin	72.85%	1.279GiB / 7.75GiB	16.50%	2.39GB / 2.34GB	93.7MB / 1.94GB
23:09:05	65	100	12.63	clever_bohr	356.74%	536.1MiB / 7.75GiB	6.75%	5.76GB / 11.2GB	110MB / 30.1GB
23:09:05	65	100	12.63	testcontainers-ryuk-b0b7314d-062f-4965-9dec-9cd64312c536	0.00%	11.57MiB / 7.75GiB	0.15%	24.2kB / 22kB	6.64MB / 0B
23:10:07	67	100	12.38	vigorous_chaplygin	70.00%	1.282GiB / 7.75GiB	16.54%	2.44GB / 2.39GB	93.7MB / 1.97GB
23:10:07	67	100	12.38	clever_bohr	330.37%	535.9MiB / 7.75GiB	6.75%	5.87GB / 11.4GB	110MB / 30.9GB
23:10:07	67	100	12.38	testcontainers-ryuk-b0b7314d-062f-4965-9dec-9cd64312c536	0.00%	11.57MiB / 7.75GiB	0.15%	24.6kB / 22.4kB	6.64MB / 0B
23:11:09	55	100	12.36	vigorous_chaplygin	81.60%	1.294GiB / 7.75GiB	16.69%	2.48GB / 2.43GB	93.7MB / 2.01GB
23:11:09	55	100	12.36	clever_bohr	369.02%	470MiB / 7.75GiB	5.92%	5.98GB / 11.6GB	110MB / 31.8GB
23:11:09	55	100	12.36	testcontainers-ryuk-b0b7314d-062f-4965-9dec-9cd64312c536	0.00%	11.57MiB / 7.75GiB	0.15%	25kB / 22.8kB	6.64MB / 0B
23:12:12	55	100	12.70	vigorous_chaplygin	79.46%	1.297GiB / 7.75GiB	16.73%	2.53GB / 2.47GB	93.7MB / 2.04GB
23:12:12	55	100	12.70	clever_bohr	388.81%	423.4MiB / 7.75GiB	5.33%	6.09GB / 11.9GB	110MB / 32.4GB
23:12:12	55	100	12.70	testcontainers-ryuk-b0b7314d-062f-4965-9dec-9cd64312c536	0.00%	11.57MiB / 7.75GiB	0.15%	25.4kB / 23.2kB	6.64MB / 0B
23:13:14	55	100	14.59	vigorous_chaplygin	98.07%	1.308GiB / 7.75GiB	16.87%	2.57GB / 2.52GB	93.7MB / 2.08GB
23:13:14	55	100	14.59	clever_bohr	399.77%	458.2MiB / 7.75GiB	5.77%	6.2GB / 12.1GB	110MB / 33.2GB
23:13:14	55	100	14.59	testcontainers-ryuk-b0b7314d-062f-4965-9dec-9cd64312c536	0.00%	11.57MiB / 7.75GiB	0.15%	25.8kB / 23.6kB	6.64MB / 0B
23:14:17	65	100	14.03	vigorous_chaplygin	77.47%	1.309GiB / 7.75GiB	16.89%	2.62GB / 2.56GB	93.7MB / 2.12GB
23:14:17	65	100	14.03	clever_bohr	316.05%	469.1MiB / 7.75GiB	5.91%	6.31GB / 12.3GB	110MB / 33.7GB
23:14:17	65	100	14.03	testcontainers-ryuk-b0b7314d-062f-4965-9dec-9cd64312c536	0.00%	11.57MiB / 7.75GiB	0.15%	26.2kB / 24.1kB	6.64MB / 0B
23:15:19	60	100	14.31	vigorous_chaplygin	80.24%	1.31GiB / 7.75GiB	16.91%	2.66GB / 2.6GB	93.7MB / 2.15GB
23:15:19	60	100	14.31	clever_bohr	377.87%	474.5MiB / 7.75GiB	5.98%	6.42GB / 12.5GB	110MB / 34.3GB
23:15:19	60	100	14.31	testcontainers-ryuk-b0b7314d-062f-4965-9dec-9cd64312c536	0.00%	11.57MiB / 7.75GiB	0.15%	26.6kB / 24.5kB	6.64MB / 0B
23:16:21	58	100	13.38	vigorous_chaplygin	79.75%	1.313GiB / 7.75GiB	16.95%	2.7GB / 2.65GB	93.7MB / 2.19GB
23:16:21	58	100	13.38	clever_bohr	390.74%	487.8MiB / 7.75GiB	6.15%	6.53GB / 12.7GB	110MB / 35.1GB
23:16:21	58	100	13.38	testcontainers-ryuk-b0b7314d-062f-4965-9dec-9cd64312c536	0.00%	11.57MiB / 7.75GiB	0.15%	27.1kB / 24.9kB	6.64MB / 0B
23:17:24	53	100	13.35	vigorous_chaplygin	82.33%	1.314GiB / 7.75GiB	16.96%	2.75GB / 2.69GB	93.7MB / 2.23GB
23:17:24	53	100	13.35	clever_bohr	441.51%	496.6MiB / 7.75GiB	6.26%	6.64GB / 12.9GB	110MB / 35.7GB
23:17:24	53	100	13.35	testcontainers-ryuk-b0b7314d-062f-4965-9dec-9cd64312c536	0.00%	11.57MiB / 7.75GiB	0.15%	27.5kB / 25.3kB	6.64MB / 0B
23:18:26	55	100	12.61	vigorous_chaplygin	76.48%	1.318GiB / 7.75GiB	17.01%	2.79GB / 2.73GB	93.7MB / 2.26GB
23:18:26	55	100	12.61	clever_bohr	422.43%	506.6MiB / 7.75GiB	6.38%	6.75GB / 13.2GB	110MB / 36.5GB
23:18:26	55	100	12.61	testcontainers-ryuk-b0b7314d-062f-4965-9dec-9cd64312c536	0.00%	11.57MiB / 7.75GiB	0.15%	27.8kB / 25.7kB	6.64MB / 0B
23:19:28	60	100	12.48	vigorous_chaplygin	79.78%	1.32GiB / 7.75GiB	17.03%	2.84GB / 2.78GB	93.7MB / 2.3GB
23:19:28	60	100	12.48	clever_bohr	393.54%	515.6MiB / 7.75GiB	6.50%	6.86GB / 13.4GB	110MB / 37.2GB
23:19:28	60	100	12.48	testcontainers-ryuk-b0b7314d-062f-4965-9dec-9cd64312c536	0.00%	11.57MiB / 7.75GiB	0.15%	28.3kB / 26.1kB	6.64MB / 0B
23:20:31	65	100	12.94	vigorous_chaplygin	71.58%	1.324GiB / 7.75GiB	17.08%	2.88GB / 2.82GB	93.7MB / 2.33GB
23:20:31	65	100	12.94	clever_bohr	368.47%	515.8MiB / 7.75GiB	6.50%	6.97GB / 13.6GB	110MB / 38GB
23:20:31	65	100	12.94	testcontainers-ryuk-b0b7314d-062f-4965-9dec-9cd64312c536	0.00%	11.57MiB / 7.75GiB	0.15%	28.7kB / 26.5kB	6.64MB / 0B
23:21:33	62	100	14.04	vigorous_chaplygin	78.16%	1.327GiB / 7.75GiB	17.12%	2.93GB / 2.86GB	93.7MB / 2.37GB
23:21:33	62	100	14.04	clever_bohr	373.15%	517.2MiB / 7.75GiB	6.52%	7.08GB / 13.8GB	110MB / 38.8GB
23:21:33	62	100	14.04	testcontainers-ryuk-b0b7314d-062f-4965-9dec-9cd64312c536	0.00%	11.57MiB / 7.75GiB	0.15%	29.1kB / 26.9kB	6.64MB / 0B
23:22:35	55	100	13.62	vigorous_chaplygin	94.68%	1.331GiB / 7.75GiB	17.18%	2.97GB / 2.91GB	93.7MB / 2.4GB
23:22:35	55	100	13.62	clever_bohr	394.99%	521.8MiB / 7.75GiB	6.57%	7.19GB / 14GB	110MB / 39.5GB
23:22:35	55	100	13.62	testcontainers-ryuk-b0b7314d-062f-4965-9dec-9cd64312c536	0.00%	11.57MiB / 7.75GiB	0.15%	29.4kB / 27.2kB	6.64MB / 0B
23:23:38	55	100	11.62	vigorous_chaplygin	83.38%	1.334GiB / 7.75GiB	17.22%	3.02GB / 2.95GB	93.7MB / 2.44GB
23:23:38	55	100	11.62	clever_bohr	451.77%	580.4MiB / 7.75GiB	7.31%	7.3GB / 14.3GB	110MB / 40.5GB
23:23:38	55	100	11.62	testcontainers-ryuk-b0b7314d-062f-4965-9dec-9cd64312c536	0.00%	11.57MiB / 7.75GiB	0.15%	29.7kB / 27.6kB	6.64MB / 0B
23:24:40	55	100	11.18	vigorous_chaplygin	77.53%	1.337GiB / 7.75GiB	17.26%	3.06GB / 2.99GB	93.7MB / 2.47GB
23:24:40	55	100	11.18	clever_bohr	743.56%	586.1MiB / 7.75GiB	7.38%	7.41GB / 14.5GB	110MB / 41.5GB
23:24:40	55	100	11.18	testcontainers-ryuk-b0b7314d-062f-4965-9dec-9cd64312c536	0.00%	11.57MiB / 7.75GiB	0.15%	30.1kB / 28kB	6.64MB / 0B
23:25:43	65	100	12.48	vigorous_chaplygin	74.67%	1.34GiB / 7.75GiB	17.29%	3.11GB / 3.04GB	93.7MB / 2.51GB
23:25:43	65	100	12.48	clever_bohr	340.13%	518MiB / 7.75GiB	6.53%	7.52GB / 14.7GB	110MB / 42.2GB
23:25:43	65	100	12.48	testcontainers-ryuk-b0b7314d-062f-4965-9dec-9cd64312c536	0.00%	11.57MiB / 7.75GiB	0.15%	30.5kB / 28.3kB	6.64MB / 0B
23:26:45	65	100	11.57	vigorous_chaplygin	75.56%	1.344GiB / 7.75GiB	17.34%	3.15GB / 3.08GB	93.7MB / 2.54GB
23:26:45	65	100	11.57	clever_bohr	368.56%	518.4MiB / 7.75GiB	6.53%	7.63GB / 14.9GB	110MB / 43GB
23:26:45	65	100	11.57	testcontainers-ryuk-b0b7314d-062f-4965-9dec-9cd64312c536	0.00%	11.57MiB / 7.75GiB	0.15%	30.9kB / 28.7kB	6.64MB / 0B
23:27:47	58	100	13.48	vigorous_chaplygin	79.28%	1.347GiB / 7.75GiB	17.37%	3.19GB / 3.12GB	93.7MB / 2.58GB
23:27:47	58	100	13.48	clever_bohr	388.24%	519.1MiB / 7.75GiB	6.54%	7.74GB / 15.2GB	110MB / 43.7GB
23:27:47	58	100	13.48	testcontainers-ryuk-b0b7314d-062f-4965-9dec-9cd64312c536	0.00%	11.57MiB / 7.75GiB	0.15%	31.3kB / 29.2kB	6.64MB / 0B
23:28:50	55	100	15.90	vigorous_chaplygin	87.81%	1.35GiB / 7.75GiB	17.42%	3.24GB / 3.17GB	93.7MB / 2.62GB
23:28:50	55	100	15.90	clever_bohr	402.99%	524.2MiB / 7.75GiB	6.61%	7.85GB / 15.4GB	110MB / 44.4GB
23:28:50	55	100	15.90	testcontainers-ryuk-b0b7314d-062f-4965-9dec-9cd64312c536	0.00%	11.57MiB / 7.75GiB	0.15%	31.7kB / 29.5kB	6.64MB / 0B
23:29:52	58	100	14.28	vigorous_chaplygin	82.53%	1.352GiB / 7.75GiB	17.45%	3.28GB / 3.21GB	93.7MB / 2.65GB
23:29:52	58	100	14.28	clever_bohr	346.56%	535.3MiB / 7.75GiB	6.74%	7.96GB / 15.6GB	110MB / 45.2GB
23:29:52	58	100	14.28	testcontainers-ryuk-b0b7314d-062f-4965-9dec-9cd64312c536	0.00%	11.57MiB / 7.75GiB	0.15%	32.1kB / 29.9kB	6.64MB / 0B
23:30:54	60	100	12.99	vigorous_chaplygin	82.79%	1.355GiB / 7.75GiB	17.49%	3.33GB / 3.25GB	93.7MB / 2.69GB
23:30:54	60	100	12.99	clever_bohr	349.53%	533.6MiB / 7.75GiB	6.72%	8.07GB / 15.8GB	110MB / 46GB
23:30:54	60	100	12.99	testcontainers-ryuk-b0b7314d-062f-4965-9dec-9cd64312c536	0.00%	11.57MiB / 7.75GiB	0.15%	32.5kB / 30.4kB	6.64MB / 0B
23:31:57	65	100	12.77	vigorous_chaplygin	70.94%	1.368GiB / 7.75GiB	17.65%	3.37GB / 3.3GB	93.7MB / 2.72GB
23:31:57	65	100	12.77	clever_bohr	328.21%	534.7MiB / 7.75GiB	6.74%	8.18GB / 16GB	110MB / 46.7GB
23:31:57	65	100	12.77	testcontainers-ryuk-b0b7314d-062f-4965-9dec-9cd64312c536	0.00%	11.57MiB / 7.75GiB	0.15%	32.9kB / 30.8kB	6.64MB / 0B
23:32:59	62	100	13.17	vigorous_chaplygin	78.60%	1.369GiB / 7.75GiB	17.67%	3.42GB / 3.34GB	93.7MB / 2.76GB
23:32:59	62	100	13.17	clever_bohr	326.34%	536.4MiB / 7.75GiB	6.76%	8.29GB / 16.3GB	110MB / 47.7GB
23:32:59	62	100	13.17	testcontainers-ryuk-b0b7314d-062f-4965-9dec-9cd64312c536	0.00%	11.57MiB / 7.75GiB	0.15%	33.3kB / 31.1kB	6.64MB / 0B
23:34:01	55	100	13.83	vigorous_chaplygin	81.47%	1.37GiB / 7.75GiB	17.68%	3.46GB / 3.38GB	93.7MB / 2.79GB
23:34:01	55	100	13.83	clever_bohr	404.04%	536.9MiB / 7.75GiB	6.77%	8.4GB / 16.5GB	110MB / 48.3GB
23:34:01	55	100	13.83	testcontainers-ryuk-b0b7314d-062f-4965-9dec-9cd64312c536	0.00%	11.57MiB / 7.75GiB	0.15%	33.6kB / 31.5kB	6.64MB / 0B
23:35:03	55	100	12.51	vigorous_chaplygin	82.73%	1.373GiB / 7.75GiB	17.72%	3.51GB / 3.43GB	93.7MB / 2.83GB
23:35:03	55	100	12.51	clever_bohr	419.99%	535.4MiB / 7.75GiB	6.75%	8.51GB / 16.7GB	110MB / 49.3GB
23:35:03	55	100	12.51	testcontainers-ryuk-b0b7314d-062f-4965-9dec-9cd64312c536	0.00%	11.57MiB / 7.75GiB	0.15%	34kB / 31.8kB	6.64MB / 0B
23:36:06	58	100	12.27	vigorous_chaplygin	84.58%	1.376GiB / 7.75GiB	17.76%	3.55GB / 3.47GB	93.7MB / 2.87GB
23:36:06	58	100	12.27	clever_bohr	385.62%	542.1MiB / 7.75GiB	6.83%	8.62GB / 16.9GB	110MB / 50.1GB
23:36:06	58	100	12.27	testcontainers-ryuk-b0b7314d-062f-4965-9dec-9cd64312c536	0.00%	11.57MiB / 7.75GiB	0.15%	34.3kB / 32.2kB	6.64MB / 0B
23:37:08	65	100	12.48	vigorous_chaplygin	66.94%	1.38GiB / 7.75GiB	17.80%	3.59GB / 3.51GB	93.7MB / 2.9GB
23:37:08	65	100	12.48	clever_bohr	485.33%	541.9MiB / 7.75GiB	6.83%	8.73GB / 17.1GB	110MB / 50.9GB
23:37:08	65	100	12.48	testcontainers-ryuk-b0b7314d-062f-4965-9dec-9cd64312c536	0.00%	11.57MiB / 7.75GiB	0.15%	34.8kB / 32.6kB	6.64MB / 0B
23:38:10	65	100	12.44	vigorous_chaplygin	71.26%	1.381GiB / 7.75GiB	17.82%	3.64GB / 3.56GB	93.7MB / 2.94GB
23:38:10	65	100	12.44	clever_bohr	324.95%	542MiB / 7.75GiB	6.83%	8.84GB / 17.3GB	110MB / 51.8GB
23:38:10	65	100	12.44	testcontainers-ryuk-b0b7314d-062f-4965-9dec-9cd64312c536	0.00%	11.57MiB / 7.75GiB	0.15%	35.1kB / 33kB	6.64MB / 0B
23:39:13	58	100	13.84	vigorous_chaplygin	71.70%	1.382GiB / 7.75GiB	17.83%	3.68GB / 3.6GB	93.7MB / 2.97GB
23:39:13	58	100	13.84	clever_bohr	399.91%	541.9MiB / 7.75GiB	6.83%	8.95GB / 17.6GB	110MB / 52.7GB
23:39:13	58	100	13.84	testcontainers-ryuk-b0b7314d-062f-4965-9dec-9cd64312c536	0.00%	11.57MiB / 7.75GiB	0.15%	35.5kB / 33.3kB	6.64MB / 0B
23:40:15	53	100	12.24	vigorous_chaplygin	77.23%	1.384GiB / 7.75GiB	17.86%	3.73GB / 3.64GB	93.7MB / 3.01GB
23:40:15	53	100	12.24	clever_bohr	383.29%	527.9MiB / 7.75GiB	6.65%	9.06GB / 17.8GB	110MB / 53.4GB
23:40:15	53	100	12.24	testcontainers-ryuk-b0b7314d-062f-4965-9dec-9cd64312c536	0.00%	11.57MiB / 7.75GiB	0.15%	35.8kB / 33.7kB	6.64MB / 0B
23:41:17	55	100	12.99	vigorous_chaplygin	80.48%	1.385GiB / 7.75GiB	17.87%	3.77GB / 3.68GB	93.7MB / 3.04GB
23:41:17	55	100	12.99	clever_bohr	389.43%	422.7MiB / 7.75GiB	5.33%	9.17GB / 18GB	110MB / 54.3GB
23:41:17	55	100	12.99	testcontainers-ryuk-b0b7314d-062f-4965-9dec-9cd64312c536	0.00%	11.57MiB / 7.75GiB	0.15%	36.2kB / 34kB	6.64MB / 0B
23:42:19	62	100	11.73	vigorous_chaplygin	77.79%	1.386GiB / 7.75GiB	17.88%	3.82GB / 3.73GB	93.7MB / 3.08GB
23:42:19	62	100	11.73	clever_bohr	343.99%	423.2MiB / 7.75GiB	5.33%	9.28GB / 18.2GB	110MB / 54.9GB
23:42:19	62	100	11.73	testcontainers-ryuk-b0b7314d-062f-4965-9dec-9cd64312c536	0.01%	11.57MiB / 7.75GiB	0.15%	36.6kB / 34.4kB	6.64MB / 0B
23:43:22	67	100	13.89	vigorous_chaplygin	70.39%	1.387GiB / 7.75GiB	17.90%	3.86GB / 3.77GB	93.7MB / 3.12GB
23:43:22	67	100	13.89	clever_bohr	326.65%	449.7MiB / 7.75GiB	5.67%	9.39GB / 18.5GB	110MB / 55.6GB
23:43:22	67	100	13.89	testcontainers-ryuk-b0b7314d-062f-4965-9dec-9cd64312c536	0.00%	11.57MiB / 7.75GiB	0.15%	37kB / 34.8kB	6.64MB / 0B
23:44:24	62	100	13.72	vigorous_chaplygin	77.96%	1.388GiB / 7.75GiB	17.90%	3.91GB / 3.81GB	93.7MB / 3.15GB
23:44:24	62	100	13.72	clever_bohr	355.26%	460.9MiB / 7.75GiB	5.81%	9.5GB / 18.7GB	110MB / 56.5GB
23:44:24	62	100	13.72	testcontainers-ryuk-b0b7314d-062f-4965-9dec-9cd64312c536	0.00%	11.57MiB / 7.75GiB	0.15%	37.4kB / 35.2kB	6.64MB / 0B
23:45:26	55	100	13.60	vigorous_chaplygin	83.26%	1.389GiB / 7.75GiB	17.92%	3.95GB / 3.86GB	93.7MB / 3.19GB
23:45:26	55	100	13.60	clever_bohr	523.44%	470MiB / 7.75GiB	5.92%	9.61GB / 18.9GB	110MB / 57.1GB
23:45:26	55	100	13.60	testcontainers-ryuk-b0b7314d-062f-4965-9dec-9cd64312c536	0.00%	11.57MiB / 7.75GiB	0.15%	37.8kB / 35.6kB	6.64MB / 0B
23:46:29	55	100	14.84	vigorous_chaplygin	85.47%	1.391GiB / 7.75GiB	17.94%	4GB / 3.9GB	93.7MB / 3.22GB
23:46:29	55	100	14.84	clever_bohr	604.10%	475.7MiB / 7.75GiB	5.99%	9.72GB / 19.1GB	110MB / 58.1GB
23:46:29	55	100	14.84	testcontainers-ryuk-b0b7314d-062f-4965-9dec-9cd64312c536	0.00%	11.57MiB / 7.75GiB	0.15%	38.1kB / 36kB	6.64MB / 0B
23:47:31	58	100	13.30	vigorous_chaplygin	78.66%	1.391GiB / 7.75GiB	17.95%	4.04GB / 3.94GB	93.7MB / 3.26GB
23:47:31	58	100	13.30	clever_bohr	483.67%	480.2MiB / 7.75GiB	6.05%	9.83GB / 19.3GB	110MB / 58.7GB
23:47:31	58	100	13.30	testcontainers-ryuk-b0b7314d-062f-4965-9dec-9cd64312c536	0.00%	11.57MiB / 7.75GiB	0.15%	38.6kB / 36.4kB	6.64MB / 0B
23:48:33	67	100	13.29	vigorous_chaplygin	72.38%	1.393GiB / 7.75GiB	17.97%	4.08GB / 3.99GB	93.7MB / 3.29GB
23:48:33	67	100	13.29	clever_bohr	395.06%	489MiB / 7.75GiB	6.16%	9.94GB / 19.6GB	110MB / 59.5GB
23:48:33	67	100	13.29	testcontainers-ryuk-b0b7314d-062f-4965-9dec-9cd64312c536	0.00%	11.57MiB / 7.75GiB	0.15%	39kB / 36.9kB	6.64MB / 0B
23:49:36	65	100	12.25	vigorous_chaplygin	74.63%	1.394GiB / 7.75GiB	17.98%	4.13GB / 4.03GB	93.7MB / 3.33GB
23:49:36	65	100	12.25	clever_bohr	343.58%	489.1MiB / 7.75GiB	6.16%	10.1GB / 19.8GB	110MB / 60.2GB
23:49:36	65	100	12.25	testcontainers-ryuk-b0b7314d-062f-4965-9dec-9cd64312c536	0.00%	11.57MiB / 7.75GiB	0.15%	39.5kB / 37.4kB	6.64MB / 0B
23:50:38	58	100	13.47	vigorous_chaplygin	78.11%	1.395GiB / 7.75GiB	18.00%	4.17GB / 4.08GB	93.7MB / 3.36GB
23:50:38	58	100	13.47	clever_bohr	377.52%	486.6MiB / 7.75GiB	6.13%	10.2GB / 20GB	110MB / 60.8GB
23:50:38	58	100	13.47	testcontainers-ryuk-b0b7314d-062f-4965-9dec-9cd64312c536	0.00%	11.57MiB / 7.75GiB	0.15%	39.9kB / 37.8kB	6.64MB / 0B
23:51:40	58	100	13.36	vigorous_chaplygin	79.17%	1.396GiB / 7.75GiB	18.01%	4.22GB / 4.12GB	93.7MB / 3.4GB
23:51:40	58	100	13.36	clever_bohr	431.46%	487.4MiB / 7.75GiB	6.14%	10.3GB / 20.2GB	110MB / 61.7GB
23:51:40	58	100	13.36	testcontainers-ryuk-b0b7314d-062f-4965-9dec-9cd64312c536	0.00%	11.57MiB / 7.75GiB	0.15%	40.4kB / 38.2kB	6.64MB / 0B
23:52:43	55	100	14.31	vigorous_chaplygin	83.78%	1.397GiB / 7.75GiB	18.02%	4.26GB / 4.16GB	93.7MB / 3.43GB
23:52:43	55	100	14.31	clever_bohr	398.89%	489.6MiB / 7.75GiB	6.17%	10.4GB / 20.5GB	110MB / 62.3GB
23:52:43	55	100	14.31	testcontainers-ryuk-b0b7314d-062f-4965-9dec-9cd64312c536	0.00%	11.57MiB / 7.75GiB	0.15%	40.8kB / 38.6kB	6.64MB / 0B
23:53:45	62	100	13.38	vigorous_chaplygin	91.95%	1.398GiB / 7.75GiB	18.04%	4.31GB / 4.21GB	93.7MB / 3.47GB
23:53:45	62	100	13.38	clever_bohr	381.53%	494.9MiB / 7.75GiB	6.24%	10.5GB / 20.7GB	110MB / 63.1GB
23:53:45	62	100	13.38	testcontainers-ryuk-b0b7314d-062f-4965-9dec-9cd64312c536	0.00%	11.57MiB / 7.75GiB	0.15%	41.1kB / 39kB	6.64MB / 0B
23:54:47	65	100	13.22	vigorous_chaplygin	68.43%	1.399GiB / 7.75GiB	18.06%	4.35GB / 4.25GB	93.7MB / 3.51GB
23:54:47	65	100	13.22	clever_bohr	310.58%	495.4MiB / 7.75GiB	6.24%	10.6GB / 20.9GB	110MB / 63.8GB
23:54:47	65	100	13.22	testcontainers-ryuk-b0b7314d-062f-4965-9dec-9cd64312c536	0.00%	11.57MiB / 7.75GiB	0.15%	41.5kB / 39.4kB	6.64MB / 0B
23:55:49	60	100	15.15	vigorous_chaplygin	74.05%	1.4GiB / 7.75GiB	18.07%	4.4GB / 4.29GB	93.7MB / 3.54GB
23:55:49	60	100	15.15	clever_bohr	355.45%	499.8MiB / 7.75GiB	6.30%	10.7GB / 21.1GB	110MB / 64.6GB
23:55:49	60	100	15.15	testcontainers-ryuk-b0b7314d-062f-4965-9dec-9cd64312c536	0.00%	11.57MiB / 7.75GiB	0.15%	41.9kB / 39.8kB	6.64MB / 0B
23:56:52	58	100	12.93	vigorous_chaplygin	77.20%	1.401GiB / 7.75GiB	18.08%	4.44GB / 4.33GB	93.7MB / 3.58GB
23:56:52	58	100	12.93	clever_bohr	380.38%	500.6MiB / 7.75GiB	6.31%	10.8GB / 21.3GB	110MB / 65.4GB
23:56:52	58	100	12.93	testcontainers-ryuk-b0b7314d-062f-4965-9dec-9cd64312c536	0.00%	11.57MiB / 7.75GiB	0.15%	42.3kB / 40.2kB	6.64MB / 0B
23:57:54	58	100	13.05	vigorous_chaplygin	77.43%	1.402GiB / 7.75GiB	18.10%	4.49GB / 4.38GB	93.7MB / 3.62GB
23:57:54	58	100	13.05	clever_bohr	393.00%	505.9MiB / 7.75GiB	6.38%	10.9GB / 21.6GB	110MB / 66.2GB
23:57:54	58	100	13.05	testcontainers-ryuk-b0b7314d-062f-4965-9dec-9cd64312c536	0.00%	11.57MiB / 7.75GiB	0.15%	42.7kB / 40.6kB	6.64MB / 0B
23:58:56	60	100	12.92	vigorous_chaplygin	80.29%	1.403GiB / 7.75GiB	18.11%	4.53GB / 4.42GB	93.7MB / 3.65GB
23:58:56	60	100	12.92	clever_bohr	380.42%	505.7MiB / 7.75GiB	6.37%	11.1GB / 21.8GB	110MB / 67.1GB
23:58:56	60	100	12.92	testcontainers-ryuk-b0b7314d-062f-4965-9dec-9cd64312c536	0.00%	11.57MiB / 7.75GiB	0.15%	43.1kB / 40.9kB	6.64MB / 0B
23:59:59	67	100	13.97	vigorous_chaplygin	83.34%	1.405GiB / 7.75GiB	18.12%	4.57GB / 4.46GB	93.7MB / 3.69GB
23:59:59	67	100	13.97	clever_bohr	419.74%	510.3MiB / 7.75GiB	6.43%	11.2GB / 22GB	110MB / 68.2GB
23:59:59	67	100	13.97	testcontainers-ryuk-b0b7314d-062f-4965-9dec-9cd64312c536	0.00%	11.57MiB / 7.75GiB	0.15%	43.5kB / 41.3kB	6.64MB / 0B
00:01:01	65	100	15.09	vigorous_chaplygin	80.22%	1.406GiB / 7.75GiB	18.14%	4.62GB / 4.51GB	93.7MB / 3.72GB
00:01:01	65	100	15.09	clever_bohr	374.44%	515.3MiB / 7.75GiB	6.49%	11.3GB / 22.2GB	110MB / 68.9GB
00:01:01	65	100	15.09	testcontainers-ryuk-b0b7314d-062f-4965-9dec-9cd64312c536	0.00%	11.57MiB / 7.75GiB	0.15%	43.9kB / 41.7kB	6.64MB / 0B
00:02:04	58	100	14.79	vigorous_chaplygin	76.20%	1.407GiB / 7.75GiB	18.16%	4.66GB / 4.55GB	93.7MB / 3.76GB
00:02:04	58	100	14.79	clever_bohr	376.87%	515.7MiB / 7.75GiB	6.50%	11.4GB / 22.4GB	110MB / 69.5GB
00:02:04	58	100	14.79	testcontainers-ryuk-b0b7314d-062f-4965-9dec-9cd64312c536	0.00%	11.57MiB / 7.75GiB	0.15%	44.3kB / 42.1kB	6.64MB / 0B
00:03:06	58	100	14.46	vigorous_chaplygin	76.03%	1.408GiB / 7.75GiB	18.16%	4.71GB / 4.6GB	93.7MB / 3.79GB
00:03:06	58	100	14.46	clever_bohr	396.15%	514.7MiB / 7.75GiB	6.49%	11.5GB / 22.7GB	110MB / 70.6GB
00:03:06	58	100	14.46	testcontainers-ryuk-b0b7314d-062f-4965-9dec-9cd64312c536	0.00%	11.57MiB / 7.75GiB	0.15%	44.7kB / 42.5kB	6.64MB / 0B
00:04:08	58	100	13.17	vigorous_chaplygin	86.12%	1.448GiB / 7.75GiB	18.68%	4.75GB / 4.64GB	93.7MB / 3.83GB
00:04:08	58	100	13.17	clever_bohr	389.34%	516.5MiB / 7.75GiB	6.51%	11.6GB / 22.9GB	110MB / 71.3GB
00:04:08	58	100	13.17	testcontainers-ryuk-b0b7314d-062f-4965-9dec-9cd64312c536	0.00%	11.59MiB / 7.75GiB	0.15%	45kB / 42.9kB	6.64MB / 0B
00:05:11	60	100	11.77	vigorous_chaplygin	79.05%	1.448GiB / 7.75GiB	18.69%	4.8GB / 4.68GB	93.7MB / 3.86GB
00:05:11	60	100	11.77	clever_bohr	364.80%	517.6MiB / 7.75GiB	6.52%	11.7GB / 23.1GB	110MB / 72.3GB
00:05:11	60	100	11.77	testcontainers-ryuk-b0b7314d-062f-4965-9dec-9cd64312c536	0.00%	11.59MiB / 7.75GiB	0.15%	45.4kB / 43.2kB	6.64MB / 0B
00:06:13	67	100	12.07	vigorous_chaplygin	67.54%	1.524GiB / 7.75GiB	19.66%	4.84GB / 4.73GB	93.7MB / 3.9GB
00:06:13	67	100	12.07	clever_bohr	304.08%	529.9MiB / 7.75GiB	6.68%	11.8GB / 23.3GB	110MB / 73GB
00:06:13	67	100	12.07	testcontainers-ryuk-b0b7314d-062f-4965-9dec-9cd64312c536	0.00%	11.59MiB / 7.75GiB	0.15%	45.8kB / 43.6kB	6.64MB / 0B
00:07:15	58	100	13.88	vigorous_chaplygin	79.31%	1.604GiB / 7.75GiB	20.70%	4.89GB / 4.77GB	93.7MB / 3.93GB
00:07:15	58	100	13.88	clever_bohr	373.90%	551.2MiB / 7.75GiB	6.95%	11.9GB / 23.6GB	110MB / 73.7GB
00:07:15	58	100	13.88	testcontainers-ryuk-b0b7314d-062f-4965-9dec-9cd64312c536	0.00%	11.59MiB / 7.75GiB	0.15%	46.1kB / 44kB	6.64MB / 0B
00:08:17	58	100	12.36	vigorous_chaplygin	87.02%	1.83GiB / 7.75GiB	23.62%	4.93GB / 4.81GB	93.7MB / 3.97GB
00:08:17	58	100	12.36	clever_bohr	367.74%	600.1MiB / 7.75GiB	7.56%	12GB / 23.8GB	110MB / 74.8GB
00:08:17	58	100	12.36	testcontainers-ryuk-b0b7314d-062f-4965-9dec-9cd64312c536	0.00%	11.59MiB / 7.75GiB	0.15%	46.6kB / 44.4kB	6.64MB / 0B
00:09:20	58	100	12.99	vigorous_chaplygin	78.57%	2.054GiB / 7.75GiB	26.50%	4.98GB / 4.85GB	93.7MB / 4GB
00:09:20	58	100	12.99	clever_bohr	378.91%	618.5MiB / 7.75GiB	7.79%	12.2GB / 24GB	110MB / 75.4GB
00:09:20	58	100	12.99	testcontainers-ryuk-b0b7314d-062f-4965-9dec-9cd64312c536	0.00%	11.59MiB / 7.75GiB	0.15%	46.9kB / 44.8kB	6.64MB / 0B
00:10:22	58	100	13.29	vigorous_chaplygin	78.51%	2.363GiB / 7.75GiB	30.49%	5.02GB / 4.9GB	93.7MB / 4.04GB
00:10:22	58	100	13.29	clever_bohr	438.48%	572MiB / 7.75GiB	7.21%	12.3GB / 24.2GB	110MB / 76.1GB
00:10:22	58	100	13.29	testcontainers-ryuk-b0b7314d-062f-4965-9dec-9cd64312c536	0.00%	11.59MiB / 7.75GiB	0.15%	47.3kB / 45.1kB	6.64MB / 0B
00:11:24	67	100	13.52	vigorous_chaplygin	78.61%	2.363GiB / 7.75GiB	30.49%	5.07GB / 4.94GB	93.7MB / 4.08GB
00:11:24	67	100	13.52	clever_bohr	332.00%	527.5MiB / 7.75GiB	6.65%	12.4GB / 24.4GB	110MB / 76.9GB
00:11:24	67	100	13.52	testcontainers-ryuk-b0b7314d-062f-4965-9dec-9cd64312c536	0.00%	11.59MiB / 7.75GiB	0.15%	47.7kB / 45.5kB	6.64MB / 0B
00:12:27	65	100	13.01	vigorous_chaplygin	78.52%	2.441GiB / 7.75GiB	31.50%	5.11GB / 4.98GB	93.7MB / 4.12GB
00:12:27	65	100	13.01	clever_bohr	337.37%	565.7MiB / 7.75GiB	7.13%	12.5GB / 24.7GB	110MB / 77.9GB
00:12:27	65	100	13.01	testcontainers-ryuk-b0b7314d-062f-4965-9dec-9cd64312c536	0.00%	11.59MiB / 7.75GiB	0.15%	48kB / 45.9kB	6.64MB / 0B
00:13:29	58	100	11.53	vigorous_chaplygin	78.45%	2.852GiB / 7.75GiB	36.80%	5.15GB / 5.03GB	93.7MB / 4.15GB
00:13:29	58	100	11.53	clever_bohr	422.99%	640.4MiB / 7.75GiB	8.07%	12.6GB / 24.9GB	110MB / 78.6GB
00:13:29	58	100	11.53	testcontainers-ryuk-b0b7314d-062f-4965-9dec-9cd64312c536	0.00%	11.59MiB / 7.75GiB	0.15%	48.4kB / 46.2kB	6.64MB / 0B
00:14:31	58	100	12.07	vigorous_chaplygin	77.85%	3.243GiB / 7.75GiB	41.84%	5.2GB / 5.07GB	93.8MB / 4.18GB
00:14:31	58	100	12.07	clever_bohr	369.97%	680.7MiB / 7.75GiB	8.58%	12.7GB / 25.1GB	110MB / 79.7GB
00:14:31	58	100	12.07	testcontainers-ryuk-b0b7314d-062f-4965-9dec-9cd64312c536	0.00%	11.59MiB / 7.75GiB	0.15%	48.8kB / 46.6kB	6.64MB / 0B
00:15:33	58	100	14.01	vigorous_chaplygin	83.49%	3.569GiB / 7.75GiB	46.05%	5.24GB / 5.11GB	93.8MB / 4.22GB
00:15:33	58	100	14.01	clever_bohr	387.82%	701.4MiB / 7.75GiB	8.84%	12.8GB / 25.3GB	110MB / 80.3GB
00:15:33	58	100	14.01	testcontainers-ryuk-b0b7314d-062f-4965-9dec-9cd64312c536	0.00%	11.59MiB / 7.75GiB	0.15%	49.1kB / 47kB	6.64MB / 0B
00:16:36	65	100	13.36	vigorous_chaplygin	83.71%	1.428GiB / 7.75GiB	18.42%	5.29GB / 5.16GB	93.8MB / 4.26GB
00:16:36	65	100	13.36	clever_bohr	422.76%	827.1MiB / 7.75GiB	10.42%	12.9GB / 25.5GB	110MB / 81GB
00:16:36	65	100	13.36	testcontainers-ryuk-b0b7314d-062f-4965-9dec-9cd64312c536	0.00%	11.59MiB / 7.75GiB	0.15%	49.5kB / 47.3kB	6.64MB / 0B
00:17:38	65	100	11.58	vigorous_chaplygin	71.23%	1.429GiB / 7.75GiB	18.44%	5.33GB / 5.2GB	93.8MB / 4.29GB
00:17:38	65	100	11.58	clever_bohr	445.11%	934.2MiB / 7.75GiB	11.77%	13GB / 25.8GB	110MB / 81.9GB
00:17:38	65	100	11.58	testcontainers-ryuk-b0b7314d-062f-4965-9dec-9cd64312c536	0.00%	11.59MiB / 7.75GiB	0.15%	49.9kB / 47.7kB	6.64MB / 0B
00:18:40	58	100	10.52	vigorous_chaplygin	76.29%	1.43GiB / 7.75GiB	18.45%	5.38GB / 5.24GB	93.8MB / 4.33GB
00:18:40	58	100	10.52	clever_bohr	815.57%	923.5MiB / 7.75GiB	11.64%	13.1GB / 26GB	110MB / 82.9GB
00:18:40	58	100	10.52	testcontainers-ryuk-b0b7314d-062f-4965-9dec-9cd64312c536	0.00%	11.59MiB / 7.75GiB	0.15%	50.3kB / 48.1kB	6.64MB / 0B
00:19:43	58	100	12.64	vigorous_chaplygin	81.23%	1.431GiB / 7.75GiB	18.47%	5.42GB / 5.29GB	93.8MB / 4.36GB
00:19:43	58	100	12.64	clever_bohr	333.91%	915.3MiB / 7.75GiB	11.53%	13.3GB / 26.2GB	110MB / 83.6GB
00:19:43	58	100	12.64	testcontainers-ryuk-b0b7314d-062f-4965-9dec-9cd64312c536	0.00%	11.59MiB / 7.75GiB	0.15%	50.7kB / 48.5kB	6.64MB / 0B
00:20:45	58	100	15.71	vigorous_chaplygin	84.42%	1.433GiB / 7.75GiB	18.48%	5.47GB / 5.33GB	93.8MB / 4.4GB
00:20:45	58	100	15.71	clever_bohr	370.03%	989.3MiB / 7.75GiB	12.47%	13.4GB / 26.4GB	110MB / 84.3GB
00:20:45	58	100	15.71	testcontainers-ryuk-b0b7314d-062f-4965-9dec-9cd64312c536	0.00%	11.59MiB / 7.75GiB	0.15%	51.1kB / 48.9kB	6.64MB / 0B
00:21:48	58	100	13.77	vigorous_chaplygin	79.86%	1.433GiB / 7.75GiB	18.49%	5.51GB / 5.37GB	93.8MB / 4.43GB
00:21:48	58	100	13.77	clever_bohr	389.08%	941.4MiB / 7.75GiB	11.86%	13.5GB / 26.7GB	110MB / 85.5GB
00:21:48	58	100	13.77	testcontainers-ryuk-b0b7314d-062f-4965-9dec-9cd64312c536	0.00%	11.59MiB / 7.75GiB	0.15%	51.5kB / 49.3kB	6.64MB / 0B
00:22:50	67	100	11.94	vigorous_chaplygin	76.03%	1.434GiB / 7.75GiB	18.51%	5.56GB / 5.42GB	93.8MB / 4.47GB
00:22:50	67	100	11.94	clever_bohr	312.69%	945.3MiB / 7.75GiB	11.91%	13.6GB / 26.9GB	110MB / 86.2GB
00:22:50	67	100	11.94	testcontainers-ryuk-b0b7314d-062f-4965-9dec-9cd64312c536	0.00%	11.59MiB / 7.75GiB	0.15%	51.9kB / 49.7kB	6.64MB / 0B
00:23:52	65	100	12.87	vigorous_chaplygin	76.99%	1.436GiB / 7.75GiB	18.52%	5.6GB / 5.46GB	93.8MB / 4.5GB
00:23:52	65	100	12.87	clever_bohr	346.09%	944.9MiB / 7.75GiB	11.91%	13.7GB / 27.1GB	110MB / 86.9GB
00:23:52	65	100	12.87	testcontainers-ryuk-b0b7314d-062f-4965-9dec-9cd64312c536	0.00%	11.59MiB / 7.75GiB	0.15%	52.3kB / 50.1kB	6.64MB / 0B
00:24:54	58	100	13.05	vigorous_chaplygin	77.34%	1.437GiB / 7.75GiB	18.54%	5.65GB / 5.5GB	93.8MB / 4.54GB
00:24:54	58	100	13.05	clever_bohr	375.22%	944MiB / 7.75GiB	11.89%	13.8GB / 27.3GB	110MB / 87.6GB
00:24:54	58	100	13.05	testcontainers-ryuk-b0b7314d-062f-4965-9dec-9cd64312c536	0.00%	11.59MiB / 7.75GiB	0.15%	52.7kB / 50.5kB	6.64MB / 0B
00:25:57	60	100	12.87	vigorous_chaplygin	78.15%	1.438GiB / 7.75GiB	18.55%	5.69GB / 5.55GB	93.8MB / 4.57GB
00:25:57	60	100	12.87	clever_bohr	349.99%	943.3MiB / 7.75GiB	11.89%	13.9GB / 27.6GB	110MB / 88.3GB
00:25:57	60	100	12.87	testcontainers-ryuk-b0b7314d-062f-4965-9dec-9cd64312c536	0.00%	11.59MiB / 7.75GiB	0.15%	53.2kB / 51kB	6.64MB / 0B
00:26:59	58	100	12.69	vigorous_chaplygin	80.15%	1.439GiB / 7.75GiB	18.56%	5.73GB / 5.59GB	93.8MB / 4.61GB
00:26:59	58	100	12.69	clever_bohr	397.27%	942.8MiB / 7.75GiB	11.88%	14GB / 27.8GB	110MB / 89.3GB
00:26:59	58	100	12.69	testcontainers-ryuk-b0b7314d-062f-4965-9dec-9cd64312c536	0.00%	11.59MiB / 7.75GiB	0.15%	53.6kB / 51.4kB	6.64MB / 0B
00:28:01	65	100	10.92	vigorous_chaplygin	72.41%	1.44GiB / 7.75GiB	18.58%	5.78GB / 5.63GB	93.8MB / 4.64GB
00:28:01	65	100	10.92	clever_bohr	361.33%	938.1MiB / 7.75GiB	11.82%	14.1GB / 28GB	110MB / 90.4GB
00:28:01	65	100	10.92	testcontainers-ryuk-b0b7314d-062f-4965-9dec-9cd64312c536	0.00%	11.59MiB / 7.75GiB	0.15%	53.9kB / 51.8kB	6.64MB / 0B
00:29:04	65	100	12.00	vigorous_chaplygin	68.35%	1.441GiB / 7.75GiB	18.59%	5.82GB / 5.68GB	93.8MB / 4.68GB
00:29:04	65	100	12.00	clever_bohr	321.26%	937.3MiB / 7.75GiB	11.81%	14.3GB / 28.2GB	110MB / 91.2GB
00:29:04	65	100	12.00	testcontainers-ryuk-b0b7314d-062f-4965-9dec-9cd64312c536	0.00%	11.59MiB / 7.75GiB	0.15%	54.3kB / 52.2kB	6.64MB / 0B
00:30:06	58	100	13.02	vigorous_chaplygin	81.02%	1.442GiB / 7.75GiB	18.60%	5.87GB / 5.72GB	93.8MB / 4.72GB
00:30:06	58	100	13.02	clever_bohr	816.85%	943.8MiB / 7.75GiB	11.89%	14.4GB / 28.4GB	110MB / 91.9GB
00:30:06	58	100	13.02	testcontainers-ryuk-b0b7314d-062f-4965-9dec-9cd64312c536	0.00%	11.59MiB / 7.75GiB	0.15%	54.8kB / 52.6kB	6.64MB / 0B
00:31:08	58	100	12.95	vigorous_chaplygin	71.49%	1.443GiB / 7.75GiB	18.62%	5.91GB / 5.76GB	93.8MB / 4.76GB
00:31:08	58	100	12.95	clever_bohr	468.39%	508.3MiB / 7.75GiB	6.40%	14.5GB / 28.7GB	113MB / 93GB
00:31:08	58	100	12.95	testcontainers-ryuk-b0b7314d-062f-4965-9dec-9cd64312c536	0.00%	5.301MiB / 7.75GiB	0.07%	55.2kB / 53kB	6.64MB / 0B
00:32:11	58	100	11.73	vigorous_chaplygin	73.93%	1.444GiB / 7.75GiB	18.63%	5.96GB / 5.81GB	93.8MB / 4.79GB
00:32:11	58	100	11.73	clever_bohr	582.80%	513.7MiB / 7.75GiB	6.47%	14.6GB / 28.9GB	113MB / 93.7GB
00:32:11	58	100	11.73	testcontainers-ryuk-b0b7314d-062f-4965-9dec-9cd64312c536	0.00%	5.301MiB / 7.75GiB	0.07%	55.5kB / 53.4kB	6.64MB / 0B
00:33:13	58	100	14.16	vigorous_chaplygin	75.35%	1.419GiB / 7.75GiB	18.31%	6GB / 5.85GB	93.8MB / 4.83GB
00:33:13	58	100	14.16	clever_bohr	637.18%	861.4MiB / 7.75GiB	10.85%	14.7GB / 29.1GB	113MB / 94.5GB
00:33:13	58	100	14.16	testcontainers-ryuk-b0b7314d-062f-4965-9dec-9cd64312c536	0.00%	5.301MiB / 7.75GiB	0.07%	56kB / 53.8kB	6.64MB / 0B
00:34:15	65	100	13.00	vigorous_chaplygin	75.13%	1.417GiB / 7.75GiB	18.28%	6.05GB / 5.89GB	93.8MB / 4.86GB
00:34:15	65	100	13.00	clever_bohr	369.29%	926.9MiB / 7.75GiB	11.68%	14.8GB / 29.3GB	113MB / 95.2GB
00:34:15	65	100	13.00	testcontainers-ryuk-b0b7314d-062f-4965-9dec-9cd64312c536	0.00%	5.301MiB / 7.75GiB	0.07%	56.3kB / 54.2kB	6.64MB / 0B
00:35:18	62	100	14.49	vigorous_chaplygin	75.33%	1.41GiB / 7.75GiB	18.19%	6.09GB / 5.94GB	93.8MB / 4.9GB
00:35:18	62	100	14.49	clever_bohr	393.79%	975.6MiB / 7.75GiB	12.29%	14.9GB / 29.5GB	113MB / 96.1GB
00:35:18	62	100	14.49	testcontainers-ryuk-b0b7314d-062f-4965-9dec-9cd64312c536	0.00%	5.301MiB / 7.75GiB	0.07%	56.7kB / 54.5kB	6.64MB / 0B
00:36:21	58	100	14.07	vigorous_chaplygin	83.72%	1.408GiB / 7.75GiB	18.16%	6.14GB / 5.98GB	93.8MB / 4.93GB
00:36:21	58	100	14.07	clever_bohr	386.73%	981.8MiB / 7.75GiB	12.37%	15GB / 29.8GB	113MB / 96.8GB
00:36:21	58	100	14.07	testcontainers-ryuk-b0b7314d-062f-4965-9dec-9cd64312c536	0.00%	5.301MiB / 7.75GiB	0.07%	57kB / 54.9kB	6.64MB / 0B
00:37:23	60	100	15.02	vigorous_chaplygin	75.72%	1.407GiB / 7.75GiB	18.15%	6.18GB / 6.02GB	93.8MB / 4.97GB
00:37:23	60	100	15.02	clever_bohr	384.52%	979.3MiB / 7.75GiB	12.34%	15.1GB / 30GB	113MB / 97.5GB
00:37:23	60	100	15.02	testcontainers-ryuk-b0b7314d-062f-4965-9dec-9cd64312c536	0.00%	5.301MiB / 7.75GiB	0.07%	57.4kB / 55.2kB	6.64MB / 0B
00:38:25	58	100	13.28	vigorous_chaplygin	76.60%	1.408GiB / 7.75GiB	18.17%	6.22GB / 6.07GB	93.8MB / 5GB
00:38:25	58	100	13.28	clever_bohr	418.76%	984.9MiB / 7.75GiB	12.41%	15.2GB / 30.2GB	113MB / 98.5GB
00:38:25	58	100	13.28	testcontainers-ryuk-b0b7314d-062f-4965-9dec-9cd64312c536	0.00%	5.301MiB / 7.75GiB	0.07%	57.7kB / 55.6kB	6.64MB / 0B
00:39:28	65	100	13.21	vigorous_chaplygin	75.41%	1.409GiB / 7.75GiB	18.18%	6.27GB / 6.11GB	93.8MB / 5.04GB
00:39:28	65	100	13.21	clever_bohr	384.78%	963.2MiB / 7.75GiB	12.14%	15.4GB / 30.4GB	113MB / 99.2GB
00:39:28	65	100	13.21	testcontainers-ryuk-b0b7314d-062f-4965-9dec-9cd64312c536	0.00%	5.301MiB / 7.75GiB	0.07%	58.1kB / 56kB	6.64MB / 0B
00:40:30	65	100	12.96	vigorous_chaplygin	69.63%	1.409GiB / 7.75GiB	18.18%	6.31GB / 6.15GB	93.8MB / 5.07GB
00:40:30	65	100	12.96	clever_bohr	329.26%	874MiB / 7.75GiB	11.01%	15.5GB / 30.6GB	113MB / 100GB
00:40:30	65	100	12.96	testcontainers-ryuk-b0b7314d-062f-4965-9dec-9cd64312c536	0.00%	5.301MiB / 7.75GiB	0.07%	58.5kB / 56.3kB	6.64MB / 0B
00:41:32	60	100	12.88	vigorous_chaplygin	80.50%	1.41GiB / 7.75GiB	18.19%	6.36GB / 6.2GB	93.8MB / 5.11GB
00:41:32	60	100	12.88	clever_bohr	378.44%	870.7MiB / 7.75GiB	10.97%	15.6GB / 30.9GB	113MB / 101GB
00:41:32	60	100	12.88	testcontainers-ryuk-b0b7314d-062f-4965-9dec-9cd64312c536	0.00%	5.301MiB / 7.75GiB	0.07%	58.8kB / 56.7kB	6.64MB / 0B
00:42:35	60	100	12.97	vigorous_chaplygin	85.13%	1.411GiB / 7.75GiB	18.21%	6.4GB / 6.24GB	93.8MB / 5.14GB
00:42:35	60	100	12.97	clever_bohr	351.50%	877.1MiB / 7.75GiB	11.05%	15.7GB / 31.1GB	113MB / 102GB
00:42:35	60	100	12.97	testcontainers-ryuk-b0b7314d-062f-4965-9dec-9cd64312c536	0.00%	5.301MiB / 7.75GiB	0.07%	59.3kB / 57.1kB	6.64MB / 0B
00:43:37	58	100	12.22	vigorous_chaplygin	90.30%	1.474GiB / 7.75GiB	19.02%	6.45GB / 6.28GB	93.8MB / 5.18GB
00:43:37	58	100	12.22	clever_bohr	371.12%	887.5MiB / 7.75GiB	11.18%	15.8GB / 31.3GB	113MB / 102GB
00:43:37	58	100	12.22	testcontainers-ryuk-b0b7314d-062f-4965-9dec-9cd64312c536	0.00%	5.301MiB / 7.75GiB	0.07%	59.6kB / 57.5kB	6.64MB / 0B
00:44:39	60	100	12.44	vigorous_chaplygin	72.34%	1.757GiB / 7.75GiB	22.68%	6.49GB / 6.33GB	93.8MB / 5.21GB
00:44:39	60	100	12.44	clever_bohr	751.15%	887.9MiB / 7.75GiB	11.19%	15.9GB / 31.5GB	113MB / 103GB
00:44:39	60	100	12.44	testcontainers-ryuk-b0b7314d-062f-4965-9dec-9cd64312c536	0.00%	5.301MiB / 7.75GiB	0.07%	60.1kB / 57.9kB	6.64MB / 0B
00:45:41	67	100	15.57	vigorous_chaplygin	71.90%	1.904GiB / 7.75GiB	24.56%	6.54GB / 6.37GB	93.8MB / 5.25GB
00:45:41	67	100	15.57	clever_bohr	314.43%	894.5MiB / 7.75GiB	11.27%	16GB / 31.8GB	113MB / 104GB
00:45:41	67	100	15.57	testcontainers-ryuk-b0b7314d-062f-4965-9dec-9cd64312c536	0.00%	5.301MiB / 7.75GiB	0.07%	60.5kB / 58.4kB	6.64MB / 0B
00:46:44	65	100	14.73	vigorous_chaplygin	76.98%	2.285GiB / 7.75GiB	29.49%	6.58GB / 6.41GB	93.8MB / 5.28GB
00:46:44	65	100	14.73	clever_bohr	322.34%	894.4MiB / 7.75GiB	11.27%	16.1GB / 32GB	113MB / 105GB
00:46:44	65	100	14.73	testcontainers-ryuk-b0b7314d-062f-4965-9dec-9cd64312c536	0.00%	5.301MiB / 7.75GiB	0.07%	60.9kB / 58.7kB	6.64MB / 0B
00:47:46	58	100	13.63	vigorous_chaplygin	76.19%	2.318GiB / 7.75GiB	29.91%	6.63GB / 6.46GB	93.8MB / 5.32GB
00:47:46	58	100	13.63	clever_bohr	359.76%	912.8MiB / 7.75GiB	11.50%	16.2GB / 32.2GB	113MB / 106GB
00:47:46	58	100	13.63	testcontainers-ryuk-b0b7314d-062f-4965-9dec-9cd64312c536	0.00%	5.301MiB / 7.75GiB	0.07%	61.3kB / 59.1kB	6.64MB / 0B
00:48:49	60	100	11.87	vigorous_chaplygin	86.42%	2.319GiB / 7.75GiB	29.93%	6.67GB / 6.5GB	93.9MB / 5.35GB
00:48:49	60	100	11.87	clever_bohr	363.77%	901.9MiB / 7.75GiB	11.36%	16.4GB / 32.4GB	113MB / 106GB
00:48:49	60	100	11.87	testcontainers-ryuk-b0b7314d-062f-4965-9dec-9cd64312c536	0.00%	5.301MiB / 7.75GiB	0.07%	61.8kB / 59.6kB	6.64MB / 0B
00:49:51	58	100	12.32	vigorous_chaplygin	84.73%	2.328GiB / 7.75GiB	30.04%	6.72GB / 6.54GB	93.9MB / 5.39GB
00:49:51	58	100	12.32	clever_bohr	372.19%	917.8MiB / 7.75GiB	11.57%	16.5GB / 32.7GB	113MB / 107GB
00:49:51	58	100	12.32	testcontainers-ryuk-b0b7314d-062f-4965-9dec-9cd64312c536	0.00%	5.301MiB / 7.75GiB	0.07%	62.1kB / 60kB	6.64MB / 0B
00:50:53	65	100	13.25	vigorous_chaplygin	72.62%	2.341GiB / 7.75GiB	30.21%	6.76GB / 6.59GB	93.9MB / 5.42GB
00:50:53	65	100	13.25	clever_bohr	328.09%	923.1MiB / 7.75GiB	11.63%	16.6GB / 32.9GB	113MB / 108GB
00:50:53	65	100	13.25	testcontainers-ryuk-b0b7314d-062f-4965-9dec-9cd64312c536	0.00%	5.301MiB / 7.75GiB	0.07%	62.5kB / 60.4kB	6.64MB / 0B
00:51:55	65	100	13.21	vigorous_chaplygin	74.34%	2.348GiB / 7.75GiB	30.29%	6.8GB / 6.63GB	93.9MB / 5.47GB
00:51:55	65	100	13.21	clever_bohr	327.13%	925.7MiB / 7.75GiB	11.66%	16.7GB / 33.1GB	113MB / 109GB
00:51:55	65	100	13.21	testcontainers-ryuk-b0b7314d-062f-4965-9dec-9cd64312c536	0.00%	5.301MiB / 7.75GiB	0.07%	63kB / 60.8kB	6.64MB / 0B
00:52:58	58	100	13.50	vigorous_chaplygin	81.98%	2.355GiB / 7.75GiB	30.38%	6.85GB / 6.67GB	93.9MB / 5.5GB
00:52:58	58	100	13.50	clever_bohr	388.62%	927.4MiB / 7.75GiB	11.69%	16.8GB / 33.3GB	113MB / 110GB
00:52:58	58	100	13.50	testcontainers-ryuk-b0b7314d-062f-4965-9dec-9cd64312c536	0.00%	5.301MiB / 7.75GiB	0.07%	63.3kB / 61.2kB	6.64MB / 0B
00:54:00	60	100	13.94	vigorous_chaplygin	78.34%	2.373GiB / 7.75GiB	30.62%	6.89GB / 6.72GB	93.9MB / 5.54GB
00:54:00	60	100	13.94	clever_bohr	348.74%	936.9MiB / 7.75GiB	11.81%	16.9GB / 33.5GB	113MB / 111GB
00:54:00	60	100	13.94	testcontainers-ryuk-b0b7314d-062f-4965-9dec-9cd64312c536	0.00%	5.301MiB / 7.75GiB	0.07%	63.7kB / 61.5kB	6.64MB / 0B
00:55:03	58	100	12.61	vigorous_chaplygin	75.57%	2.389GiB / 7.75GiB	30.83%	6.94GB / 6.76GB	93.9MB / 5.57GB
00:55:03	58	100	12.61	clever_bohr	347.86%	938MiB / 7.75GiB	11.82%	17GB / 33.8GB	113MB / 111GB
00:55:03	58	100	12.61	testcontainers-ryuk-b0b7314d-062f-4965-9dec-9cd64312c536	0.00%	5.301MiB / 7.75GiB	0.07%	64.1kB / 61.9kB	6.64MB / 0B
00:56:05	58	100	13.02	vigorous_chaplygin	88.12%	2.403GiB / 7.75GiB	31.01%	6.98GB / 6.8GB	93.9MB / 5.61GB
00:56:05	58	100	13.02	clever_bohr	362.50%	941.8MiB / 7.75GiB	11.87%	17.1GB / 34GB	113MB / 112GB
00:56:05	58	100	13.02	testcontainers-ryuk-b0b7314d-062f-4965-9dec-9cd64312c536	0.00%	5.301MiB / 7.75GiB	0.07%	64.4kB / 62.3kB	6.64MB / 0B
00:57:08	65	100	14.07	vigorous_chaplygin	76.03%	2.404GiB / 7.75GiB	31.02%	7.03GB / 6.85GB	93.9MB / 5.64GB
00:57:08	65	100	14.07	clever_bohr	298.99%	942.6MiB / 7.75GiB	11.88%	17.2GB / 34.2GB	113MB / 113GB
00:57:08	65	100	14.07	testcontainers-ryuk-b0b7314d-062f-4965-9dec-9cd64312c536	0.00%	5.301MiB / 7.75GiB	0.07%	64.8kB / 62.6kB	6.64MB / 0B
00:58:10	62	100	13.84	vigorous_chaplygin	74.15%	2.425GiB / 7.75GiB	31.29%	7.07GB / 6.89GB	93.9MB / 5.68GB
00:58:10	62	100	13.84	clever_bohr	339.06%	943.2MiB / 7.75GiB	11.89%	17.4GB / 34.4GB	113MB / 114GB
00:58:10	62	100	13.84	testcontainers-ryuk-b0b7314d-062f-4965-9dec-9cd64312c536	0.00%	5.301MiB / 7.75GiB	0.07%	65.1kB / 63kB	6.64MB / 0B
00:59:12	58	100	14.19	vigorous_chaplygin	79.31%	2.432GiB / 7.75GiB	31.38%	7.12GB / 6.93GB	93.9MB / 5.71GB
00:59:12	58	100	14.19	clever_bohr	362.07%	942.5MiB / 7.75GiB	11.88%	17.5GB / 34.7GB	113MB / 114GB
00:59:12	58	100	14.19	testcontainers-ryuk-b0b7314d-062f-4965-9dec-9cd64312c536	0.00%	5.301MiB / 7.75GiB	0.07%	65.5kB / 63.3kB	6.64MB / 0B
01:00:15	60	100	13.05	vigorous_chaplygin	81.95%	2.434GiB / 7.75GiB	31.41%	7.16GB / 6.98GB	93.9MB / 5.75GB
01:00:15	60	100	13.05	clever_bohr	373.03%	943.2MiB / 7.75GiB	11.89%	17.6GB / 34.9GB	113MB / 115GB
01:00:15	60	100	13.05	testcontainers-ryuk-b0b7314d-062f-4965-9dec-9cd64312c536	0.00%	5.301MiB / 7.75GiB	0.07%	65.9kB / 63.7kB	6.64MB / 0B
01:01:17	58	100	11.58	vigorous_chaplygin	80.78%	2.458GiB / 7.75GiB	31.72%	7.21GB / 7.02GB	93.9MB / 5.78GB
01:01:17	58	100	11.58	clever_bohr	379.12%	942.7MiB / 7.75GiB	11.88%	17.7GB / 35.1GB	113MB / 116GB
01:01:17	58	100	11.58	testcontainers-ryuk-b0b7314d-062f-4965-9dec-9cd64312c536	0.00%	5.301MiB / 7.75GiB	0.07%	66.3kB / 64.2kB	6.64MB / 0B
01:02:19	65	100	15.73	vigorous_chaplygin	75.14%	2.459GiB / 7.75GiB	31.73%	7.25GB / 7.06GB	93.9MB / 5.82GB
01:02:19	65	100	15.73	clever_bohr	322.39%	942.9MiB / 7.75GiB	11.88%	17.8GB / 35.3GB	113MB / 117GB
01:02:19	65	100	15.73	testcontainers-ryuk-b0b7314d-062f-4965-9dec-9cd64312c536	0.00%	5.301MiB / 7.75GiB	0.07%	66.7kB / 64.6kB	6.64MB / 0B
01:03:22	65	100	14.71	vigorous_chaplygin	69.43%	2.487GiB / 7.75GiB	32.09%	7.3GB / 7.11GB	93.9MB / 5.85GB
01:03:22	65	100	14.71	clever_bohr	360.37%	955.3MiB / 7.75GiB	12.04%	17.9GB / 35.6GB	113MB / 118GB
01:03:22	65	100	14.71	testcontainers-ryuk-b0b7314d-062f-4965-9dec-9cd64312c536	0.00%	5.301MiB / 7.75GiB	0.07%	67.1kB / 65kB	6.64MB / 0B
01:04:24	58	100	13.99	vigorous_chaplygin	81.60%	2.503GiB / 7.75GiB	32.29%	7.34GB / 7.15GB	93.9MB / 5.89GB
01:04:24	58	100	13.99	clever_bohr	397.01%	954.6MiB / 7.75GiB	12.03%	18GB / 35.8GB	113MB / 119GB
01:04:24	58	100	13.99	testcontainers-ryuk-b0b7314d-062f-4965-9dec-9cd64312c536	0.00%	5.301MiB / 7.75GiB	0.07%	67.5kB / 65.4kB	6.64MB / 0B
01:05:27	60	100	11.54	vigorous_chaplygin	79.63%	2.519GiB / 7.75GiB	32.51%	7.39GB / 7.2GB	93.9MB / 5.92GB
01:05:27	60	100	11.54	clever_bohr	427.42%	954.8MiB / 7.75GiB	12.03%	18.1GB / 36GB	113MB / 119GB
01:05:27	60	100	11.54	testcontainers-ryuk-b0b7314d-062f-4965-9dec-9cd64312c536	0.00%	5.301MiB / 7.75GiB	0.07%	67.9kB / 65.7kB	6.64MB / 0B
01:06:29	58	100	13.21	vigorous_chaplygin	75.48%	2.521GiB / 7.75GiB	32.52%	7.43GB / 7.24GB	93.9MB / 5.96GB
01:06:29	58	100	13.21	clever_bohr	394.06%	965.8MiB / 7.75GiB	12.17%	18.2GB / 36.2GB	113MB / 120GB
01:06:29	58	100	13.21	testcontainers-ryuk-b0b7314d-062f-4965-9dec-9cd64312c536	0.00%	5.301MiB / 7.75GiB	0.07%	68.3kB / 66.1kB	6.64MB / 0B
01:07:32	60	100	12.00	vigorous_chaplygin	76.93%	2.537GiB / 7.75GiB	32.74%	7.48GB / 7.28GB	93.9MB / 6GB
01:07:32	60	100	12.00	clever_bohr	402.87%	968.3MiB / 7.75GiB	12.20%	18.4GB / 36.5GB	113MB / 121GB
01:07:32	60	100	12.00	testcontainers-ryuk-b0b7314d-062f-4965-9dec-9cd64312c536	0.00%	5.301MiB / 7.75GiB	0.07%	68.6kB / 66.4kB	6.64MB / 0B
01:08:34	67	100	12.21	vigorous_chaplygin	73.91%	2.549GiB / 7.75GiB	32.89%	7.52GB / 7.33GB	93.9MB / 6.04GB
01:08:34	67	100	12.21	clever_bohr	324.34%	973.2MiB / 7.75GiB	12.26%	18.5GB / 36.7GB	113MB / 122GB
01:08:34	67	100	12.21	testcontainers-ryuk-b0b7314d-062f-4965-9dec-9cd64312c536	0.00%	5.301MiB / 7.75GiB	0.07%	69kB / 66.8kB	6.64MB / 0B
01:09:37	60	100	14.01	vigorous_chaplygin	75.46%	2.567GiB / 7.75GiB	33.13%	7.57GB / 7.37GB	93.9MB / 6.07GB
01:09:37	60	100	14.01	clever_bohr	380.37%	887MiB / 7.75GiB	11.18%	18.6GB / 36.9GB	113MB / 123GB
01:09:37	60	100	14.01	testcontainers-ryuk-b0b7314d-062f-4965-9dec-9cd64312c536	0.00%	5.301MiB / 7.75GiB	0.07%	69.3kB / 67.2kB	6.64MB / 0B
01:10:39	58	100	12.97	vigorous_chaplygin	72.94%	2.568GiB / 7.75GiB	33.14%	7.61GB / 7.41GB	93.9MB / 6.11GB
01:10:39	58	100	12.97	clever_bohr	733.79%	908.4MiB / 7.75GiB	11.45%	18.7GB / 37.1GB	113MB / 123GB
01:10:39	58	100	12.97	testcontainers-ryuk-b0b7314d-062f-4965-9dec-9cd64312c536	0.00%	5.301MiB / 7.75GiB	0.07%	69.7kB / 67.5kB	6.64MB / 0B
01:11:41	62	100	15.08	vigorous_chaplygin	76.44%	2.637GiB / 7.75GiB	34.03%	7.65GB / 7.46GB	93.9MB / 6.14GB
01:11:41	62	100	15.08	clever_bohr	785.85%	876.1MiB / 7.75GiB	11.04%	18.8GB / 37.3GB	113MB / 124GB
01:11:41	62	100	15.08	testcontainers-ryuk-b0b7314d-062f-4965-9dec-9cd64312c536	0.00%	5.301MiB / 7.75GiB	0.07%	70.1kB / 67.9kB	6.64MB / 0B
01:12:44	58	100	17.88	vigorous_chaplygin	74.71%	2.643GiB / 7.75GiB	34.11%	7.7GB / 7.5GB	93.9MB / 6.18GB
01:12:44	58	100	17.88	clever_bohr	364.58%	899.2MiB / 7.75GiB	11.33%	18.9GB / 37.6GB	113MB / 125GB
01:12:44	58	100	17.88	testcontainers-ryuk-b0b7314d-062f-4965-9dec-9cd64312c536	0.00%	5.301MiB / 7.75GiB	0.07%	70.4kB / 68.3kB	6.64MB / 0B
01:13:46	65	100	17.27	vigorous_chaplygin	74.58%	2.657GiB / 7.75GiB	34.29%	7.74GB / 7.54GB	93.9MB / 6.21GB
01:13:46	65	100	17.27	clever_bohr	347.53%	896MiB / 7.75GiB	11.29%	19GB / 37.8GB	113MB / 126GB
01:13:46	65	100	17.27	testcontainers-ryuk-b0b7314d-062f-4965-9dec-9cd64312c536	0.00%	5.301MiB / 7.75GiB	0.07%	70.8kB / 68.7kB	6.64MB / 0B
01:14:49	65	100	14.93	vigorous_chaplygin	70.86%	2.658GiB / 7.75GiB	34.29%	7.79GB / 7.59GB	93.9MB / 6.25GB
01:14:49	65	100	14.93	clever_bohr	305.72%	906.2MiB / 7.75GiB	11.42%	19.1GB / 38GB	113MB / 127GB
01:14:49	65	100	14.93	testcontainers-ryuk-b0b7314d-062f-4965-9dec-9cd64312c536	0.00%	5.301MiB / 7.75GiB	0.07%	71.2kB / 69.1kB	6.64MB / 0B
01:15:51	60	100	15.68	vigorous_chaplygin	82.14%	2.683GiB / 7.75GiB	34.62%	7.83GB / 7.63GB	93.9MB / 6.28GB
01:15:51	60	100	15.68	clever_bohr	332.98%	906.5MiB / 7.75GiB	11.42%	19.2GB / 38.2GB	113MB / 127GB
01:15:51	60	100	15.68	testcontainers-ryuk-b0b7314d-062f-4965-9dec-9cd64312c536	0.00%	5.301MiB / 7.75GiB	0.07%	71.7kB / 69.5kB	6.64MB / 0B
01:16:53	60	100	16.28	vigorous_chaplygin	72.73%	2.694GiB / 7.75GiB	34.77%	7.88GB / 7.67GB	93.9MB / 6.32GB
01:16:53	60	100	16.28	clever_bohr	389.81%	920.7MiB / 7.75GiB	11.60%	19.4GB / 38.5GB	113MB / 128GB
01:16:53	60	100	16.28	testcontainers-ryuk-b0b7314d-062f-4965-9dec-9cd64312c536	0.00%	5.301MiB / 7.75GiB	0.07%	72.2kB / 70kB	6.64MB / 0B
01:17:55	58	100	16.49	vigorous_chaplygin	89.57%	2.703GiB / 7.75GiB	34.88%	7.92GB / 7.72GB	93.9MB / 6.35GB
01:17:55	58	100	16.49	clever_bohr	389.73%	914.8MiB / 7.75GiB	11.53%	19.5GB / 38.7GB	113MB / 129GB
01:17:55	58	100	16.49	testcontainers-ryuk-b0b7314d-062f-4965-9dec-9cd64312c536	0.00%	5.301MiB / 7.75GiB	0.07%	72.6kB / 70.5kB	6.64MB / 0B
01:18:58	58	100	15.86	vigorous_chaplygin	76.52%	2.705GiB / 7.75GiB	34.90%	7.97GB / 7.76GB	93.9MB / 6.39GB
01:18:58	58	100	15.86	clever_bohr	364.82%	915.1MiB / 7.75GiB	11.53%	19.6GB / 38.9GB	113MB / 130GB
01:18:58	58	100	15.86	testcontainers-ryuk-b0b7314d-062f-4965-9dec-9cd64312c536	0.00%	5.301MiB / 7.75GiB	0.07%	73kB / 70.9kB	6.64MB / 0B
01:20:00	67	100	17.70	vigorous_chaplygin	71.20%	2.721GiB / 7.75GiB	35.11%	8.01GB / 7.8GB	93.9MB / 6.42GB
01:20:00	67	100	17.70	clever_bohr	331.56%	914.8MiB / 7.75GiB	11.53%	19.7GB / 39.1GB	113MB / 131GB
01:20:00	67	100	17.70	testcontainers-ryuk-b0b7314d-062f-4965-9dec-9cd64312c536	0.00%	5.301MiB / 7.75GiB	0.07%	73.5kB / 71.3kB	6.64MB / 0B
01:21:02	65	100	18.51	vigorous_chaplygin	77.66%	2.738GiB / 7.75GiB	35.32%	8.06GB / 7.85GB	93.9MB / 6.46GB
01:21:02	65	100	18.51	clever_bohr	344.18%	919.7MiB / 7.75GiB	11.59%	19.8GB / 39.3GB	113MB / 132GB
01:21:02	65	100	18.51	testcontainers-ryuk-b0b7314d-062f-4965-9dec-9cd64312c536	0.00%	5.301MiB / 7.75GiB	0.07%	73.9kB / 71.7kB	6.64MB / 0B
01:22:04	58	100	16.18	vigorous_chaplygin	68.94%	2.738GiB / 7.75GiB	35.33%	8.1GB / 7.89GB	93.9MB / 6.49GB
01:22:04	58	100	16.18	clever_bohr	810.97%	923.4MiB / 7.75GiB	11.64%	19.9GB / 39.5GB	113MB / 132GB
01:22:04	58	100	16.18	testcontainers-ryuk-b0b7314d-062f-4965-9dec-9cd64312c536	0.00%	5.301MiB / 7.75GiB	0.07%	74.3kB / 72.2kB	6.64MB / 0B
01:23:07	60	100	16.98	vigorous_chaplygin	77.05%	2.751GiB / 7.75GiB	35.49%	8.14GB / 7.93GB	93.9MB / 6.53GB
01:23:07	60	100	16.98	clever_bohr	399.56%	926.4MiB / 7.75GiB	11.67%	20GB / 39.7GB	113MB / 133GB
01:23:07	60	100	16.98	testcontainers-ryuk-b0b7314d-062f-4965-9dec-9cd64312c536	0.00%	5.301MiB / 7.75GiB	0.07%	74.8kB / 72.7kB	6.64MB / 0B
01:24:09	58	100	15.32	vigorous_chaplygin	75.92%	2.772GiB / 7.75GiB	35.77%	8.19GB / 7.97GB	93.9MB / 6.57GB
01:24:09	58	100	15.32	clever_bohr	435.32%	930.6MiB / 7.75GiB	11.73%	20.1GB / 40GB	113MB / 134GB
01:24:09	58	100	15.32	testcontainers-ryuk-b0b7314d-062f-4965-9dec-9cd64312c536	0.00%	5.301MiB / 7.75GiB	0.07%	75.2kB / 73kB	6.64MB / 0B
01:25:11	65	100	15.65	vigorous_chaplygin	72.49%	2.789GiB / 7.75GiB	35.99%	8.23GB / 8.02GB	93.9MB / 6.61GB
01:25:11	65	100	15.65	clever_bohr	365.44%	931.2MiB / 7.75GiB	11.73%	20.2GB / 40.2GB	113MB / 135GB
01:25:11	65	100	15.65	testcontainers-ryuk-b0b7314d-062f-4965-9dec-9cd64312c536	0.00%	5.301MiB / 7.75GiB	0.07%	75.5kB / 73.3kB	6.64MB / 0B
01:26:14	65	100	16.51	vigorous_chaplygin	69.66%	2.79GiB / 7.75GiB	36.00%	8.28GB / 8.06GB	93.9MB / 6.64GB
01:26:14	65	100	16.51	clever_bohr	333.25%	931.6MiB / 7.75GiB	11.74%	20.3GB / 40.4GB	113MB / 136GB
01:26:14	65	100	16.51	testcontainers-ryuk-b0b7314d-062f-4965-9dec-9cd64312c536	0.00%	5.301MiB / 7.75GiB	0.07%	75.9kB / 73.7kB	6.64MB / 0B
01:27:16	60	100	16.58	vigorous_chaplygin	82.74%	2.815GiB / 7.75GiB	36.32%	8.32GB / 8.1GB	93.9MB / 6.68GB
01:27:16	60	100	16.58	clever_bohr	410.59%	941.2MiB / 7.75GiB	11.86%	20.4GB / 40.6GB	113MB / 137GB
01:27:16	60	100	16.58	testcontainers-ryuk-b0b7314d-062f-4965-9dec-9cd64312c536	0.00%	5.301MiB / 7.75GiB	0.07%	76.2kB / 74.1kB	6.64MB / 0B
01:28:18	60	100	15.64	vigorous_chaplygin	80.77%	2.829GiB / 7.75GiB	36.50%	8.37GB / 8.15GB	93.9MB / 6.71GB
01:28:18	60	100	15.64	clever_bohr	390.91%	941.4MiB / 7.75GiB	11.86%	20.5GB / 40.8GB	113MB / 138GB
01:28:18	60	100	15.64	testcontainers-ryuk-b0b7314d-062f-4965-9dec-9cd64312c536	0.00%	5.301MiB / 7.75GiB	0.07%	76.6kB / 74.4kB	6.64MB / 0B
01:29:20	58	100	15.56	vigorous_chaplygin	78.75%	2.841GiB / 7.75GiB	36.66%	8.41GB / 8.19GB	93.9MB / 6.75GB
01:29:20	58	100	15.56	clever_bohr	423.19%	947.5MiB / 7.75GiB	11.94%	20.7GB / 41.1GB	113MB / 138GB
01:29:20	58	100	15.56	testcontainers-ryuk-b0b7314d-062f-4965-9dec-9cd64312c536	0.00%	5.301MiB / 7.75GiB	0.07%	77kB / 74.9kB	6.64MB / 0B
01:30:23	60	100	15.01	vigorous_chaplygin	72.65%	2.842GiB / 7.75GiB	36.67%	8.46GB / 8.23GB	93.9MB / 6.78GB
01:30:23	60	100	15.01	clever_bohr	519.01%	954.4MiB / 7.75GiB	12.03%	20.8GB / 41.3GB	113MB / 139GB
01:30:23	60	100	15.01	testcontainers-ryuk-b0b7314d-062f-4965-9dec-9cd64312c536	0.00%	5.301MiB / 7.75GiB	0.07%	77.4kB / 75.3kB	6.64MB / 0B
01:31:25	65	100	15.59	vigorous_chaplygin	69.08%	2.856GiB / 7.75GiB	36.85%	8.5GB / 8.28GB	93.9MB / 6.82GB
01:31:25	65	100	15.59	clever_bohr	479.61%	958.2MiB / 7.75GiB	12.07%	20.9GB / 41.5GB	113MB / 140GB
01:31:25	65	100	15.59	testcontainers-ryuk-b0b7314d-062f-4965-9dec-9cd64312c536	0.00%	5.301MiB / 7.75GiB	0.07%	77.8kB / 75.6kB	6.64MB / 0B
01:32:27	60	100	16.75	vigorous_chaplygin	82.37%	2.867GiB / 7.75GiB	36.99%	8.54GB / 8.32GB	93.9MB / 6.85GB
01:32:27	60	100	16.75	clever_bohr	427.79%	961.5MiB / 7.75GiB	12.12%	21GB / 41.7GB	113MB / 141GB
01:32:27	60	100	16.75	testcontainers-ryuk-b0b7314d-062f-4965-9dec-9cd64312c536	0.00%	5.301MiB / 7.75GiB	0.07%	78.2kB / 76.1kB	6.64MB / 0B
01:33:30	60	100	16.24	vigorous_chaplygin	79.42%	2.893GiB / 7.75GiB	37.33%	8.59GB / 8.36GB	93.9MB / 6.89GB
01:33:30	60	100	16.24	clever_bohr	450.92%	967.5MiB / 7.75GiB	12.19%	21.1GB / 41.9GB	113MB / 142GB
01:33:30	60	100	16.24	testcontainers-ryuk-b0b7314d-062f-4965-9dec-9cd64312c536	0.00%	5.301MiB / 7.75GiB	0.07%	78.6kB / 76.5kB	6.64MB / 0B
01:34:32	62	100	17.81	vigorous_chaplygin	73.60%	2.911GiB / 7.75GiB	37.56%	8.63GB / 8.41GB	93.9MB / 6.92GB
01:34:32	62	100	17.81	clever_bohr	394.39%	967.1MiB / 7.75GiB	12.19%	21.2GB / 42.1GB	113MB / 143GB
01:34:32	62	100	17.81	testcontainers-ryuk-b0b7314d-062f-4965-9dec-9cd64312c536	0.00%	5.301MiB / 7.75GiB	0.07%	79kB / 76.8kB	6.64MB / 0B
01:35:34	58	100	15.19	vigorous_chaplygin	78.46%	2.912GiB / 7.75GiB	37.58%	8.68GB / 8.45GB	93.9MB / 6.96GB
01:35:34	58	100	15.19	clever_bohr	405.48%	968.5MiB / 7.75GiB	12.20%	21.3GB / 42.4GB	113MB / 144GB
01:35:34	58	100	15.19	testcontainers-ryuk-b0b7314d-062f-4965-9dec-9cd64312c536	0.00%	5.301MiB / 7.75GiB	0.07%	79.4kB / 77.3kB	6.64MB / 0B
01:36:37	65	100	13.50	vigorous_chaplygin	75.22%	2.947GiB / 7.75GiB	38.02%	8.72GB / 8.49GB	93.9MB / 6.99GB
01:36:37	65	100	13.50	clever_bohr	571.57%	1.015GiB / 7.75GiB	13.10%	21.4GB / 42.6GB	113MB / 145GB
01:36:37	65	100	13.50	testcontainers-ryuk-b0b7314d-062f-4965-9dec-9cd64312c536	0.00%	5.301MiB / 7.75GiB	0.07%	79.8kB / 77.6kB	6.64MB / 0B
01:37:39	62	100	13.21	vigorous_chaplygin	86.72%	2.948GiB / 7.75GiB	38.04%	8.77GB / 8.54GB	93.9MB / 7.03GB
01:37:39	62	100	13.21	clever_bohr	505.01%	1.006GiB / 7.75GiB	12.97%	21.5GB / 42.8GB	113MB / 145GB
01:37:39	62	100	13.21	testcontainers-ryuk-b0b7314d-062f-4965-9dec-9cd64312c536	0.00%	5.301MiB / 7.75GiB	0.07%	80.1kB / 78kB	6.64MB / 0B
01:38:41	58	100	14.53	vigorous_chaplygin	82.35%	2.976GiB / 7.75GiB	38.40%	8.81GB / 8.58GB	93.9MB / 7.06GB
01:38:41	58	100	14.53	clever_bohr	459.82%	935MiB / 7.75GiB	11.78%	21.6GB / 43GB	113MB / 146GB
01:38:41	58	100	14.53	testcontainers-ryuk-b0b7314d-062f-4965-9dec-9cd64312c536	0.00%	5.301MiB / 7.75GiB	0.07%	80.5kB / 78.4kB	6.64MB / 0B
01:39:44	62	100	12.04	vigorous_chaplygin	76.85%	2.977GiB / 7.75GiB	38.41%	8.86GB / 8.62GB	93.9MB / 7.1GB
01:39:44	62	100	12.04	clever_bohr	373.60%	858.9MiB / 7.75GiB	10.82%	21.8GB / 43.2GB	113MB / 147GB
01:39:44	62	100	12.04	testcontainers-ryuk-b0b7314d-062f-4965-9dec-9cd64312c536	0.00%	5.301MiB / 7.75GiB	0.07%	80.9kB / 78.8kB	6.64MB / 0B
01:40:46	58	100	12.77	vigorous_chaplygin	78.56%	2.978GiB / 7.75GiB	38.43%	8.9GB / 8.67GB	93.9MB / 7.13GB
01:40:46	58	100	12.77	clever_bohr	393.84%	857.2MiB / 7.75GiB	10.80%	21.9GB / 43.4GB	113MB / 148GB
01:40:46	58	100	12.77	testcontainers-ryuk-b0b7314d-062f-4965-9dec-9cd64312c536	0.00%	5.301MiB / 7.75GiB	0.07%	81.3kB / 79.2kB	6.64MB / 0B
01:41:49	60	100	12.05	vigorous_chaplygin	77.11%	3.026GiB / 7.75GiB	39.04%	8.95GB / 8.71GB	93.9MB / 7.18GB
01:41:49	60	100	12.05	clever_bohr	355.91%	876.4MiB / 7.75GiB	11.04%	22GB / 43.7GB	113MB / 149GB
01:41:49	60	100	12.05	testcontainers-ryuk-b0b7314d-062f-4965-9dec-9cd64312c536	0.00%	5.301MiB / 7.75GiB	0.07%	81.8kB / 79.7kB	6.64MB / 0B
01:42:51	67	100	12.87	vigorous_chaplygin	74.55%	3.041GiB / 7.75GiB	39.24%	8.99GB / 8.75GB	93.9MB / 7.21GB
01:42:51	67	100	12.87	clever_bohr	339.82%	888.2MiB / 7.75GiB	11.19%	22.1GB / 43.9GB	113MB / 150GB
01:42:51	67	100	12.87	testcontainers-ryuk-b0b7314d-062f-4965-9dec-9cd64312c536	0.00%	5.301MiB / 7.75GiB	0.07%	82.2kB / 80.1kB	6.64MB / 0B
01:43:54	58	100	12.00	vigorous_chaplygin	78.93%	3.042GiB / 7.75GiB	39.25%	9.03GB / 8.8GB	93.9MB / 7.25GB
01:43:54	58	100	12.00	clever_bohr	379.11%	891.3MiB / 7.75GiB	11.23%	22.2GB / 44.1GB	113MB / 150GB
01:43:54	58	100	12.00	testcontainers-ryuk-b0b7314d-062f-4965-9dec-9cd64312c536	0.00%	5.301MiB / 7.75GiB	0.07%	82.7kB / 80.5kB	6.64MB / 0B
01:44:56	60	100	12.68	vigorous_chaplygin	77.30%	3.066GiB / 7.75GiB	39.56%	9.08GB / 8.84GB	93.9MB / 7.28GB
01:44:56	60	100	12.68	clever_bohr	388.46%	901.3MiB / 7.75GiB	11.36%	22.3GB / 44.4GB	113MB / 151GB
01:44:56	60	100	12.68	testcontainers-ryuk-b0b7314d-062f-4965-9dec-9cd64312c536	0.00%	5.301MiB / 7.75GiB	0.07%	83kB / 80.9kB	6.64MB / 0B
01:45:59	62	100	13.38	vigorous_chaplygin	78.08%	3.082GiB / 7.75GiB	39.76%	9.12GB / 8.88GB	93.9MB / 7.32GB
01:45:59	62	100	13.38	clever_bohr	336.60%	903.5MiB / 7.75GiB	11.38%	22.4GB / 44.6GB	113MB / 152GB
01:45:59	62	100	13.38	testcontainers-ryuk-b0b7314d-062f-4965-9dec-9cd64312c536	0.00%	5.301MiB / 7.75GiB	0.07%	83.4kB / 81.3kB	6.64MB / 0B
01:47:01	58	100	13.77	vigorous_chaplygin	78.19%	3.105GiB / 7.75GiB	40.06%	9.17GB / 8.93GB	93.9MB / 7.35GB
01:47:01	58	100	13.77	clever_bohr	366.02%	914.9MiB / 7.75GiB	11.53%	22.5GB / 44.8GB	113MB / 153GB
01:47:01	58	100	13.77	testcontainers-ryuk-b0b7314d-062f-4965-9dec-9cd64312c536	0.00%	5.301MiB / 7.75GiB	0.07%	83.8kB / 81.6kB	6.64MB / 0B
01:48:03	65	100	13.94	vigorous_chaplygin	74.83%	3.159GiB / 7.75GiB	40.76%	9.21GB / 8.97GB	93.9MB / 7.39GB
01:48:03	65	100	13.94	clever_bohr	341.38%	923.9MiB / 7.75GiB	11.64%	22.6GB / 45GB	113MB / 154GB
01:48:03	65	100	13.94	testcontainers-ryuk-b0b7314d-062f-4965-9dec-9cd64312c536	0.00%	5.301MiB / 7.75GiB	0.07%	84.1kB / 82kB	6.64MB / 0B
01:49:06	62	100	11.68	vigorous_chaplygin	84.96%	1.378GiB / 7.75GiB	17.78%	9.26GB / 9.01GB	93.9MB / 7.42GB
01:49:06	62	100	11.68	clever_bohr	355.04%	923.3MiB / 7.75GiB	11.63%	22.8GB / 45.2GB	113MB / 155GB
01:49:06	62	100	11.68	testcontainers-ryuk-b0b7314d-062f-4965-9dec-9cd64312c536	0.00%	5.301MiB / 7.75GiB	0.07%	84.5kB / 82.3kB	6.64MB / 0B
01:50:08	58	100	11.55	vigorous_chaplygin	74.95%	1.379GiB / 7.75GiB	17.79%	9.3GB / 9.06GB	93.9MB / 7.46GB
01:50:08	58	100	11.55	clever_bohr	340.73%	932.9MiB / 7.75GiB	11.76%	22.9GB / 45.5GB	113MB / 156GB
01:50:08	58	100	11.55	testcontainers-ryuk-b0b7314d-062f-4965-9dec-9cd64312c536	0.00%	5.301MiB / 7.75GiB	0.07%	84.8kB / 82.7kB	6.64MB / 0B
01:51:10	65	100	12.45	vigorous_chaplygin	73.23%	1.38GiB / 7.75GiB	17.81%	9.35GB / 9.1GB	93.9MB / 7.49GB
01:51:10	65	100	12.45	clever_bohr	319.73%	933.5MiB / 7.75GiB	11.76%	23GB / 45.7GB	113MB / 156GB
01:51:10	65	100	12.45	testcontainers-ryuk-b0b7314d-062f-4965-9dec-9cd64312c536	0.00%	5.301MiB / 7.75GiB	0.07%	85.2kB / 83kB	6.64MB / 0B
01:52:12	58	100	12.60	vigorous_chaplygin	83.30%	1.382GiB / 7.75GiB	17.83%	9.39GB / 9.14GB	93.9MB / 7.53GB
01:52:12	58	100	12.60	clever_bohr	364.46%	943.1MiB / 7.75GiB	11.88%	23.1GB / 45.9GB	113MB / 157GB
01:52:12	58	100	12.60	testcontainers-ryuk-b0b7314d-062f-4965-9dec-9cd64312c536	0.00%	5.301MiB / 7.75GiB	0.07%	85.6kB / 83.5kB	6.64MB / 0B
01:53:15	60	100	11.79	vigorous_chaplygin	92.01%	1.383GiB / 7.75GiB	17.84%	9.44GB / 9.19GB	93.9MB / 7.56GB
01:53:15	60	100	11.79	clever_bohr	338.22%	955.4MiB / 7.75GiB	12.04%	23.2GB / 46.1GB	113MB / 158GB
01:53:15	60	100	11.79	testcontainers-ryuk-b0b7314d-062f-4965-9dec-9cd64312c536	0.00%	5.301MiB / 7.75GiB	0.07%	86kB / 83.9kB	6.64MB / 0B
01:54:17	65	100	11.53	vigorous_chaplygin	69.01%	1.383GiB / 7.75GiB	17.85%	9.48GB / 9.23GB	93.9MB / 7.6GB
01:54:17	65	100	11.53	clever_bohr	317.21%	954.9MiB / 7.75GiB	12.03%	23.3GB / 46.4GB	113MB / 159GB
01:54:17	65	100	11.53	testcontainers-ryuk-b0b7314d-062f-4965-9dec-9cd64312c536	0.00%	5.301MiB / 7.75GiB	0.07%	86.4kB / 84.2kB	6.64MB / 0B
01:55:19	58	100	11.57	vigorous_chaplygin	86.01%	1.384GiB / 7.75GiB	17.86%	9.53GB / 9.27GB	93.9MB / 7.63GB
01:55:19	58	100	11.57	clever_bohr	362.51%	959.6MiB / 7.75GiB	12.09%	23.4GB / 46.6GB	113MB / 160GB
01:55:19	58	100	11.57	testcontainers-ryuk-b0b7314d-062f-4965-9dec-9cd64312c536	0.00%	5.301MiB / 7.75GiB	0.07%	86.8kB / 84.6kB	6.64MB / 0B
01:56:22	62	100	12.07	vigorous_chaplygin	82.18%	1.386GiB / 7.75GiB	17.88%	9.57GB / 9.32GB	93.9MB / 7.67GB
01:56:22	62	100	12.07	clever_bohr	355.27%	959MiB / 7.75GiB	12.08%	23.5GB / 46.8GB	113MB / 160GB
01:56:22	62	100	12.07	testcontainers-ryuk-b0b7314d-062f-4965-9dec-9cd64312c536	0.00%	5.301MiB / 7.75GiB	0.07%	87.1kB / 85kB	6.64MB / 0B
01:57:24	58	100	11.56	vigorous_chaplygin	75.99%	1.387GiB / 7.75GiB	17.89%	9.61GB / 9.36GB	93.9MB / 7.7GB
01:57:24	58	100	11.56	clever_bohr	415.00%	969.2MiB / 7.75GiB	12.21%	23.6GB / 47GB	113MB / 161GB
01:57:24	58	100	11.56	testcontainers-ryuk-b0b7314d-062f-4965-9dec-9cd64312c536	0.00%	5.301MiB / 7.75GiB	0.07%	87.5kB / 85.3kB	6.64MB / 0B
01:58:26	58	100	11.78	vigorous_chaplygin	90.00%	1.387GiB / 7.75GiB	17.90%	9.66GB / 9.4GB	93.9MB / 7.74GB
01:58:26	58	100	11.78	clever_bohr	392.11%	968.2MiB / 7.75GiB	12.20%	23.8GB / 47.3GB	113MB / 162GB
01:58:26	58	100	11.78	testcontainers-ryuk-b0b7314d-062f-4965-9dec-9cd64312c536	0.00%	5.301MiB / 7.75GiB	0.07%	87.9kB / 85.7kB	6.64MB / 0B
01:59:29	65	100	10.92	vigorous_chaplygin	76.97%	1.388GiB / 7.75GiB	17.91%	9.7GB / 9.45GB	93.9MB / 7.77GB
01:59:29	65	100	10.92	clever_bohr	374.68%	972.6MiB / 7.75GiB	12.26%	23.9GB / 47.5GB	113MB / 163GB
01:59:29	65	100	10.92	testcontainers-ryuk-b0b7314d-062f-4965-9dec-9cd64312c536	0.00%	5.301MiB / 7.75GiB	0.07%	88.2kB / 86.1kB	6.64MB / 0B
02:00:31	62	100	12.39	vigorous_chaplygin	74.15%	1.39GiB / 7.75GiB	17.94%	9.75GB / 9.49GB	93.9MB / 7.82GB
02:00:31	62	100	12.39	clever_bohr	359.97%	966.4MiB / 7.75GiB	12.18%	24GB / 47.7GB	113MB / 164GB
02:00:31	62	100	12.39	testcontainers-ryuk-b0b7314d-062f-4965-9dec-9cd64312c536	0.00%	5.301MiB / 7.75GiB	0.07%	88.6kB / 86.5kB	6.64MB / 0B
02:01:33	58	100	11.55	vigorous_chaplygin	79.93%	1.391GiB / 7.75GiB	17.94%	9.79GB / 9.53GB	93.9MB / 7.85GB
02:01:33	58	100	11.55	clever_bohr	385.90%	978.7MiB / 7.75GiB	12.33%	24.1GB / 47.9GB	113MB / 165GB
02:01:33	58	100	11.55	testcontainers-ryuk-b0b7314d-062f-4965-9dec-9cd64312c536	0.00%	5.301MiB / 7.75GiB	0.07%	89kB / 86.9kB	6.64MB / 0B
02:02:35	62	100	12.45	vigorous_chaplygin	77.95%	1.392GiB / 7.75GiB	17.96%	9.84GB / 9.58GB	93.9MB / 7.89GB
02:02:35	62	100	12.45	clever_bohr	346.66%	974.8MiB / 7.75GiB	12.28%	24.2GB / 48.2GB	113MB / 165GB
02:02:35	62	100	12.45	testcontainers-ryuk-b0b7314d-062f-4965-9dec-9cd64312c536	0.00%	5.301MiB / 7.75GiB	0.07%	89.4kB / 87.3kB	6.64MB / 0B
02:03:38	58	100	12.62	vigorous_chaplygin	77.32%	1.393GiB / 7.75GiB	17.98%	9.88GB / 9.62GB	93.9MB / 7.92GB
02:03:38	58	100	12.62	clever_bohr	598.31%	1.02GiB / 7.75GiB	13.16%	24.3GB / 48.4GB	113MB / 166GB
02:03:38	58	100	12.62	testcontainers-ryuk-b0b7314d-062f-4965-9dec-9cd64312c536	0.00%	5.301MiB / 7.75GiB	0.07%	89.9kB / 87.7kB	6.64MB / 0B
02:04:40	62	100	11.94	vigorous_chaplygin	75.16%	1.394GiB / 7.75GiB	17.99%	9.93GB / 9.66GB	93.9MB / 7.96GB
02:04:40	62	100	11.94	clever_bohr	567.84%	976MiB / 7.75GiB	12.30%	24.4GB / 48.6GB	113MB / 167GB
02:04:40	62	100	11.94	testcontainers-ryuk-b0b7314d-062f-4965-9dec-9cd64312c536	0.00%	5.301MiB / 7.75GiB	0.07%	90.2kB / 88.1kB	6.64MB / 0B
02:05:42	62	100	12.13	vigorous_chaplygin	72.32%	1.395GiB / 7.75GiB	18.00%	9.97GB / 9.71GB	93.9MB / 7.99GB
02:05:42	62	100	12.13	clever_bohr	338.61%	976.4MiB / 7.75GiB	12.30%	24.5GB / 48.8GB	113MB / 168GB
02:05:42	62	100	12.13	testcontainers-ryuk-b0b7314d-062f-4965-9dec-9cd64312c536	0.00%	5.301MiB / 7.75GiB	0.07%	90.6kB / 88.4kB	6.64MB / 0B
02:06:45	58	100	12.31	vigorous_chaplygin	80.32%	1.396GiB / 7.75GiB	18.02%	10GB / 9.75GB	93.9MB / 8.03GB
02:06:45	58	100	12.31	clever_bohr	368.95%	486.6MiB / 7.75GiB	6.13%	24.6GB / 49GB	113MB / 169GB
02:06:45	58	100	12.31	testcontainers-ryuk-b0b7314d-062f-4965-9dec-9cd64312c536	0.00%	5.301MiB / 7.75GiB	0.07%	91kB / 88.8kB	6.64MB / 0B
02:07:47	62	100	11.51	vigorous_chaplygin	76.49%	1.397GiB / 7.75GiB	18.03%	10.1GB / 9.79GB	93.9MB / 8.06GB
02:07:47	62	100	11.51	clever_bohr	347.45%	490.3MiB / 7.75GiB	6.18%	24.8GB / 49.3GB	114MB / 169GB
02:07:47	62	100	11.51	testcontainers-ryuk-b0b7314d-062f-4965-9dec-9cd64312c536	0.00%	5.301MiB / 7.75GiB	0.07%	91.3kB / 89.2kB	6.64MB / 0B
02:08:49	58	100	12.63	vigorous_chaplygin	77.57%	1.395GiB / 7.75GiB	18.00%	10.1GB / 9.84GB	93.9MB / 8.1GB
02:08:49	58	100	12.63	clever_bohr	335.48%	440.9MiB / 7.75GiB	5.56%	24.9GB / 49.5GB	114MB / 171GB
02:08:49	58	100	12.63	testcontainers-ryuk-b0b7314d-062f-4965-9dec-9cd64312c536	0.00%	5.301MiB / 7.75GiB	0.07%	91.7kB / 89.5kB	6.64MB / 0B
02:09:52	58	100	12.43	vigorous_chaplygin	82.87%	1.394GiB / 7.75GiB	17.99%	10.2GB / 9.88GB	93.9MB / 8.13GB
02:09:52	58	100	12.43	clever_bohr	380.05%	394.3MiB / 7.75GiB	4.97%	25GB / 49.7GB	114MB / 171GB
02:09:52	58	100	12.43	testcontainers-ryuk-b0b7314d-062f-4965-9dec-9cd64312c536	0.00%	5.301MiB / 7.75GiB	0.07%	92.1kB / 89.9kB	6.64MB / 0B
02:10:54	65	100	12.23	vigorous_chaplygin	75.79%	1.39GiB / 7.75GiB	17.93%	10.2GB / 9.92GB	93.9MB / 8.17GB
02:10:54	65	100	12.23	clever_bohr	325.75%	490.9MiB / 7.75GiB	6.19%	25.1GB / 49.9GB	114MB / 172GB
02:10:54	65	100	12.23	testcontainers-ryuk-b0b7314d-062f-4965-9dec-9cd64312c536	0.00%	5.301MiB / 7.75GiB	0.07%	92.5kB / 90.4kB	6.64MB / 0B
02:11:57	58	100	12.70	vigorous_chaplygin	71.77%	1.387GiB / 7.75GiB	17.89%	10.2GB / 9.97GB	93.9MB / 8.2GB
02:11:57	58	100	12.70	clever_bohr	348.60%	572.6MiB / 7.75GiB	7.21%	25.2GB / 50.2GB	114MB / 173GB
02:11:57	58	100	12.70	testcontainers-ryuk-b0b7314d-062f-4965-9dec-9cd64312c536	0.00%	5.301MiB / 7.75GiB	0.07%	92.9kB / 90.8kB	6.64MB / 0B
02:12:59	60	100	13.48	vigorous_chaplygin	77.87%	1.386GiB / 7.75GiB	17.88%	10.3GB / 10GB	93.9MB / 8.24GB
02:12:59	60	100	13.48	clever_bohr	373.05%	641.7MiB / 7.75GiB	8.09%	25.3GB / 50.4GB	114MB / 174GB
02:12:59	60	100	13.48	testcontainers-ryuk-b0b7314d-062f-4965-9dec-9cd64312c536	0.00%	5.301MiB / 7.75GiB	0.07%	93.3kB / 91.2kB	6.64MB / 0B
02:14:01	65	100	12.39	vigorous_chaplygin	84.65%	1.385GiB / 7.75GiB	17.88%	10.3GB / 10.1GB	93.9MB / 8.27GB
02:14:01	65	100	12.39	clever_bohr	323.27%	683.3MiB / 7.75GiB	8.61%	25.4GB / 50.6GB	114MB / 175GB
02:14:01	65	100	12.39	testcontainers-ryuk-b0b7314d-062f-4965-9dec-9cd64312c536	0.00%	5.301MiB / 7.75GiB	0.07%	93.7kB / 91.5kB	6.64MB / 0B
02:15:04	58	100	12.19	vigorous_chaplygin	75.41%	1.387GiB / 7.75GiB	17.89%	10.4GB / 10.1GB	93.9MB / 8.31GB
02:15:04	58	100	12.19	clever_bohr	368.23%	694.7MiB / 7.75GiB	8.75%	25.5GB / 50.8GB	114MB / 175GB
02:15:04	58	100	12.19	testcontainers-ryuk-b0b7314d-062f-4965-9dec-9cd64312c536	0.00%	5.301MiB / 7.75GiB	0.07%	94kB / 91.9kB	6.64MB / 0B
02:16:06	62	100	10.94	vigorous_chaplygin	73.03%	1.386GiB / 7.75GiB	17.88%	10.4GB / 10.1GB	93.9MB / 8.34GB
02:16:06	62	100	10.94	clever_bohr	357.56%	735.1MiB / 7.75GiB	9.26%	25.6GB / 51.1GB	114MB / 176GB
02:16:06	62	100	10.94	testcontainers-ryuk-b0b7314d-062f-4965-9dec-9cd64312c536	0.00%	5.301MiB / 7.75GiB	0.07%	94.4kB / 92.2kB	6.64MB / 0B
02:17:09	65	100	12.13	vigorous_chaplygin	72.20%	1.386GiB / 7.75GiB	17.89%	10.5GB / 10.2GB	93.9MB / 8.38GB
02:17:09	65	100	12.13	clever_bohr	309.66%	736.7MiB / 7.75GiB	9.28%	25.8GB / 51.3GB	114MB / 177GB
02:17:09	65	100	12.13	testcontainers-ryuk-b0b7314d-062f-4965-9dec-9cd64312c536	0.00%	5.301MiB / 7.75GiB	0.07%	94.8kB / 92.6kB	6.64MB / 0B
02:18:11	58	100	12.23	vigorous_chaplygin	85.18%	1.386GiB / 7.75GiB	17.88%	10.5GB / 10.2GB	93.9MB / 8.42GB
02:18:11	58	100	12.23	clever_bohr	357.18%	768.5MiB / 7.75GiB	9.68%	25.9GB / 51.5GB	114MB / 178GB
02:18:11	58	100	12.23	testcontainers-ryuk-b0b7314d-062f-4965-9dec-9cd64312c536	0.00%	5.301MiB / 7.75GiB	0.07%	95.1kB / 93kB	6.64MB / 0B
02:19:14	62	100	13.11	vigorous_chaplygin	75.39%	1.387GiB / 7.75GiB	17.90%	10.6GB / 10.3GB	93.9MB / 8.46GB
02:19:14	62	100	13.11	clever_bohr	373.20%	773.5MiB / 7.75GiB	9.75%	26GB / 51.7GB	114MB / 179GB
02:19:14	62	100	13.11	testcontainers-ryuk-b0b7314d-062f-4965-9dec-9cd64312c536	0.00%	5.301MiB / 7.75GiB	0.07%	95.5kB / 93.3kB	6.64MB / 0B
02:20:16	60	100	13.75	vigorous_chaplygin	76.12%	1.388GiB / 7.75GiB	17.91%	10.6GB / 10.3GB	93.9MB / 8.49GB
02:20:16	60	100	13.75	clever_bohr	357.66%	774.5MiB / 7.75GiB	9.76%	26.1GB / 52GB	114MB / 179GB
02:20:16	60	100	13.75	testcontainers-ryuk-b0b7314d-062f-4965-9dec-9cd64312c536	0.00%	5.301MiB / 7.75GiB	0.07%	95.9kB / 93.7kB	6.64MB / 0B
02:21:18	60	100	12.99	vigorous_chaplygin	78.73%	1.387GiB / 7.75GiB	17.90%	10.6GB / 10.4GB	93.9MB / 8.53GB
02:21:18	60	100	12.99	clever_bohr	345.77%	811MiB / 7.75GiB	10.22%	26.2GB / 52.2GB	114MB / 180GB
02:21:18	60	100	12.99	testcontainers-ryuk-b0b7314d-062f-4965-9dec-9cd64312c536	0.00%	5.301MiB / 7.75GiB	0.07%	96.2kB / 94.1kB	6.64MB / 0B
02:22:21	67	100	16.88	vigorous_chaplygin	71.75%	1.388GiB / 7.75GiB	17.92%	10.7GB / 10.4GB	93.9MB / 8.56GB
02:22:21	67	100	16.88	clever_bohr	324.46%	821MiB / 7.75GiB	10.34%	26.3GB / 52.4GB	114MB / 181GB
02:22:21	67	100	16.88	testcontainers-ryuk-b0b7314d-062f-4965-9dec-9cd64312c536	0.02%	5.301MiB / 7.75GiB	0.07%	96.6kB / 94.4kB	6.64MB / 0B
02:23:23	60	100	14.35	vigorous_chaplygin	75.10%	1.387GiB / 7.75GiB	17.90%	10.7GB / 10.4GB	93.9MB / 8.6GB
02:23:23	60	100	14.35	clever_bohr	354.67%	855.3MiB / 7.75GiB	10.78%	26.4GB / 52.6GB	114MB / 182GB
02:23:23	60	100	14.35	testcontainers-ryuk-b0b7314d-062f-4965-9dec-9cd64312c536	0.00%	5.301MiB / 7.75GiB	0.07%	97kB / 94.8kB	6.64MB / 0B
02:24:25	62	100	12.78	vigorous_chaplygin	80.44%	1.389GiB / 7.75GiB	17.92%	10.8GB / 10.5GB	93.9MB / 8.63GB
02:24:25	62	100	12.78	clever_bohr	398.10%	855.6MiB / 7.75GiB	10.78%	26.5GB / 52.8GB	114MB / 183GB
02:24:25	62	100	12.78	testcontainers-ryuk-b0b7314d-062f-4965-9dec-9cd64312c536	0.00%	5.301MiB / 7.75GiB	0.07%	97.3kB / 95.1kB	6.64MB / 0B
02:25:27	62	100	11.98	vigorous_chaplygin	78.26%	1.388GiB / 7.75GiB	17.91%	10.8GB / 10.5GB	93.9MB / 8.67GB
02:25:27	62	100	11.98	clever_bohr	358.55%	887.8MiB / 7.75GiB	11.19%	26.6GB / 53.1GB	114MB / 184GB
02:25:27	62	100	11.98	testcontainers-ryuk-b0b7314d-062f-4965-9dec-9cd64312c536	0.00%	5.301MiB / 7.75GiB	0.07%	97.7kB / 95.5kB	6.64MB / 0B
02:26:30	58	100	12.79	vigorous_chaplygin	81.43%	1.389GiB / 7.75GiB	17.92%	10.9GB / 10.6GB	93.9MB / 8.7GB
02:26:30	58	100	12.79	clever_bohr	423.55%	887.8MiB / 7.75GiB	11.19%	26.8GB / 53.3GB	114MB / 184GB
02:26:30	58	100	12.79	testcontainers-ryuk-b0b7314d-062f-4965-9dec-9cd64312c536	0.00%	5.301MiB / 7.75GiB	0.07%	98kB / 95.9kB	6.64MB / 0B
02:27:32	65	100	12.65	vigorous_chaplygin	70.80%	1.39GiB / 7.75GiB	17.93%	10.9GB / 10.6GB	93.9MB / 8.74GB
02:27:32	65	100	12.65	clever_bohr	321.66%	888.3MiB / 7.75GiB	11.19%	26.9GB / 53.5GB	114MB / 185GB
02:27:32	65	100	12.65	testcontainers-ryuk-b0b7314d-062f-4965-9dec-9cd64312c536	0.00%	5.301MiB / 7.75GiB	0.07%	98.4kB / 96.3kB	6.64MB / 0B
02:28:34	65	100	13.37	vigorous_chaplygin	77.88%	1.389GiB / 7.75GiB	17.93%	11GB / 10.7GB	93.9MB / 8.77GB
02:28:34	65	100	13.37	clever_bohr	322.37%	918.7MiB / 7.75GiB	11.58%	27GB / 53.7GB	114MB / 186GB
02:28:34	65	100	13.37	testcontainers-ryuk-b0b7314d-062f-4965-9dec-9cd64312c536	0.00%	5.301MiB / 7.75GiB	0.07%	98.8kB / 96.7kB	6.64MB / 0B
02:29:36	58	100	13.32	vigorous_chaplygin	82.04%	1.39GiB / 7.75GiB	17.94%	11GB / 10.7GB	93.9MB / 8.81GB
02:29:36	58	100	13.32	clever_bohr	399.68%	918.7MiB / 7.75GiB	11.58%	27.1GB / 54GB	114MB / 187GB
02:29:36	58	100	13.32	testcontainers-ryuk-b0b7314d-062f-4965-9dec-9cd64312c536	0.00%	5.301MiB / 7.75GiB	0.07%	99.2kB / 97.1kB	6.64MB / 0B
02:30:39	65	100	13.68	vigorous_chaplygin	79.99%	1.39GiB / 7.75GiB	17.93%	11GB / 10.7GB	93.9MB / 8.84GB
02:30:39	65	100	13.68	clever_bohr	403.51%	955.5MiB / 7.75GiB	12.04%	27.2GB / 54.2GB	115MB / 188GB
02:30:39	65	100	13.68	testcontainers-ryuk-b0b7314d-062f-4965-9dec-9cd64312c536	0.00%	5.301MiB / 7.75GiB	0.07%	99.6kB / 97.5kB	6.64MB / 0B
02:31:41	58	100	13.74	vigorous_chaplygin	80.00%	1.391GiB / 7.75GiB	17.94%	11.1GB / 10.8GB	93.9MB / 8.88GB
02:31:41	58	100	13.74	clever_bohr	526.34%	989.5MiB / 7.75GiB	12.47%	27.3GB / 54.4GB	116MB / 189GB
02:31:41	58	100	13.74	testcontainers-ryuk-b0b7314d-062f-4965-9dec-9cd64312c536	0.00%	5.301MiB / 7.75GiB	0.07%	100kB / 97.9kB	6.64MB / 0B
02:32:44	60	100	12.00	vigorous_chaplygin	81.22%	1.39GiB / 7.75GiB	17.93%	11.1GB / 10.8GB	93.9MB / 8.91GB
02:32:44	60	100	12.00	clever_bohr	368.57%	928.5MiB / 7.75GiB	11.70%	27.4GB / 54.6GB	116MB / 189GB
02:32:44	60	100	12.00	testcontainers-ryuk-b0b7314d-062f-4965-9dec-9cd64312c536	0.00%	5.301MiB / 7.75GiB	0.07%	100kB / 98.2kB	6.64MB / 0B
02:33:46	62	100	13.49	vigorous_chaplygin	71.99%	1.391GiB / 7.75GiB	17.95%	11.2GB / 10.9GB	93.9MB / 8.95GB
02:33:46	62	100	13.49	clever_bohr	768.39%	928.8MiB / 7.75GiB	11.70%	27.5GB / 54.8GB	116MB / 190GB
02:33:46	62	100	13.49	testcontainers-ryuk-b0b7314d-062f-4965-9dec-9cd64312c536	0.00%	5.301MiB / 7.75GiB	0.07%	101kB / 98.6kB	6.64MB / 0B
02:34:49	60	100	13.26	vigorous_chaplygin	80.34%	1.39GiB / 7.75GiB	17.94%	11.2GB / 10.9GB	93.9MB / 8.98GB
02:34:49	60	100	13.26	clever_bohr	382.94%	930.7MiB / 7.75GiB	11.73%	27.6GB / 55.1GB	116MB / 191GB
02:34:49	60	100	13.26	testcontainers-ryuk-b0b7314d-062f-4965-9dec-9cd64312c536	0.00%	5.301MiB / 7.75GiB	0.07%	101kB / 99kB	6.64MB / 0B
02:35:51	62	100	12.81	vigorous_chaplygin	78.53%	1.392GiB / 7.75GiB	17.96%	11.3GB / 11GB	93.9MB / 9.03GB
02:35:51	62	100	12.81	clever_bohr	364.20%	930.9MiB / 7.75GiB	11.73%	27.8GB / 55.3GB	116MB / 193GB
02:35:51	62	100	12.81	testcontainers-ryuk-b0b7314d-062f-4965-9dec-9cd64312c536	0.00%	5.301MiB / 7.75GiB	0.07%	102kB / 99.4kB	6.64MB / 0B
02:36:54	62	100	13.74	vigorous_chaplygin	74.36%	1.393GiB / 7.75GiB	17.98%	11.3GB / 11GB	93.9MB / 9.06GB
02:36:54	62	100	13.74	clever_bohr	379.91%	930.7MiB / 7.75GiB	11.73%	27.9GB / 55.5GB	116MB / 193GB
02:36:54	62	100	13.74	testcontainers-ryuk-b0b7314d-062f-4965-9dec-9cd64312c536	0.00%	5.301MiB / 7.75GiB	0.07%	102kB / 99.8kB	6.64MB / 0B
02:37:56	60	100	12.26	vigorous_chaplygin	75.71%	1.393GiB / 7.75GiB	17.97%	11.4GB / 11.1GB	93.9MB / 9.1GB
02:37:56	60	100	12.26	clever_bohr	394.45%	893.7MiB / 7.75GiB	11.26%	28GB / 55.7GB	116MB / 194GB
02:37:56	60	100	12.26	testcontainers-ryuk-b0b7314d-062f-4965-9dec-9cd64312c536	0.00%	5.301MiB / 7.75GiB	0.07%	102kB / 100kB	6.64MB / 0B
02:38:58	67	100	10.98	vigorous_chaplygin	74.01%	1.402GiB / 7.75GiB	18.09%	11.4GB / 11.1GB	93.9MB / 9.13GB
02:38:58	67	100	10.98	clever_bohr	390.53%	832.3MiB / 7.75GiB	10.49%	28.1GB / 56GB	117MB / 195GB
02:38:58	67	100	10.98	testcontainers-ryuk-b0b7314d-062f-4965-9dec-9cd64312c536	0.00%	5.301MiB / 7.75GiB	0.07%	103kB / 101kB	6.64MB / 0B
02:40:01	67	100	10.97	vigorous_chaplygin	66.30%	1.403GiB / 7.75GiB	18.10%	11.4GB / 11.1GB	93.9MB / 9.17GB
02:40:01	67	100	10.97	clever_bohr	424.29%	840.9MiB / 7.75GiB	10.60%	28.2GB / 56.2GB	117MB / 196GB
02:40:01	67	100	10.97	testcontainers-ryuk-b0b7314d-062f-4965-9dec-9cd64312c536	0.00%	5.301MiB / 7.75GiB	0.07%	103kB / 101kB	6.64MB / 0B
02:41:03	58	100	11.06	vigorous_chaplygin	77.03%	1.406GiB / 7.75GiB	18.14%	11.5GB / 11.2GB	93.9MB / 9.2GB
02:41:03	58	100	11.06	clever_bohr	510.00%	865.9MiB / 7.75GiB	10.91%	28.3GB / 56.4GB	117MB / 197GB
02:41:03	58	100	11.06	testcontainers-ryuk-b0b7314d-062f-4965-9dec-9cd64312c536	0.00%	5.301MiB / 7.75GiB	0.07%	103kB / 101kB	6.64MB / 0B
02:42:05	65	100	12.20	vigorous_chaplygin	73.03%	1.407GiB / 7.75GiB	18.15%	11.5GB / 11.2GB	93.9MB / 9.24GB
02:42:05	65	100	12.20	clever_bohr	361.06%	867.6MiB / 7.75GiB	10.93%	28.4GB / 56.6GB	117MB / 197GB
02:42:05	65	100	12.20	testcontainers-ryuk-b0b7314d-062f-4965-9dec-9cd64312c536	0.00%	5.301MiB / 7.75GiB	0.07%	104kB / 102kB	6.64MB / 0B
02:43:08	60	100	12.99	vigorous_chaplygin	79.53%	1.411GiB / 7.75GiB	18.20%	11.6GB / 11.3GB	93.9MB / 9.27GB
02:43:08	60	100	12.99	clever_bohr	347.33%	868.3MiB / 7.75GiB	10.94%	28.5GB / 56.9GB	117MB / 198GB
02:43:08	60	100	12.99	testcontainers-ryuk-b0b7314d-062f-4965-9dec-9cd64312c536	0.00%	5.301MiB / 7.75GiB	0.07%	104kB / 102kB	6.64MB / 0B
02:44:10	60	100	12.37	vigorous_chaplygin	80.66%	1.41GiB / 7.75GiB	18.19%	11.6GB / 11.3GB	93.9MB / 9.31GB
02:44:10	60	100	12.37	clever_bohr	352.28%	868.2MiB / 7.75GiB	10.94%	28.6GB / 57.1GB	117MB / 199GB
02:44:10	60	100	12.37	testcontainers-ryuk-b0b7314d-062f-4965-9dec-9cd64312c536	0.00%	5.301MiB / 7.75GiB	0.07%	105kB / 102kB	6.64MB / 0B
02:45:12	67	100	12.41	vigorous_chaplygin	68.69%	1.413GiB / 7.75GiB	18.23%	11.7GB / 11.4GB	93.9MB / 9.34GB
02:45:12	67	100	12.41	clever_bohr	292.56%	881.2MiB / 7.75GiB	11.10%	28.8GB / 57.3GB	117MB / 199GB
02:45:12	67	100	12.41	testcontainers-ryuk-b0b7314d-062f-4965-9dec-9cd64312c536	0.00%	5.301MiB / 7.75GiB	0.07%	105kB / 103kB	6.64MB / 0B
02:46:15	60	100	13.07	vigorous_chaplygin	72.47%	1.414GiB / 7.75GiB	18.24%	11.7GB / 11.4GB	93.9MB / 9.38GB
02:46:15	60	100	13.07	clever_bohr	337.53%	881.3MiB / 7.75GiB	11.11%	28.9GB / 57.5GB	117MB / 200GB
02:46:15	60	100	13.07	testcontainers-ryuk-b0b7314d-062f-4965-9dec-9cd64312c536	0.00%	5.301MiB / 7.75GiB	0.07%	106kB / 103kB	6.64MB / 0B
02:47:17	60	100	11.93	vigorous_chaplygin	75.06%	1.416GiB / 7.75GiB	18.27%	11.8GB / 11.4GB	93.9MB / 9.41GB
02:47:17	60	100	11.93	clever_bohr	379.64%	882.9MiB / 7.75GiB	11.13%	29GB / 57.8GB	117MB / 201GB
02:47:17	60	100	11.93	testcontainers-ryuk-b0b7314d-062f-4965-9dec-9cd64312c536	0.00%	5.301MiB / 7.75GiB	0.07%	106kB / 104kB	6.64MB / 0B
02:48:19	62	100	12.03	vigorous_chaplygin	67.19%	1.423GiB / 7.75GiB	18.36%	11.8GB / 11.5GB	93.9MB / 9.45GB
02:48:19	62	100	12.03	clever_bohr	370.28%	882.1MiB / 7.75GiB	11.12%	29.1GB / 58GB	117MB / 202GB
02:48:19	62	100	12.03	testcontainers-ryuk-b0b7314d-062f-4965-9dec-9cd64312c536	0.00%	5.301MiB / 7.75GiB	0.07%	106kB / 104kB	6.64MB / 0B
02:49:22	60	100	11.17	vigorous_chaplygin	80.50%	1.423GiB / 7.75GiB	18.36%	11.9GB / 11.5GB	93.9MB / 9.48GB
02:49:22	60	100	11.17	clever_bohr	389.66%	883.9MiB / 7.75GiB	11.14%	29.2GB / 58.2GB	117MB / 203GB
02:49:22	60	100	11.17	testcontainers-ryuk-b0b7314d-062f-4965-9dec-9cd64312c536	0.05%	5.301MiB / 7.75GiB	0.07%	107kB / 105kB	6.64MB / 0B
02:50:24	65	100	14.13	vigorous_chaplygin	79.33%	1.423GiB / 7.75GiB	18.37%	11.9GB / 11.6GB	93.9MB / 9.52GB
02:50:24	65	100	14.13	clever_bohr	340.90%	885.9MiB / 7.75GiB	11.16%	29.3GB / 58.4GB	117MB / 204GB
02:50:24	65	100	14.13	testcontainers-ryuk-b0b7314d-062f-4965-9dec-9cd64312c536	0.00%	5.301MiB / 7.75GiB	0.07%	107kB / 105kB	6.64MB / 0B
02:51:27	65	100	12.49	vigorous_chaplygin	80.10%	1.423GiB / 7.75GiB	18.36%	11.9GB / 11.6GB	93.9MB / 9.56GB
02:51:27	65	100	12.49	clever_bohr	342.46%	885.9MiB / 7.75GiB	11.16%	29.4GB / 58.7GB	117MB / 205GB
02:51:27	65	100	12.49	testcontainers-ryuk-b0b7314d-062f-4965-9dec-9cd64312c536	0.00%	5.301MiB / 7.75GiB	0.07%	108kB / 105kB	6.64MB / 0B
02:52:29	60	100	12.71	vigorous_chaplygin	81.18%	1.425GiB / 7.75GiB	18.38%	12GB / 11.7GB	93.9MB / 9.6GB
02:52:29	60	100	12.71	clever_bohr	429.60%	891MiB / 7.75GiB	11.23%	29.5GB / 58.9GB	117MB / 206GB
02:52:29	60	100	12.71	testcontainers-ryuk-b0b7314d-062f-4965-9dec-9cd64312c536	0.00%	5.301MiB / 7.75GiB	0.07%	108kB / 106kB	6.64MB / 0B
02:53:31	65	100	13.59	vigorous_chaplygin	75.88%	1.426GiB / 7.75GiB	18.40%	12GB / 11.7GB	93.9MB / 9.63GB
02:53:31	65	100	13.59	clever_bohr	342.17%	898.7MiB / 7.75GiB	11.32%	29.6GB / 59.1GB	117MB / 206GB
02:53:31	65	100	13.59	testcontainers-ryuk-b0b7314d-062f-4965-9dec-9cd64312c536	0.00%	5.301MiB / 7.75GiB	0.07%	108kB / 106kB	6.64MB / 0B
02:54:34	58	100	14.63	vigorous_chaplygin	75.51%	1.436GiB / 7.75GiB	18.53%	12.1GB / 11.7GB	93.9MB / 9.67GB
02:54:34	58	100	14.63	clever_bohr	397.33%	905.6MiB / 7.75GiB	11.41%	29.8GB / 59.3GB	117MB / 207GB
02:54:34	58	100	14.63	testcontainers-ryuk-b0b7314d-062f-4965-9dec-9cd64312c536	0.00%	5.301MiB / 7.75GiB	0.07%	109kB / 107kB	6.64MB / 0B
02:55:36	60	100	12.73	vigorous_chaplygin	76.64%	1.483GiB / 7.75GiB	19.13%	12.1GB / 11.8GB	93.9MB / 9.7GB
02:55:36	60	100	12.73	clever_bohr	368.46%	910MiB / 7.75GiB	11.47%	29.9GB / 59.6GB	117MB / 208GB
02:55:36	60	100	12.73	testcontainers-ryuk-b0b7314d-062f-4965-9dec-9cd64312c536	0.00%	5.301MiB / 7.75GiB	0.07%	109kB / 107kB	6.64MB / 0B
02:56:38	65	100	11.98	vigorous_chaplygin	93.97%	1.551GiB / 7.75GiB	20.01%	12.2GB / 11.8GB	93.9MB / 9.74GB
02:56:38	65	100	11.98	clever_bohr	420.56%	966.6MiB / 7.75GiB	12.18%	30GB / 59.8GB	117MB / 209GB
02:56:38	65	100	11.98	testcontainers-ryuk-b0b7314d-062f-4965-9dec-9cd64312c536	0.00%	5.301MiB / 7.75GiB	0.07%	109kB / 107kB	6.64MB / 0B
02:57:40	60	100	11.13	vigorous_chaplygin	74.84%	1.551GiB / 7.75GiB	20.02%	12.2GB / 11.9GB	93.9MB / 9.77GB
02:57:40	60	100	11.13	clever_bohr	357.76%	908.3MiB / 7.75GiB	11.45%	30.1GB / 60GB	117MB / 210GB
02:57:40	60	100	11.13	testcontainers-ryuk-b0b7314d-062f-4965-9dec-9cd64312c536	0.00%	5.301MiB / 7.75GiB	0.07%	110kB / 108kB	6.64MB / 0B
02:58:43	65	100	12.95	vigorous_chaplygin	74.32%	1.777GiB / 7.75GiB	22.93%	12.3GB / 11.9GB	93.9MB / 9.81GB
02:58:43	65	100	12.95	clever_bohr	730.81%	967.2MiB / 7.75GiB	12.19%	30.2GB / 60.2GB	117MB / 211GB
02:58:43	65	100	12.95	testcontainers-ryuk-b0b7314d-062f-4965-9dec-9cd64312c536	0.00%	5.301MiB / 7.75GiB	0.07%	110kB / 108kB	6.64MB / 0B
02:59:45	60	100	12.60	vigorous_chaplygin	67.11%	1.858GiB / 7.75GiB	23.97%	12.3GB / 12GB	93.9MB / 9.84GB
02:59:45	60	100	12.60	clever_bohr	365.86%	909.8MiB / 7.75GiB	11.46%	30.3GB / 60.5GB	117MB / 212GB
02:59:45	60	100	12.60	testcontainers-ryuk-b0b7314d-062f-4965-9dec-9cd64312c536	0.00%	5.301MiB / 7.75GiB	0.07%	110kB / 108kB	6.64MB / 0B
03:00:47	58	100	12.43	vigorous_chaplygin	78.28%	1.955GiB / 7.75GiB	25.23%	12.3GB / 12GB	93.9MB / 9.88GB
03:00:47	58	100	12.43	clever_bohr	375.94%	910.5MiB / 7.75GiB	11.47%	30.4GB / 60.7GB	117MB / 212GB
03:00:47	58	100	12.43	testcontainers-ryuk-b0b7314d-062f-4965-9dec-9cd64312c536	0.00%	5.301MiB / 7.75GiB	0.07%	111kB / 109kB	6.64MB / 0B
03:01:50	67	100	10.89	vigorous_chaplygin	72.00%	2.188GiB / 7.75GiB	28.24%	12.4GB / 12.1GB	94MB / 9.91GB
03:01:50	67	100	10.89	clever_bohr	307.46%	930.4MiB / 7.75GiB	11.72%	30.5GB / 60.9GB	117MB / 213GB
03:01:50	67	100	10.89	testcontainers-ryuk-b0b7314d-062f-4965-9dec-9cd64312c536	0.00%	5.301MiB / 7.75GiB	0.07%	111kB / 109kB	6.64MB / 0B
03:02:52	62	100	10.84	vigorous_chaplygin	77.12%	2.445GiB / 7.75GiB	31.55%	12.4GB / 12.1GB	94MB / 9.95GB
03:02:52	62	100	10.84	clever_bohr	348.55%	940.7MiB / 7.75GiB	11.85%	30.6GB / 61.1GB	117MB / 214GB
03:02:52	62	100	10.84	testcontainers-ryuk-b0b7314d-062f-4965-9dec-9cd64312c536	0.00%	5.301MiB / 7.75GiB	0.07%	112kB / 110kB	6.64MB / 0B
03:03:54	60	100	11.08	vigorous_chaplygin	80.86%	2.545GiB / 7.75GiB	32.84%	12.5GB / 12.1GB	94MB / 9.98GB
03:03:54	60	100	11.08	clever_bohr	423.55%	914.4MiB / 7.75GiB	11.52%	30.8GB / 61.4GB	117MB / 215GB
03:03:54	60	100	11.08	testcontainers-ryuk-b0b7314d-062f-4965-9dec-9cd64312c536	0.00%	5.301MiB / 7.75GiB	0.07%	112kB / 110kB	6.64MB / 0B
03:04:57	65	100	10.42	vigorous_chaplygin	74.38%	2.619GiB / 7.75GiB	33.79%	12.5GB / 12.2GB	94MB / 10GB
03:04:57	65	100	10.42	clever_bohr	524.70%	916.7MiB / 7.75GiB	11.55%	30.9GB / 61.6GB	117MB / 216GB
03:04:57	65	100	10.42	testcontainers-ryuk-b0b7314d-062f-4965-9dec-9cd64312c536	0.00%	5.301MiB / 7.75GiB	0.07%	113kB / 110kB	6.64MB / 0B
03:05:59	58	100	12.03	vigorous_chaplygin	86.78%	3GiB / 7.75GiB	38.71%	12.6GB / 12.2GB	94MB / 10.1GB
03:05:59	58	100	12.03	clever_bohr	395.20%	925.5MiB / 7.75GiB	11.66%	31GB / 61.8GB	117MB / 217GB
03:05:59	58	100	12.03	testcontainers-ryuk-b0b7314d-062f-4965-9dec-9cd64312c536	0.00%	5.301MiB / 7.75GiB	0.07%	113kB / 111kB	6.64MB / 0B
03:07:01	67	100	11.54	vigorous_chaplygin	73.16%	3.08GiB / 7.75GiB	39.74%	12.6GB / 12.3GB	94MB / 10.1GB
03:07:01	67	100	11.54	clever_bohr	315.92%	918.2MiB / 7.75GiB	11.57%	31.1GB / 62GB	117MB / 218GB
03:07:01	67	100	11.54	testcontainers-ryuk-b0b7314d-062f-4965-9dec-9cd64312c536	0.00%	5.301MiB / 7.75GiB	0.07%	113kB / 111kB	6.64MB / 0B
03:08:04	67	100	12.97	vigorous_chaplygin	73.50%	3.146GiB / 7.75GiB	40.60%	12.7GB / 12.3GB	94MB / 10.1GB
03:08:04	67	100	12.97	clever_bohr	323.20%	867.4MiB / 7.75GiB	10.93%	31.2GB / 62.3GB	117MB / 219GB
03:08:04	67	100	12.97	testcontainers-ryuk-b0b7314d-062f-4965-9dec-9cd64312c536	0.00%	5.301MiB / 7.75GiB	0.07%	114kB / 112kB	6.64MB / 0B
03:09:06	60	100	11.95	vigorous_chaplygin	79.55%	3.147GiB / 7.75GiB	40.61%	12.7GB / 12.4GB	94MB / 10.2GB
03:09:06	60	100	11.95	clever_bohr	356.49%	850.4MiB / 7.75GiB	10.72%	31.3GB / 62.5GB	117MB / 220GB
03:09:06	60	100	11.95	testcontainers-ryuk-b0b7314d-062f-4965-9dec-9cd64312c536	0.00%	5.301MiB / 7.75GiB	0.07%	114kB / 112kB	6.64MB / 0B
03:10:08	62	100	10.62	vigorous_chaplygin	68.86%	3.19GiB / 7.75GiB	41.16%	12.7GB / 12.4GB	94.1MB / 10.2GB
03:10:08	62	100	10.62	clever_bohr	338.79%	843.5MiB / 7.75GiB	10.63%	31.4GB / 62.7GB	117MB / 220GB
03:10:08	62	100	10.62	testcontainers-ryuk-b0b7314d-062f-4965-9dec-9cd64312c536	0.00%	5.301MiB / 7.75GiB	0.07%	115kB / 113kB	6.64MB / 0B
03:11:11	60	100	13.19	vigorous_chaplygin	77.59%	3.199GiB / 7.75GiB	41.28%	12.8GB / 12.4GB	94.2MB / 10.2GB
03:11:11	60	100	13.19	clever_bohr	352.75%	860.7MiB / 7.75GiB	10.85%	31.5GB / 62.9GB	117MB / 221GB
03:11:11	60	100	13.19	testcontainers-ryuk-b0b7314d-062f-4965-9dec-9cd64312c536	0.00%	5.301MiB / 7.75GiB	0.07%	115kB / 113kB	6.64MB / 0B
03:12:13	58	100	14.95	vigorous_chaplygin	81.26%	3.207GiB / 7.75GiB	41.39%	12.8GB / 12.5GB	94.2MB / 10.3GB
03:12:13	58	100	14.95	clever_bohr	409.45%	869.1MiB / 7.75GiB	10.95%	31.7GB / 63.2GB	117MB / 222GB
03:12:13	58	100	14.95	testcontainers-ryuk-b0b7314d-062f-4965-9dec-9cd64312c536	0.00%	5.301MiB / 7.75GiB	0.07%	116kB / 113kB	6.64MB / 0B
03:13:15	65	100	13.29	vigorous_chaplygin	70.43%	3.227GiB / 7.75GiB	41.64%	12.9GB / 12.5GB	94.2MB / 10.3GB
03:13:15	65	100	13.29	clever_bohr	343.07%	888.8MiB / 7.75GiB	11.20%	31.8GB / 63.4GB	117MB / 223GB
03:13:15	65	100	13.29	testcontainers-ryuk-b0b7314d-062f-4965-9dec-9cd64312c536	0.00%	5.301MiB / 7.75GiB	0.07%	116kB / 114kB	6.64MB / 0B
03:14:18	62	100	11.95	vigorous_chaplygin	76.14%	3.237GiB / 7.75GiB	41.77%	12.9GB / 12.6GB	94.2MB / 10.3GB
03:14:18	62	100	11.95	clever_bohr	339.44%	895MiB / 7.75GiB	11.28%	31.9GB / 63.6GB	117MB / 223GB
03:14:18	62	100	11.95	testcontainers-ryuk-b0b7314d-062f-4965-9dec-9cd64312c536	0.00%	5.301MiB / 7.75GiB	0.07%	116kB / 114kB	6.64MB / 0B
03:15:20	60	100	11.18	vigorous_chaplygin	85.82%	3.252GiB / 7.75GiB	41.96%	13GB / 12.6GB	94.2MB / 10.4GB
03:15:20	60	100	11.18	clever_bohr	360.82%	897.3MiB / 7.75GiB	11.31%	32GB / 63.8GB	117MB / 224GB
03:15:20	60	100	11.18	testcontainers-ryuk-b0b7314d-062f-4965-9dec-9cd64312c536	0.00%	5.301MiB / 7.75GiB	0.07%	117kB / 115kB	6.64MB / 0B
03:16:23	65	100	10.46	vigorous_chaplygin	73.95%	3.257GiB / 7.75GiB	42.03%	13GB / 12.7GB	94.2MB / 10.4GB
03:16:23	65	100	10.46	clever_bohr	340.20%	902.8MiB / 7.75GiB	11.38%	32.1GB / 64.1GB	117MB / 225GB
03:16:23	65	100	10.46	testcontainers-ryuk-b0b7314d-062f-4965-9dec-9cd64312c536	0.00%	5.301MiB / 7.75GiB	0.07%	117kB / 115kB	6.64MB / 0B
03:17:25	58	100	10.70	vigorous_chaplygin	71.10%	3.258GiB / 7.75GiB	42.04%	13.1GB / 12.7GB	94.2MB / 10.4GB
03:17:25	58	100	10.70	clever_bohr	425.81%	905.6MiB / 7.75GiB	11.41%	32.2GB / 64.3GB	117MB / 226GB
03:17:25	58	100	10.70	testcontainers-ryuk-b0b7314d-062f-4965-9dec-9cd64312c536	0.00%	5.301MiB / 7.75GiB	0.07%	118kB / 115kB	6.64MB / 0B
03:18:28	62	100	9.86	vigorous_chaplygin	78.91%	3.275GiB / 7.75GiB	42.26%	13.1GB / 12.7GB	94.2MB / 10.5GB
03:18:28	62	100	9.86	clever_bohr	460.89%	926.6MiB / 7.75GiB	11.68%	32.3GB / 64.5GB	117MB / 227GB
03:18:28	62	100	9.86	testcontainers-ryuk-b0b7314d-062f-4965-9dec-9cd64312c536	0.00%	5.301MiB / 7.75GiB	0.07%	118kB / 116kB	6.64MB / 0B
03:19:30	67	100	12.05	vigorous_chaplygin	76.52%	3.277GiB / 7.75GiB	42.28%	13.1GB / 12.8GB	94.2MB / 10.5GB
03:19:30	67	100	12.05	clever_bohr	377.69%	928.3MiB / 7.75GiB	11.70%	32.4GB / 64.7GB	117MB / 228GB
03:19:30	67	100	12.05	testcontainers-ryuk-b0b7314d-062f-4965-9dec-9cd64312c536	0.00%	5.301MiB / 7.75GiB	0.07%	118kB / 116kB	6.64MB / 0B
03:20:32	60	100	11.61	vigorous_chaplygin	83.45%	3.295GiB / 7.75GiB	42.52%	13.2GB / 12.8GB	94.2MB / 10.6GB
03:20:32	60	100	11.61	clever_bohr	366.54%	928.1MiB / 7.75GiB	11.69%	32.5GB / 65GB	117MB / 229GB
03:20:32	60	100	11.61	testcontainers-ryuk-b0b7314d-062f-4965-9dec-9cd64312c536	0.00%	5.301MiB / 7.75GiB	0.07%	119kB / 117kB	6.64MB / 0B
03:21:35	62	100	11.37	vigorous_chaplygin	81.43%	3.307GiB / 7.75GiB	42.67%	13.2GB / 12.9GB	94.2MB / 10.6GB
03:21:35	62	100	11.37	clever_bohr	354.29%	933.9MiB / 7.75GiB	11.77%	32.7GB / 65.2GB	117MB / 229GB
03:21:35	62	100	11.37	testcontainers-ryuk-b0b7314d-062f-4965-9dec-9cd64312c536	0.00%	5.301MiB / 7.75GiB	0.07%	119kB / 117kB	6.64MB / 0B
03:22:37	62	100	12.58	vigorous_chaplygin	73.39%	3.314GiB / 7.75GiB	42.76%	13.3GB / 12.9GB	94.2MB / 10.6GB
03:22:37	62	100	12.58	clever_bohr	395.05%	933.8MiB / 7.75GiB	11.77%	32.8GB / 65.4GB	117MB / 230GB
03:22:37	62	100	12.58	testcontainers-ryuk-b0b7314d-062f-4965-9dec-9cd64312c536	0.00%	5.301MiB / 7.75GiB	0.07%	120kB / 118kB	6.64MB / 0B
03:23:39	58	100	12.98	vigorous_chaplygin	83.08%	3.315GiB / 7.75GiB	42.78%	13.3GB / 13GB	94.2MB / 10.7GB
03:23:39	58	100	12.98	clever_bohr	415.30%	934.3MiB / 7.75GiB	11.77%	32.9GB / 65.6GB	117MB / 231GB
03:23:39	58	100	12.98	testcontainers-ryuk-b0b7314d-062f-4965-9dec-9cd64312c536	0.00%	5.301MiB / 7.75GiB	0.07%	120kB / 118kB	6.64MB / 0B
03:24:41	67	100	12.28	vigorous_chaplygin	66.44%	3.344GiB / 7.75GiB	43.15%	13.4GB / 13GB	94.2MB / 10.7GB
03:24:41	67	100	12.28	clever_bohr	619.28%	995.4MiB / 7.75GiB	12.54%	33GB / 65.9GB	117MB / 232GB
03:24:41	67	100	12.28	testcontainers-ryuk-b0b7314d-062f-4965-9dec-9cd64312c536	0.00%	5.301MiB / 7.75GiB	0.07%	120kB / 118kB	6.64MB / 0B
03:25:44	60	100	14.38	vigorous_chaplygin	70.25%	3.345GiB / 7.75GiB	43.16%	13.4GB / 13GB	94.2MB / 10.7GB
03:25:44	60	100	14.38	clever_bohr	623.16%	937.8MiB / 7.75GiB	11.82%	33.1GB / 66GB	117MB / 233GB
03:25:44	60	100	14.38	testcontainers-ryuk-b0b7314d-062f-4965-9dec-9cd64312c536	0.00%	5.301MiB / 7.75GiB	0.07%	121kB / 119kB	6.64MB / 0B
03:26:46	62	100	13.64	vigorous_chaplygin	88.54%	3.352GiB / 7.75GiB	43.25%	13.5GB / 13.1GB	94.2MB / 10.8GB
03:26:46	62	100	13.64	clever_bohr	447.26%	932.1MiB / 7.75GiB	11.75%	33.2GB / 66.2GB	117MB / 234GB
03:26:46	62	100	13.64	testcontainers-ryuk-b0b7314d-062f-4965-9dec-9cd64312c536	0.00%	5.301MiB / 7.75GiB	0.07%	121kB / 119kB	6.64MB / 0B
03:27:48	65	100	12.20	vigorous_chaplygin	69.75%	3.352GiB / 7.75GiB	43.26%	13.5GB / 13.1GB	94.2MB / 10.8GB
03:27:48	65	100	12.20	clever_bohr	327.95%	931.4MiB / 7.75GiB	11.74%	33.3GB / 66.5GB	117MB / 235GB
03:27:48	65	100	12.20	testcontainers-ryuk-b0b7314d-062f-4965-9dec-9cd64312c536	0.00%	5.301MiB / 7.75GiB	0.07%	122kB / 120kB	6.64MB / 0B
03:28:51	58	100	12.37	vigorous_chaplygin	80.60%	3.368GiB / 7.75GiB	43.46%	13.6GB / 13.2GB	94.2MB / 10.8GB
03:28:51	58	100	12.37	clever_bohr	442.49%	932.2MiB / 7.75GiB	11.75%	33.4GB / 66.7GB	117MB / 236GB
03:28:51	58	100	12.37	testcontainers-ryuk-b0b7314d-062f-4965-9dec-9cd64312c536	0.00%	5.301MiB / 7.75GiB	0.07%	122kB / 120kB	6.64MB / 0B
03:29:53	62	100	13.71	vigorous_chaplygin	76.92%	3.381GiB / 7.75GiB	43.63%	13.6GB / 13.2GB	94.2MB / 10.9GB
03:29:53	62	100	13.71	clever_bohr	444.07%	940.8MiB / 7.75GiB	11.86%	33.5GB / 66.9GB	117MB / 237GB
03:29:53	62	100	13.71	testcontainers-ryuk-b0b7314d-062f-4965-9dec-9cd64312c536	0.00%	5.301MiB / 7.75GiB	0.07%	123kB / 120kB	6.64MB / 0B
03:30:55	62	100	13.77	vigorous_chaplygin	82.75%	3.383GiB / 7.75GiB	43.65%	13.6GB / 13.3GB	94.2MB / 10.9GB
03:30:55	62	100	13.77	clever_bohr	524.12%	947.6MiB / 7.75GiB	11.94%	33.6GB / 67.1GB	117MB / 238GB
03:30:55	62	100	13.77	testcontainers-ryuk-b0b7314d-062f-4965-9dec-9cd64312c536	0.00%	5.301MiB / 7.75GiB	0.07%	123kB / 121kB	6.64MB / 0B
03:31:58	58	100	13.90	vigorous_chaplygin	73.87%	3.403GiB / 7.75GiB	43.91%	13.7GB / 13.3GB	94.2MB / 10.9GB
03:31:58	58	100	13.90	clever_bohr	495.83%	948MiB / 7.75GiB	11.95%	33.7GB / 67.3GB	117MB / 238GB
03:31:58	58	100	13.90	testcontainers-ryuk-b0b7314d-062f-4965-9dec-9cd64312c536	0.00%	5.301MiB / 7.75GiB	0.07%	123kB / 121kB	6.64MB / 0B
03:33:00	62	100	15.07	vigorous_chaplygin	74.94%	3.45GiB / 7.75GiB	44.51%	13.7GB / 13.4GB	94.2MB / 11GB
03:33:00	62	100	15.07	clever_bohr	544.30%	953.9MiB / 7.75GiB	12.02%	33.9GB / 67.6GB	117MB / 239GB
03:33:00	62	100	15.07	testcontainers-ryuk-b0b7314d-062f-4965-9dec-9cd64312c536	0.00%	5.301MiB / 7.75GiB	0.07%	124kB / 122kB	6.64MB / 0B
03:34:04	60	100	14.23	vigorous_chaplygin	69.73%	3.522GiB / 7.75GiB	45.45%	13.8GB / 13.4GB	94.3MB / 11GB
03:34:04	60	100	14.23	clever_bohr	498.24%	954.3MiB / 7.75GiB	12.03%	34GB / 67.8GB	117MB / 240GB
03:34:04	60	100	14.23	testcontainers-ryuk-b0b7314d-062f-4965-9dec-9cd64312c536	0.00%	5.301MiB / 7.75GiB	0.07%	124kB / 122kB	6.64MB / 0B
03:35:06	60	100	12.56	vigorous_chaplygin	79.21%	3.6GiB / 7.75GiB	46.45%	13.8GB / 13.4GB	94.3MB / 11.1GB
03:35:06	60	100	12.56	clever_bohr	418.29%	953.9MiB / 7.75GiB	12.02%	34.1GB / 68GB	117MB / 241GB
03:35:06	60	100	12.56	testcontainers-ryuk-b0b7314d-062f-4965-9dec-9cd64312c536	0.00%	5.301MiB / 7.75GiB	0.07%	125kB / 122kB	6.64MB / 0B
03:36:09	65	100	12.01	vigorous_chaplygin	71.72%	3.752GiB / 7.75GiB	48.42%	13.9GB / 13.5GB	94.4MB / 11.1GB
03:36:09	65	100	12.01	clever_bohr	427.66%	953.9MiB / 7.75GiB	12.02%	34.2GB / 68.2GB	117MB / 241GB
03:36:09	65	100	12.01	testcontainers-ryuk-b0b7314d-062f-4965-9dec-9cd64312c536	0.00%	5.301MiB / 7.75GiB	0.07%	125kB / 123kB	6.64MB / 0B
03:37:11	60	100	11.60	vigorous_chaplygin	77.34%	1.429GiB / 7.75GiB	18.44%	13.9GB / 13.5GB	94.4MB / 11.1GB
03:37:11	60	100	11.60	clever_bohr	372.12%	910.7MiB / 7.75GiB	11.48%	34.3GB / 68.4GB	117MB / 242GB
03:37:11	60	100	11.60	testcontainers-ryuk-b0b7314d-062f-4965-9dec-9cd64312c536	0.00%	5.301MiB / 7.75GiB	0.07%	125kB / 123kB	6.64MB / 0B
03:38:13	60	100	12.80	vigorous_chaplygin	74.67%	1.43GiB / 7.75GiB	18.45%	14GB / 13.6GB	94.4MB / 11.2GB
03:38:13	60	100	12.80	clever_bohr	711.15%	857.6MiB / 7.75GiB	10.81%	34.4GB / 68.7GB	117MB / 243GB
03:38:13	60	100	12.80	testcontainers-ryuk-b0b7314d-062f-4965-9dec-9cd64312c536	0.00%	5.301MiB / 7.75GiB	0.07%	126kB / 124kB	6.64MB / 0B
03:39:16	65	100	12.18	vigorous_chaplygin	71.19%	1.431GiB / 7.75GiB	18.47%	14GB / 13.6GB	94.4MB / 11.2GB
03:39:16	65	100	12.18	clever_bohr	356.08%	834.3MiB / 7.75GiB	10.51%	34.5GB / 68.9GB	117MB / 244GB
03:39:16	65	100	12.18	testcontainers-ryuk-b0b7314d-062f-4965-9dec-9cd64312c536	0.00%	5.301MiB / 7.75GiB	0.07%	126kB / 124kB	6.64MB / 0B
03:40:18	58	100	11.87	vigorous_chaplygin	74.84%	1.432GiB / 7.75GiB	18.48%	14GB / 13.7GB	94.4MB / 11.2GB
03:40:18	58	100	11.87	clever_bohr	376.70%	846.5MiB / 7.75GiB	10.67%	34.6GB / 69.1GB	117MB / 245GB
03:40:18	58	100	11.87	testcontainers-ryuk-b0b7314d-062f-4965-9dec-9cd64312c536	0.00%	5.301MiB / 7.75GiB	0.07%	127kB / 124kB	6.64MB / 0B
03:41:20	60	100	11.43	vigorous_chaplygin	81.84%	1.433GiB / 7.75GiB	18.50%	14.1GB / 13.7GB	94.4MB / 11.3GB
03:41:20	60	100	11.43	clever_bohr	372.93%	866.6MiB / 7.75GiB	10.92%	34.7GB / 69.3GB	117MB / 245GB
03:41:20	60	100	11.43	testcontainers-ryuk-b0b7314d-062f-4965-9dec-9cd64312c536	0.00%	5.301MiB / 7.75GiB	0.07%	127kB / 125kB	6.64MB / 0B
03:42:23	65	100	11.43	vigorous_chaplygin	65.47%	1.434GiB / 7.75GiB	18.50%	14.1GB / 13.7GB	94.4MB / 11.3GB
03:42:23	65	100	11.43	clever_bohr	317.16%	888.4MiB / 7.75GiB	11.19%	34.9GB / 69.6GB	117MB / 246GB
03:42:23	65	100	11.43	testcontainers-ryuk-b0b7314d-062f-4965-9dec-9cd64312c536	0.01%	5.301MiB / 7.75GiB	0.07%	127kB / 125kB	6.64MB / 0B
03:43:25	60	100	12.02	vigorous_chaplygin	84.45%	1.435GiB / 7.75GiB	18.52%	14.2GB / 13.8GB	94.4MB / 11.3GB
03:43:25	60	100	12.02	clever_bohr	354.73%	891.8MiB / 7.75GiB	11.24%	35GB / 69.8GB	117MB / 247GB
03:43:25	60	100	12.02	testcontainers-ryuk-b0b7314d-062f-4965-9dec-9cd64312c536	0.00%	5.301MiB / 7.75GiB	0.07%	128kB / 126kB	6.64MB / 0B
03:44:27	62	100	12.31	vigorous_chaplygin	90.68%	1.436GiB / 7.75GiB	18.53%	14.2GB / 13.8GB	94.4MB / 11.4GB
03:44:27	62	100	12.31	clever_bohr	421.28%	912.5MiB / 7.75GiB	11.50%	35.1GB / 70GB	117MB / 247GB
03:44:27	62	100	12.31	testcontainers-ryuk-b0b7314d-062f-4965-9dec-9cd64312c536	0.00%	5.301MiB / 7.75GiB	0.07%	128kB / 126kB	6.64MB / 0B
03:45:29	65	100	13.65	vigorous_chaplygin	75.54%	1.437GiB / 7.75GiB	18.55%	14.3GB / 13.9GB	94.4MB / 11.4GB
03:45:29	65	100	13.65	clever_bohr	379.35%	902.9MiB / 7.75GiB	11.38%	35.2GB / 70.3GB	117MB / 248GB
03:45:29	65	100	13.65	testcontainers-ryuk-b0b7314d-062f-4965-9dec-9cd64312c536	0.00%	5.301MiB / 7.75GiB	0.07%	129kB / 126kB	6.64MB / 0B
03:46:32	60	100	14.72	vigorous_chaplygin	74.50%	1.438GiB / 7.75GiB	18.56%	14.3GB / 13.9GB	94.4MB / 11.4GB
03:46:32	60	100	14.72	clever_bohr	371.00%	906.1MiB / 7.75GiB	11.42%	35.3GB / 70.5GB	117MB / 249GB
03:46:32	60	100	14.72	testcontainers-ryuk-b0b7314d-062f-4965-9dec-9cd64312c536	0.00%	5.301MiB / 7.75GiB	0.07%	129kB / 127kB	6.64MB / 0B
03:47:34	67	100	11.84	vigorous_chaplygin	72.34%	1.439GiB / 7.75GiB	18.57%	14.4GB / 14GB	94.4MB / 11.5GB
03:47:34	67	100	11.84	clever_bohr	312.40%	910.7MiB / 7.75GiB	11.48%	35.4GB / 70.7GB	117MB / 250GB
03:47:34	67	100	11.84	testcontainers-ryuk-b0b7314d-062f-4965-9dec-9cd64312c536	0.00%	5.301MiB / 7.75GiB	0.07%	129kB / 127kB	6.64MB / 0B
03:48:36	65	100	12.10	vigorous_chaplygin	77.61%	1.44GiB / 7.75GiB	18.58%	14.4GB / 14GB	94.4MB / 11.5GB
03:48:36	65	100	12.10	clever_bohr	368.96%	909.7MiB / 7.75GiB	11.46%	35.5GB / 70.9GB	117MB / 251GB
03:48:36	65	100	12.10	testcontainers-ryuk-b0b7314d-062f-4965-9dec-9cd64312c536	0.00%	5.301MiB / 7.75GiB	0.07%	130kB / 128kB	6.64MB / 0B
03:49:38	60	100	12.38	vigorous_chaplygin	80.27%	1.441GiB / 7.75GiB	18.59%	14.4GB / 14GB	94.4MB / 11.6GB
03:49:38	60	100	12.38	clever_bohr	402.55%	924.2MiB / 7.75GiB	11.65%	35.6GB / 71.2GB	117MB / 252GB
03:49:38	60	100	12.38	testcontainers-ryuk-b0b7314d-062f-4965-9dec-9cd64312c536	0.00%	5.301MiB / 7.75GiB	0.07%	130kB / 128kB	6.64MB / 0B
03:50:41	65	100	10.97	vigorous_chaplygin	70.15%	1.442GiB / 7.75GiB	18.61%	14.5GB / 14.1GB	94.4MB / 11.6GB
03:50:41	65	100	10.97	clever_bohr	530.56%	908.8MiB / 7.75GiB	11.45%	35.7GB / 71.4GB	117MB / 252GB
03:50:41	65	100	10.97	testcontainers-ryuk-b0b7314d-062f-4965-9dec-9cd64312c536	0.00%	5.301MiB / 7.75GiB	0.07%	131kB / 128kB	6.64MB / 0B
03:51:43	60	100	11.02	vigorous_chaplygin	84.04%	1.443GiB / 7.75GiB	18.62%	14.5GB / 14.1GB	94.4MB / 11.6GB
03:51:43	60	100	11.02	clever_bohr	401.98%	908.2MiB / 7.75GiB	11.44%	35.9GB / 71.6GB	117MB / 254GB
03:51:43	60	100	11.02	testcontainers-ryuk-b0b7314d-062f-4965-9dec-9cd64312c536	0.00%	5.301MiB / 7.75GiB	0.07%	131kB / 129kB	6.64MB / 0B
03:52:45	62	100	13.66	vigorous_chaplygin	76.08%	1.444GiB / 7.75GiB	18.63%	14.6GB / 14.2GB	94.4MB / 11.7GB
03:52:45	62	100	13.66	clever_bohr	418.57%	908.7MiB / 7.75GiB	11.45%	36GB / 71.8GB	117MB / 254GB
03:52:45	62	100	13.66	testcontainers-ryuk-b0b7314d-062f-4965-9dec-9cd64312c536	0.00%	5.301MiB / 7.75GiB	0.07%	131kB / 129kB	6.64MB / 0B
03:53:48	67	100	11.71	vigorous_chaplygin	71.41%	1.446GiB / 7.75GiB	18.65%	14.6GB / 14.2GB	94.4MB / 11.7GB
03:53:48	67	100	11.71	clever_bohr	323.74%	917.3MiB / 7.75GiB	11.56%	36.1GB / 72.1GB	117MB / 255GB
03:53:48	67	100	11.71	testcontainers-ryuk-b0b7314d-062f-4965-9dec-9cd64312c536	0.00%	5.301MiB / 7.75GiB	0.07%	132kB / 129kB	6.64MB / 0B
03:54:50	60	100	15.34	vigorous_chaplygin	79.30%	1.447GiB / 7.75GiB	18.67%	14.7GB / 14.3GB	94.4MB / 11.7GB
03:54:50	60	100	15.34	clever_bohr	351.28%	920MiB / 7.75GiB	11.59%	36.2GB / 72.3GB	117MB / 256GB
03:54:50	60	100	15.34	testcontainers-ryuk-b0b7314d-062f-4965-9dec-9cd64312c536	0.00%	5.301MiB / 7.75GiB	0.07%	132kB / 130kB	6.64MB / 0B
03:55:52	62	100	14.60	vigorous_chaplygin	75.67%	1.447GiB / 7.75GiB	18.68%	14.7GB / 14.3GB	94.4MB / 11.8GB
03:55:52	62	100	14.60	clever_bohr	361.28%	920MiB / 7.75GiB	11.59%	36.3GB / 72.5GB	117MB / 257GB
03:55:52	62	100	14.60	testcontainers-ryuk-b0b7314d-062f-4965-9dec-9cd64312c536	0.00%	5.301MiB / 7.75GiB	0.07%	132kB / 130kB	6.64MB / 0B
03:56:54	65	100	12.97	vigorous_chaplygin	68.65%	1.449GiB / 7.75GiB	18.69%	14.8GB / 14.4GB	94.4MB / 11.8GB
03:56:54	65	100	12.97	clever_bohr	326.14%	473.3MiB / 7.75GiB	5.96%	36.4GB / 72.7GB	117MB / 257GB
03:56:54	65	100	12.97	testcontainers-ryuk-b0b7314d-062f-4965-9dec-9cd64312c536	0.00%	5.301MiB / 7.75GiB	0.07%	133kB / 131kB	6.64MB / 0B
03:57:57	58	100	13.33	vigorous_chaplygin	81.91%	1.449GiB / 7.75GiB	18.70%	14.8GB / 14.4GB	94.4MB / 11.8GB
03:57:57	58	100	13.33	clever_bohr	369.06%	481.9MiB / 7.75GiB	6.07%	36.5GB / 73GB	117MB / 258GB
03:57:57	58	100	13.33	testcontainers-ryuk-b0b7314d-062f-4965-9dec-9cd64312c536	0.00%	5.301MiB / 7.75GiB	0.07%	133kB / 131kB	6.64MB / 0B
03:58:59	67	100	12.84	vigorous_chaplygin	73.40%	1.309GiB / 7.75GiB	16.90%	14.8GB / 14.4GB	94.4MB / 11.9GB
03:58:59	67	100	12.84	clever_bohr	344.50%	490.9MiB / 7.75GiB	6.19%	36.6GB / 73.2GB	117MB / 259GB
03:58:59	67	100	12.84	testcontainers-ryuk-b0b7314d-062f-4965-9dec-9cd64312c536	0.00%	3.617MiB / 7.75GiB	0.05%	134kB / 131kB	6.64MB / 520kB
04:00:01	60	100	12.55	vigorous_chaplygin	78.26%	1.274GiB / 7.75GiB	16.43%	14.9GB / 14.5GB	94.4MB / 11.9GB
04:00:01	60	100	12.55	clever_bohr	362.88%	488.5MiB / 7.75GiB	6.16%	36.8GB / 73.4GB	118MB / 260GB
04:00:01	60	100	12.55	testcontainers-ryuk-b0b7314d-062f-4965-9dec-9cd64312c536	0.00%	3.617MiB / 7.75GiB	0.05%	134kB / 132kB	6.64MB / 520kB
04:01:04	60	100	11.20	vigorous_chaplygin	75.12%	1.268GiB / 7.75GiB	16.36%	14.9GB / 14.5GB	94.4MB / 12GB
04:01:04	60	100	11.20	clever_bohr	368.97%	556.4MiB / 7.75GiB	7.01%	36.9GB / 73.6GB	118MB / 261GB
04:01:04	60	100	11.20	testcontainers-ryuk-b0b7314d-062f-4965-9dec-9cd64312c536	0.00%	3.617MiB / 7.75GiB	0.05%	134kB / 132kB	6.64MB / 520kB
04:02:06	62	100	11.63	vigorous_chaplygin	78.25%	1.265GiB / 7.75GiB	16.33%	15GB / 14.6GB	94.4MB / 12GB
04:02:06	62	100	11.63	clever_bohr	353.78%	624MiB / 7.75GiB	7.86%	37GB / 73.9GB	118MB / 262GB
04:02:06	62	100	11.63	testcontainers-ryuk-b0b7314d-062f-4965-9dec-9cd64312c536	0.00%	3.617MiB / 7.75GiB	0.05%	135kB / 132kB	6.64MB / 520kB
04:03:08	58	100	11.30	vigorous_chaplygin	81.64%	1.265GiB / 7.75GiB	16.33%	15GB / 14.6GB	94.4MB / 12.1GB
04:03:08	58	100	11.30	clever_bohr	361.56%	655.7MiB / 7.75GiB	8.26%	37.1GB / 74.1GB	118MB / 263GB
04:03:08	58	100	11.30	testcontainers-ryuk-b0b7314d-062f-4965-9dec-9cd64312c536	0.00%	3.617MiB / 7.75GiB	0.05%	135kB / 133kB	6.64MB / 520kB
04:04:10	62	100	10.08	vigorous_chaplygin	76.55%	1.267GiB / 7.75GiB	16.34%	15.1GB / 14.7GB	94.4MB / 12.1GB
04:04:10	62	100	10.08	clever_bohr	613.83%	661MiB / 7.75GiB	8.33%	37.2GB / 74.3GB	118MB / 264GB
04:04:10	62	100	10.08	testcontainers-ryuk-b0b7314d-062f-4965-9dec-9cd64312c536	0.00%	3.617MiB / 7.75GiB	0.05%	135kB / 133kB	6.64MB / 520kB
04:05:13	67	100	10.54	vigorous_chaplygin	67.54%	1.266GiB / 7.75GiB	16.33%	15.1GB / 14.7GB	94.4MB / 12.1GB
04:05:13	67	100	10.54	clever_bohr	433.72%	698MiB / 7.75GiB	8.80%	37.3GB / 74.5GB	118MB / 265GB
04:05:13	67	100	10.54	testcontainers-ryuk-b0b7314d-062f-4965-9dec-9cd64312c536	0.00%	3.617MiB / 7.75GiB	0.05%	136kB / 134kB	6.64MB / 520kB
04:06:15	60	100	10.95	vigorous_chaplygin	82.53%	1.266GiB / 7.75GiB	16.34%	15.2GB / 14.7GB	94.4MB / 12.2GB
04:06:15	60	100	10.95	clever_bohr	481.42%	685.1MiB / 7.75GiB	8.63%	37.4GB / 74.8GB	118MB / 265GB
04:06:15	60	100	10.95	testcontainers-ryuk-b0b7314d-062f-4965-9dec-9cd64312c536	0.00%	3.617MiB / 7.75GiB	0.05%	136kB / 134kB	6.64MB / 520kB
04:07:17	62	100	12.60	vigorous_chaplygin	78.42%	1.268GiB / 7.75GiB	16.37%	15.2GB / 14.8GB	94.4MB / 12.2GB
04:07:17	62	100	12.60	clever_bohr	362.01%	625.2MiB / 7.75GiB	7.88%	37.5GB / 75GB	118MB / 266GB
04:07:17	62	100	12.60	testcontainers-ryuk-b0b7314d-062f-4965-9dec-9cd64312c536	0.00%	3.617MiB / 7.75GiB	0.05%	137kB / 134kB	6.64MB / 520kB
04:08:20	62	100	12.29	vigorous_chaplygin	73.08%	1.268GiB / 7.75GiB	16.37%	15.3GB / 14.8GB	94.5MB / 12.2GB
04:08:20	62	100	12.29	clever_bohr	324.54%	586.7MiB / 7.75GiB	7.39%	37.6GB / 75.2GB	118MB / 267GB
04:08:20	62	100	12.29	testcontainers-ryuk-b0b7314d-062f-4965-9dec-9cd64312c536	0.00%	3.617MiB / 7.75GiB	0.05%	137kB / 135kB	6.64MB / 520kB
04:09:22	60	100	14.15	vigorous_chaplygin	75.86%	1.27GiB / 7.75GiB	16.39%	15.3GB / 14.9GB	94.5MB / 12.3GB
04:09:22	60	100	14.15	clever_bohr	354.22%	586.7MiB / 7.75GiB	7.39%	37.8GB / 75.4GB	118MB / 268GB
04:09:22	60	100	14.15	testcontainers-ryuk-b0b7314d-062f-4965-9dec-9cd64312c536	0.00%	3.617MiB / 7.75GiB	0.05%	137kB / 135kB	6.64MB / 520kB
04:10:24	65	100	15.41	vigorous_chaplygin	64.31%	1.269GiB / 7.75GiB	16.37%	15.3GB / 14.9GB	94.5MB / 12.3GB
04:10:24	65	100	15.41	clever_bohr	744.72%	643.1MiB / 7.75GiB	8.10%	37.9GB / 75.6GB	118MB / 269GB
04:10:24	65	100	15.41	testcontainers-ryuk-b0b7314d-062f-4965-9dec-9cd64312c536	0.00%	3.617MiB / 7.75GiB	0.05%	138kB / 135kB	6.64MB / 520kB
04:11:26	65	100	14.05	vigorous_chaplygin	74.86%	1.27GiB / 7.75GiB	16.38%	15.4GB / 15GB	94.5MB / 12.3GB
04:11:26	65	100	14.05	clever_bohr	351.32%	650.8MiB / 7.75GiB	8.20%	38GB / 75.8GB	118MB / 269GB
04:11:26	65	100	14.05	testcontainers-ryuk-b0b7314d-062f-4965-9dec-9cd64312c536	0.00%	3.617MiB / 7.75GiB	0.05%	138kB / 136kB	6.64MB / 520kB
04:12:29	60	100	13.08	vigorous_chaplygin	91.13%	1.271GiB / 7.75GiB	16.40%	15.4GB / 15GB	94.6MB / 12.4GB
04:12:29	60	100	13.08	clever_bohr	399.60%	660.9MiB / 7.75GiB	8.33%	38.1GB / 76.1GB	118MB / 270GB
04:12:29	60	100	13.08	testcontainers-ryuk-b0b7314d-062f-4965-9dec-9cd64312c536	0.00%	3.617MiB / 7.75GiB	0.05%	138kB / 136kB	6.64MB / 520kB
