Tandem load test — scenarios=[S9], smoke=false, demo=false, duration=PT6H, workers=8, pollInterval=PT0.1S, pollFloor=PT0.01S, wakeup=PG_NOTIFY
--- Running S9 ---
22:12:05 INFO    com.codingful.tandem.jdbc.WorkerPool - Starting relay instanceId:s9-instance-1, workers:8, coordination:LEASE, bucketCount:256, batchSize:100, pollIntervalMs:100, pollIntervalFloorMs:10, pollBackoffFactor:2.0, wakeup:PgNotifyWakeup, maxAttempts:10, rowLeaseMs:60000
22:12:05 INFO    com.codingful.tandem.jdbc.PgNotifyWakeup - Listening for relay wakeups channel:tandem_wakeup
22:12:05 INFO    com.codingful.tandem.jdbc.WorkerPool - Starting relay instanceId:s9-instance-2, workers:8, coordination:LEASE, bucketCount:256, batchSize:100, pollIntervalMs:100, pollIntervalFloorMs:10, pollBackoffFactor:2.0, wakeup:PgNotifyWakeup, maxAttempts:10, rowLeaseMs:60000
22:12:05 INFO    com.codingful.tandem.jdbc.PgNotifyWakeup - Listening for relay wakeups channel:tandem_wakeup
22:12:05 INFO    com.codingful.tandem.jdbc.BucketLeaseManager - Relay claimed buckets owner:s9-instance-2, count:128
22:12:05 INFO    com.codingful.tandem.jdbc.BucketLeaseManager - Relay claimed buckets owner:s9-instance-1, count:128
S9: holding 400.0 events/s (rate given explicitly) for PT6H in 18 windows of PT20M; retention=PT10M, cleanup every PT30S in batches of 20000
22:18:34 INFO    com.codingful.tandem.jdbc.RelayWorker - Relay worker progress workerId:tandem-relay-s9-instance-2-w0, processed:10000, ok:10000, ko:0
22:18:36 INFO    com.codingful.tandem.jdbc.RelayWorker - Relay worker progress workerId:tandem-relay-s9-instance-2-w7, processed:10000, ok:10000, ko:0
22:18:42 INFO    com.codingful.tandem.jdbc.RelayWorker - Relay worker progress workerId:tandem-relay-s9-instance-1-w5, processed:10000, ok:10000, ko:0
22:18:44 INFO    com.codingful.tandem.jdbc.RelayWorker - Relay worker progress workerId:tandem-relay-s9-instance-1-w4, processed:10000, ok:10000, ko:0
22:18:47 INFO    com.codingful.tandem.jdbc.RelayWorker - Relay worker progress workerId:tandem-relay-s9-instance-1-w1, processed:10000, ok:10000, ko:0
22:18:52 INFO    com.codingful.tandem.jdbc.RelayWorker - Relay worker progress workerId:tandem-relay-s9-instance-1-w2, processed:10000, ok:10000, ko:0
22:18:55 INFO    com.codingful.tandem.jdbc.RelayWorker - Relay worker progress workerId:tandem-relay-s9-instance-1-w6, processed:10000, ok:10000, ko:0
22:18:57 INFO    com.codingful.tandem.jdbc.RelayWorker - Relay worker progress workerId:tandem-relay-s9-instance-2-w3, processed:10000, ok:10000, ko:0
22:18:59 INFO    com.codingful.tandem.jdbc.RelayWorker - Relay worker progress workerId:tandem-relay-s9-instance-2-w6, processed:10000, ok:10000, ko:0
22:19:02 INFO    com.codingful.tandem.jdbc.RelayWorker - Relay worker progress workerId:tandem-relay-s9-instance-1-w7, processed:10000, ok:10000, ko:0
22:19:05 INFO    com.codingful.tandem.jdbc.RelayWorker - Relay worker progress workerId:tandem-relay-s9-instance-2-w4, processed:10000, ok:10000, ko:0
22:19:11 INFO    com.codingful.tandem.jdbc.RelayWorker - Relay worker progress workerId:tandem-relay-s9-instance-1-w3, processed:10000, ok:10000, ko:0
22:19:18 INFO    com.codingful.tandem.jdbc.RelayWorker - Relay worker progress workerId:tandem-relay-s9-instance-2-w5, processed:10000, ok:10000, ko:0
22:19:18 INFO    com.codingful.tandem.jdbc.RelayWorker - Relay worker progress workerId:tandem-relay-s9-instance-2-w2, processed:10000, ok:10000, ko:0
22:19:25 INFO    com.codingful.tandem.jdbc.RelayWorker - Relay worker progress workerId:tandem-relay-s9-instance-2-w1, processed:10000, ok:10000, ko:0
22:19:37 INFO    com.codingful.tandem.jdbc.RelayWorker - Relay worker progress workerId:tandem-relay-s9-instance-1-w0, processed:10000, ok:10000, ko:0
22:24:50 INFO    com.codingful.tandem.jdbc.RelayWorker - Relay worker progress workerId:tandem-relay-s9-instance-2-w0, processed:20000, ok:20000, ko:0
22:25:04 INFO    com.codingful.tandem.jdbc.RelayWorker - Relay worker progress workerId:tandem-relay-s9-instance-2-w7, processed:20000, ok:20000, ko:0
22:25:06 INFO    com.codingful.tandem.jdbc.RelayWorker - Relay worker progress workerId:tandem-relay-s9-instance-1-w1, processed:20000, ok:20000, ko:0
22:25:06 INFO    com.codingful.tandem.jdbc.RelayWorker - Relay worker progress workerId:tandem-relay-s9-instance-1-w5, processed:20000, ok:20000, ko:0
22:25:12 INFO    com.codingful.tandem.jdbc.RelayWorker - Relay worker progress workerId:tandem-relay-s9-instance-1-w4, processed:20000, ok:20000, ko:0
22:25:20 INFO    com.codingful.tandem.jdbc.RelayWorker - Relay worker progress workerId:tandem-relay-s9-instance-1-w2, processed:20000, ok:20000, ko:0
22:25:36 INFO    com.codingful.tandem.jdbc.RelayWorker - Relay worker progress workerId:tandem-relay-s9-instance-2-w3, processed:20000, ok:20000, ko:0
22:25:38 INFO    com.codingful.tandem.jdbc.RelayWorker - Relay worker progress workerId:tandem-relay-s9-instance-2-w4, processed:20000, ok:20000, ko:0
22:25:39 INFO    com.codingful.tandem.jdbc.RelayWorker - Relay worker progress workerId:tandem-relay-s9-instance-1-w6, processed:20000, ok:20000, ko:0
22:25:42 INFO    com.codingful.tandem.jdbc.RelayWorker - Relay worker progress workerId:tandem-relay-s9-instance-2-w6, processed:20000, ok:20000, ko:0
22:25:45 INFO    com.codingful.tandem.jdbc.RelayWorker - Relay worker progress workerId:tandem-relay-s9-instance-1-w7, processed:20000, ok:20000, ko:0
22:26:03 INFO    com.codingful.tandem.jdbc.RelayWorker - Relay worker progress workerId:tandem-relay-s9-instance-1-w3, processed:20000, ok:20000, ko:0
22:26:16 INFO    com.codingful.tandem.jdbc.RelayWorker - Relay worker progress workerId:tandem-relay-s9-instance-2-w5, processed:20000, ok:20000, ko:0
22:26:17 INFO    com.codingful.tandem.jdbc.RelayWorker - Relay worker progress workerId:tandem-relay-s9-instance-2-w2, processed:20000, ok:20000, ko:0
22:26:26 INFO    com.codingful.tandem.jdbc.RelayWorker - Relay worker progress workerId:tandem-relay-s9-instance-2-w1, processed:20000, ok:20000, ko:0
22:27:06 INFO    com.codingful.tandem.jdbc.RelayWorker - Relay worker progress workerId:tandem-relay-s9-instance-1-w0, processed:20000, ok:20000, ko:0
22:30:59 INFO    com.codingful.tandem.jdbc.RelayWorker - Relay worker progress workerId:tandem-relay-s9-instance-2-w0, processed:30000, ok:30000, ko:0
22:31:20 INFO    com.codingful.tandem.jdbc.RelayWorker - Relay worker progress workerId:tandem-relay-s9-instance-2-w7, processed:30000, ok:30000, ko:0
22:31:24 INFO    com.codingful.tandem.jdbc.RelayWorker - Relay worker progress workerId:tandem-relay-s9-instance-1-w1, processed:30000, ok:30000, ko:0
22:31:29 INFO    com.codingful.tandem.jdbc.RelayWorker - Relay worker progress workerId:tandem-relay-s9-instance-1-w5, processed:30000, ok:30000, ko:0
22:31:41 INFO    com.codingful.tandem.jdbc.RelayWorker - Relay worker progress workerId:tandem-relay-s9-instance-1-w4, processed:30000, ok:30000, ko:0
22:31:44 INFO    com.codingful.tandem.jdbc.RelayWorker - Relay worker progress workerId:tandem-relay-s9-instance-1-w2, processed:30000, ok:30000, ko:0
22:32:12 INFO    com.codingful.tandem.jdbc.RelayWorker - Relay worker progress workerId:tandem-relay-s9-instance-2-w3, processed:30000, ok:30000, ko:0
22:32:21 INFO    com.codingful.tandem.jdbc.RelayWorker - Relay worker progress workerId:tandem-relay-s9-instance-2-w4, processed:30000, ok:30000, ko:0
22:32:27 INFO    com.codingful.tandem.jdbc.RelayWorker - Relay worker progress workerId:tandem-relay-s9-instance-1-w6, processed:30000, ok:30000, ko:0
22:32:29 INFO    com.codingful.tandem.jdbc.RelayWorker - Relay worker progress workerId:tandem-relay-s9-instance-2-w6, processed:30000, ok:30000, ko:0
22:32:34 INFO    com.codingful.tandem.jdbc.RelayWorker - Relay worker progress workerId:tandem-relay-s9-instance-1-w7, processed:30000, ok:30000, ko:0
S9 window  1 @22:32:35: 395.2/s delivered (395.2/s written), p50=21ms p99=211ms, pending=25 oldest=0s, buckets [128, 128] covered=256/256, outbox 445MB (42MB idx, 253017 rows, 6344 dead), heap=47MB threads=51 load=15.80
22:32:55 INFO    com.codingful.tandem.jdbc.RelayWorker - Relay worker progress workerId:tandem-relay-s9-instance-1-w3, processed:30000, ok:30000, ko:0
22:33:06 INFO    com.codingful.tandem.jdbc.RelayWorker - Relay worker progress workerId:tandem-relay-s9-instance-2-w2, processed:30000, ok:30000, ko:0
22:33:14 INFO    com.codingful.tandem.jdbc.RelayWorker - Relay worker progress workerId:tandem-relay-s9-instance-2-w5, processed:30000, ok:30000, ko:0
22:33:29 INFO    com.codingful.tandem.jdbc.RelayWorker - Relay worker progress workerId:tandem-relay-s9-instance-2-w1, processed:30000, ok:30000, ko:0
22:34:27 INFO    com.codingful.tandem.jdbc.RelayWorker - Relay worker progress workerId:tandem-relay-s9-instance-1-w0, processed:30000, ok:30000, ko:0
22:37:13 INFO    com.codingful.tandem.jdbc.RelayWorker - Relay worker progress workerId:tandem-relay-s9-instance-2-w0, processed:40000, ok:40000, ko:0
22:37:43 INFO    com.codingful.tandem.jdbc.RelayWorker - Relay worker progress workerId:tandem-relay-s9-instance-2-w7, processed:40000, ok:40000, ko:0
22:37:50 INFO    com.codingful.tandem.jdbc.RelayWorker - Relay worker progress workerId:tandem-relay-s9-instance-1-w1, processed:40000, ok:40000, ko:0
22:37:52 INFO    com.codingful.tandem.jdbc.RelayWorker - Relay worker progress workerId:tandem-relay-s9-instance-1-w5, processed:40000, ok:40000, ko:0
22:38:06 INFO    com.codingful.tandem.jdbc.RelayWorker - Relay worker progress workerId:tandem-relay-s9-instance-1-w4, processed:40000, ok:40000, ko:0
22:38:12 INFO    com.codingful.tandem.jdbc.RelayWorker - Relay worker progress workerId:tandem-relay-s9-instance-1-w2, processed:40000, ok:40000, ko:0
22:38:41 INFO    com.codingful.tandem.jdbc.RelayWorker - Relay worker progress workerId:tandem-relay-s9-instance-2-w3, processed:40000, ok:40000, ko:0
22:39:02 INFO    com.codingful.tandem.jdbc.RelayWorker - Relay worker progress workerId:tandem-relay-s9-instance-2-w4, processed:40000, ok:40000, ko:0
22:39:09 INFO    com.codingful.tandem.jdbc.RelayWorker - Relay worker progress workerId:tandem-relay-s9-instance-1-w6, processed:40000, ok:40000, ko:0
22:39:14 INFO    com.codingful.tandem.jdbc.RelayWorker - Relay worker progress workerId:tandem-relay-s9-instance-2-w6, processed:40000, ok:40000, ko:0
22:39:23 INFO    com.codingful.tandem.jdbc.RelayWorker - Relay worker progress workerId:tandem-relay-s9-instance-1-w7, processed:40000, ok:40000, ko:0
22:39:42 INFO    com.codingful.tandem.jdbc.RelayWorker - Relay worker progress workerId:tandem-relay-s9-instance-1-w3, processed:40000, ok:40000, ko:0
22:39:57 INFO    com.codingful.tandem.jdbc.RelayWorker - Relay worker progress workerId:tandem-relay-s9-instance-2-w2, processed:40000, ok:40000, ko:0
22:40:08 INFO    com.codingful.tandem.jdbc.RelayWorker - Relay worker progress workerId:tandem-relay-s9-instance-2-w5, processed:40000, ok:40000, ko:0
22:40:41 INFO    com.codingful.tandem.jdbc.RelayWorker - Relay worker progress workerId:tandem-relay-s9-instance-2-w1, processed:40000, ok:40000, ko:0
22:41:49 INFO    com.codingful.tandem.jdbc.RelayWorker - Relay worker progress workerId:tandem-relay-s9-instance-1-w0, processed:40000, ok:40000, ko:0
22:43:19 INFO    com.codingful.tandem.jdbc.RelayWorker - Relay worker progress workerId:tandem-relay-s9-instance-2-w0, processed:50000, ok:50000, ko:0
22:44:11 INFO    com.codingful.tandem.jdbc.RelayWorker - Relay worker progress workerId:tandem-relay-s9-instance-2-w7, processed:50000, ok:50000, ko:0
22:44:15 INFO    com.codingful.tandem.jdbc.RelayWorker - Relay worker progress workerId:tandem-relay-s9-instance-1-w1, processed:50000, ok:50000, ko:0
22:44:25 INFO    com.codingful.tandem.jdbc.RelayWorker - Relay worker progress workerId:tandem-relay-s9-instance-1-w5, processed:50000, ok:50000, ko:0
22:44:34 INFO    com.codingful.tandem.jdbc.RelayWorker - Relay worker progress workerId:tandem-relay-s9-instance-1-w4, processed:50000, ok:50000, ko:0
22:44:40 INFO    com.codingful.tandem.jdbc.RelayWorker - Relay worker progress workerId:tandem-relay-s9-instance-1-w2, processed:50000, ok:50000, ko:0
22:45:10 INFO    com.codingful.tandem.jdbc.RelayWorker - Relay worker progress workerId:tandem-relay-s9-instance-2-w3, processed:50000, ok:50000, ko:0
22:45:43 INFO    com.codingful.tandem.jdbc.RelayWorker - Relay worker progress workerId:tandem-relay-s9-instance-2-w4, processed:50000, ok:50000, ko:0
22:45:53 INFO    com.codingful.tandem.jdbc.RelayWorker - Relay worker progress workerId:tandem-relay-s9-instance-1-w6, processed:50000, ok:50000, ko:0
22:46:03 INFO    com.codingful.tandem.jdbc.RelayWorker - Relay worker progress workerId:tandem-relay-s9-instance-2-w6, processed:50000, ok:50000, ko:0
22:46:13 INFO    com.codingful.tandem.jdbc.RelayWorker - Relay worker progress workerId:tandem-relay-s9-instance-1-w7, processed:50000, ok:50000, ko:0
22:46:35 INFO    com.codingful.tandem.jdbc.RelayWorker - Relay worker progress workerId:tandem-relay-s9-instance-1-w3, processed:50000, ok:50000, ko:0
22:46:48 INFO    com.codingful.tandem.jdbc.RelayWorker - Relay worker progress workerId:tandem-relay-s9-instance-2-w2, processed:50000, ok:50000, ko:0
22:47:09 INFO    com.codingful.tandem.jdbc.RelayWorker - Relay worker progress workerId:tandem-relay-s9-instance-2-w5, processed:50000, ok:50000, ko:0
22:47:43 INFO    com.codingful.tandem.jdbc.RelayWorker - Relay worker progress workerId:tandem-relay-s9-instance-2-w1, processed:50000, ok:50000, ko:0
22:49:11 INFO    com.codingful.tandem.jdbc.RelayWorker - Relay worker progress workerId:tandem-relay-s9-instance-1-w0, processed:50000, ok:50000, ko:0
22:49:31 INFO    com.codingful.tandem.jdbc.RelayWorker - Relay worker progress workerId:tandem-relay-s9-instance-2-w0, processed:60000, ok:60000, ko:0
22:50:32 INFO    com.codingful.tandem.jdbc.RelayWorker - Relay worker progress workerId:tandem-relay-s9-instance-2-w7, processed:60000, ok:60000, ko:0
22:50:35 INFO    com.codingful.tandem.jdbc.RelayWorker - Relay worker progress workerId:tandem-relay-s9-instance-1-w1, processed:60000, ok:60000, ko:0
22:50:44 INFO    com.codingful.tandem.jdbc.RelayWorker - Relay worker progress workerId:tandem-relay-s9-instance-1-w5, processed:60000, ok:60000, ko:0
22:51:00 INFO    com.codingful.tandem.jdbc.RelayWorker - Relay worker progress workerId:tandem-relay-s9-instance-1-w4, processed:60000, ok:60000, ko:0
22:51:04 INFO    com.codingful.tandem.jdbc.RelayWorker - Relay worker progress workerId:tandem-relay-s9-instance-1-w2, processed:60000, ok:60000, ko:0
22:51:43 INFO    com.codingful.tandem.jdbc.RelayWorker - Relay worker progress workerId:tandem-relay-s9-instance-2-w3, processed:60000, ok:60000, ko:0
22:52:29 INFO    com.codingful.tandem.jdbc.RelayWorker - Relay worker progress workerId:tandem-relay-s9-instance-2-w4, processed:60000, ok:60000, ko:0
22:52:35 INFO    com.codingful.tandem.jdbc.RelayWorker - Relay worker progress workerId:tandem-relay-s9-instance-1-w6, processed:60000, ok:60000, ko:0
S9 window  2 @22:52:35: 400.0/s delivered (400.0/s written), p50=16ms p99=51ms, pending=4 oldest=0s, buckets [128, 128] covered=256/256, outbox 441MB (43MB idx, 245763 rows, 78467 dead), heap=54MB threads=52 load=11.87
22:52:41 INFO    com.codingful.tandem.jdbc.RelayWorker - Relay worker progress workerId:tandem-relay-s9-instance-2-w6, processed:60000, ok:60000, ko:0
22:52:57 INFO    com.codingful.tandem.jdbc.RelayWorker - Relay worker progress workerId:tandem-relay-s9-instance-1-w7, processed:60000, ok:60000, ko:0
22:53:32 INFO    com.codingful.tandem.jdbc.RelayWorker - Relay worker progress workerId:tandem-relay-s9-instance-1-w3, processed:60000, ok:60000, ko:0
22:53:43 INFO    com.codingful.tandem.jdbc.RelayWorker - Relay worker progress workerId:tandem-relay-s9-instance-2-w2, processed:60000, ok:60000, ko:0
22:54:15 INFO    com.codingful.tandem.jdbc.RelayWorker - Relay worker progress workerId:tandem-relay-s9-instance-2-w5, processed:60000, ok:60000, ko:0
22:54:57 INFO    com.codingful.tandem.jdbc.RelayWorker - Relay worker progress workerId:tandem-relay-s9-instance-2-w1, processed:60000, ok:60000, ko:0
22:55:40 INFO    com.codingful.tandem.jdbc.RelayWorker - Relay worker progress workerId:tandem-relay-s9-instance-2-w0, processed:70000, ok:70000, ko:0
22:56:31 INFO    com.codingful.tandem.jdbc.RelayWorker - Relay worker progress workerId:tandem-relay-s9-instance-1-w0, processed:60000, ok:60000, ko:0
22:56:50 INFO    com.codingful.tandem.jdbc.RelayWorker - Relay worker progress workerId:tandem-relay-s9-instance-1-w1, processed:70000, ok:70000, ko:0
22:56:54 INFO    com.codingful.tandem.jdbc.RelayWorker - Relay worker progress workerId:tandem-relay-s9-instance-2-w7, processed:70000, ok:70000, ko:0
22:57:12 INFO    com.codingful.tandem.jdbc.RelayWorker - Relay worker progress workerId:tandem-relay-s9-instance-1-w5, processed:70000, ok:70000, ko:0
22:57:25 INFO    com.codingful.tandem.jdbc.RelayWorker - Relay worker progress workerId:tandem-relay-s9-instance-1-w4, processed:70000, ok:70000, ko:0
22:57:36 INFO    com.codingful.tandem.jdbc.RelayWorker - Relay worker progress workerId:tandem-relay-s9-instance-1-w2, processed:70000, ok:70000, ko:0
22:58:16 INFO    com.codingful.tandem.jdbc.RelayWorker - Relay worker progress workerId:tandem-relay-s9-instance-2-w3, processed:70000, ok:70000, ko:0
22:59:00 INFO    com.codingful.tandem.jdbc.RelayWorker - Relay worker progress workerId:tandem-relay-s9-instance-2-w4, processed:70000, ok:70000, ko:0
22:59:21 INFO    com.codingful.tandem.jdbc.RelayWorker - Relay worker progress workerId:tandem-relay-s9-instance-1-w6, processed:70000, ok:70000, ko:0
22:59:30 INFO    com.codingful.tandem.jdbc.RelayWorker - Relay worker progress workerId:tandem-relay-s9-instance-2-w6, processed:70000, ok:70000, ko:0
22:59:41 INFO    com.codingful.tandem.jdbc.RelayWorker - Relay worker progress workerId:tandem-relay-s9-instance-1-w7, processed:70000, ok:70000, ko:0
23:00:31 INFO    com.codingful.tandem.jdbc.RelayWorker - Relay worker progress workerId:tandem-relay-s9-instance-1-w3, processed:70000, ok:70000, ko:0
23:00:31 INFO    com.codingful.tandem.jdbc.RelayWorker - Relay worker progress workerId:tandem-relay-s9-instance-2-w2, processed:70000, ok:70000, ko:0
23:01:21 INFO    com.codingful.tandem.jdbc.RelayWorker - Relay worker progress workerId:tandem-relay-s9-instance-2-w5, processed:70000, ok:70000, ko:0
23:01:47 INFO    com.codingful.tandem.jdbc.RelayWorker - Relay worker progress workerId:tandem-relay-s9-instance-2-w0, processed:80000, ok:80000, ko:0
23:01:59 INFO    com.codingful.tandem.jdbc.RelayWorker - Relay worker progress workerId:tandem-relay-s9-instance-2-w1, processed:70000, ok:70000, ko:0
23:03:14 INFO    com.codingful.tandem.jdbc.RelayWorker - Relay worker progress workerId:tandem-relay-s9-instance-1-w1, processed:80000, ok:80000, ko:0
23:03:18 INFO    com.codingful.tandem.jdbc.RelayWorker - Relay worker progress workerId:tandem-relay-s9-instance-2-w7, processed:80000, ok:80000, ko:0
23:03:34 INFO    com.codingful.tandem.jdbc.RelayWorker - Relay worker progress workerId:tandem-relay-s9-instance-1-w5, processed:80000, ok:80000, ko:0
23:03:46 INFO    com.codingful.tandem.jdbc.RelayWorker - Relay worker progress workerId:tandem-relay-s9-instance-1-w0, processed:70000, ok:70000, ko:0
23:03:52 INFO    com.codingful.tandem.jdbc.RelayWorker - Relay worker progress workerId:tandem-relay-s9-instance-1-w4, processed:80000, ok:80000, ko:0
23:04:02 INFO    com.codingful.tandem.jdbc.RelayWorker - Relay worker progress workerId:tandem-relay-s9-instance-1-w2, processed:80000, ok:80000, ko:0
23:04:52 INFO    com.codingful.tandem.jdbc.RelayWorker - Relay worker progress workerId:tandem-relay-s9-instance-2-w3, processed:80000, ok:80000, ko:0
23:05:38 INFO    com.codingful.tandem.jdbc.RelayWorker - Relay worker progress workerId:tandem-relay-s9-instance-2-w4, processed:80000, ok:80000, ko:0
23:06:09 INFO    com.codingful.tandem.jdbc.RelayWorker - Relay worker progress workerId:tandem-relay-s9-instance-1-w6, processed:80000, ok:80000, ko:0
23:06:24 INFO    com.codingful.tandem.jdbc.RelayWorker - Relay worker progress workerId:tandem-relay-s9-instance-2-w6, processed:80000, ok:80000, ko:0
23:06:24 INFO    com.codingful.tandem.jdbc.RelayWorker - Relay worker progress workerId:tandem-relay-s9-instance-1-w7, processed:80000, ok:80000, ko:0
23:07:24 INFO    com.codingful.tandem.jdbc.RelayWorker - Relay worker progress workerId:tandem-relay-s9-instance-2-w2, processed:80000, ok:80000, ko:0
23:07:27 INFO    com.codingful.tandem.jdbc.RelayWorker - Relay worker progress workerId:tandem-relay-s9-instance-1-w3, processed:80000, ok:80000, ko:0
23:08:00 INFO    com.codingful.tandem.jdbc.RelayWorker - Relay worker progress workerId:tandem-relay-s9-instance-2-w0, processed:90000, ok:90000, ko:0
23:08:18 INFO    com.codingful.tandem.jdbc.RelayWorker - Relay worker progress workerId:tandem-relay-s9-instance-2-w5, processed:80000, ok:80000, ko:0
23:09:03 INFO    com.codingful.tandem.jdbc.RelayWorker - Relay worker progress workerId:tandem-relay-s9-instance-2-w1, processed:80000, ok:80000, ko:0
23:09:34 INFO    com.codingful.tandem.jdbc.RelayWorker - Relay worker progress workerId:tandem-relay-s9-instance-1-w1, processed:90000, ok:90000, ko:0
23:09:42 INFO    com.codingful.tandem.jdbc.RelayWorker - Relay worker progress workerId:tandem-relay-s9-instance-2-w7, processed:90000, ok:90000, ko:0
23:10:01 INFO    com.codingful.tandem.jdbc.RelayWorker - Relay worker progress workerId:tandem-relay-s9-instance-1-w5, processed:90000, ok:90000, ko:0
23:10:20 INFO    com.codingful.tandem.jdbc.RelayWorker - Relay worker progress workerId:tandem-relay-s9-instance-1-w4, processed:90000, ok:90000, ko:0
23:10:27 INFO    com.codingful.tandem.jdbc.RelayWorker - Relay worker progress workerId:tandem-relay-s9-instance-1-w2, processed:90000, ok:90000, ko:0
23:11:00 INFO    com.codingful.tandem.jdbc.RelayWorker - Relay worker progress workerId:tandem-relay-s9-instance-1-w0, processed:80000, ok:80000, ko:0
23:11:24 INFO    com.codingful.tandem.jdbc.RelayWorker - Relay worker progress workerId:tandem-relay-s9-instance-2-w3, processed:90000, ok:90000, ko:0
23:12:16 INFO    com.codingful.tandem.jdbc.RelayWorker - Relay worker progress workerId:tandem-relay-s9-instance-2-w4, processed:90000, ok:90000, ko:0
S9 window  3 @23:12:36: 399.8/s delivered (399.8/s written), p50=14ms p99=45ms, pending=3 oldest=0s, buckets [128, 128] covered=256/256, outbox 456MB (45MB idx, 250754 rows, 77530 dead), heap=34MB threads=52 load=13.53
23:12:54 INFO    com.codingful.tandem.jdbc.RelayWorker - Relay worker progress workerId:tandem-relay-s9-instance-1-w6, processed:90000, ok:90000, ko:0
23:13:11 INFO    com.codingful.tandem.jdbc.RelayWorker - Relay worker progress workerId:tandem-relay-s9-instance-2-w6, processed:90000, ok:90000, ko:0
23:13:13 INFO    com.codingful.tandem.jdbc.RelayWorker - Relay worker progress workerId:tandem-relay-s9-instance-1-w7, processed:90000, ok:90000, ko:0
23:14:13 INFO    com.codingful.tandem.jdbc.RelayWorker - Relay worker progress workerId:tandem-relay-s9-instance-2-w0, processed:100000, ok:100000, ko:0
23:14:16 INFO    com.codingful.tandem.jdbc.RelayWorker - Relay worker progress workerId:tandem-relay-s9-instance-2-w2, processed:90000, ok:90000, ko:0
23:14:20 INFO    com.codingful.tandem.jdbc.RelayWorker - Relay worker progress workerId:tandem-relay-s9-instance-1-w3, processed:90000, ok:90000, ko:0
23:15:19 INFO    com.codingful.tandem.jdbc.RelayWorker - Relay worker progress workerId:tandem-relay-s9-instance-2-w5, processed:90000, ok:90000, ko:0
23:15:55 INFO    com.codingful.tandem.jdbc.RelayWorker - Relay worker progress workerId:tandem-relay-s9-instance-1-w1, processed:100000, ok:100000, ko:0
23:16:07 INFO    com.codingful.tandem.jdbc.RelayWorker - Relay worker progress workerId:tandem-relay-s9-instance-2-w7, processed:100000, ok:100000, ko:0
23:16:10 INFO    com.codingful.tandem.jdbc.RelayWorker - Relay worker progress workerId:tandem-relay-s9-instance-2-w1, processed:90000, ok:90000, ko:0
23:16:23 INFO    com.codingful.tandem.jdbc.RelayWorker - Relay worker progress workerId:tandem-relay-s9-instance-1-w5, processed:100000, ok:100000, ko:0
23:16:52 INFO    com.codingful.tandem.jdbc.RelayWorker - Relay worker progress workerId:tandem-relay-s9-instance-1-w4, processed:100000, ok:100000, ko:0
23:16:53 INFO    com.codingful.tandem.jdbc.RelayWorker - Relay worker progress workerId:tandem-relay-s9-instance-1-w2, processed:100000, ok:100000, ko:0
23:18:01 INFO    com.codingful.tandem.jdbc.RelayWorker - Relay worker progress workerId:tandem-relay-s9-instance-2-w3, processed:100000, ok:100000, ko:0
23:18:22 INFO    com.codingful.tandem.jdbc.RelayWorker - Relay worker progress workerId:tandem-relay-s9-instance-1-w0, processed:90000, ok:90000, ko:0
23:18:57 INFO    com.codingful.tandem.jdbc.RelayWorker - Relay worker progress workerId:tandem-relay-s9-instance-2-w4, processed:100000, ok:100000, ko:0
23:19:34 INFO    com.codingful.tandem.jdbc.RelayWorker - Relay worker progress workerId:tandem-relay-s9-instance-1-w6, processed:100000, ok:100000, ko:0
23:19:48 INFO    com.codingful.tandem.jdbc.RelayWorker - Relay worker progress workerId:tandem-relay-s9-instance-2-w6, processed:100000, ok:100000, ko:0
23:20:00 INFO    com.codingful.tandem.jdbc.RelayWorker - Relay worker progress workerId:tandem-relay-s9-instance-1-w7, processed:100000, ok:100000, ko:0
23:20:26 INFO    com.codingful.tandem.jdbc.RelayWorker - Relay worker progress workerId:tandem-relay-s9-instance-2-w0, processed:110000, ok:110000, ko:0
23:21:05 INFO    com.codingful.tandem.jdbc.RelayWorker - Relay worker progress workerId:tandem-relay-s9-instance-2-w2, processed:100000, ok:100000, ko:0
23:21:09 INFO    com.codingful.tandem.jdbc.RelayWorker - Relay worker progress workerId:tandem-relay-s9-instance-1-w3, processed:100000, ok:100000, ko:0
23:22:17 INFO    com.codingful.tandem.jdbc.RelayWorker - Relay worker progress workerId:tandem-relay-s9-instance-2-w5, processed:100000, ok:100000, ko:0
23:22:17 INFO    com.codingful.tandem.jdbc.RelayWorker - Relay worker progress workerId:tandem-relay-s9-instance-1-w1, processed:110000, ok:110000, ko:0
23:22:35 INFO    com.codingful.tandem.jdbc.RelayWorker - Relay worker progress workerId:tandem-relay-s9-instance-2-w7, processed:110000, ok:110000, ko:0
23:22:46 INFO    com.codingful.tandem.jdbc.RelayWorker - Relay worker progress workerId:tandem-relay-s9-instance-1-w5, processed:110000, ok:110000, ko:0
23:23:17 INFO    com.codingful.tandem.jdbc.RelayWorker - Relay worker progress workerId:tandem-relay-s9-instance-2-w1, processed:100000, ok:100000, ko:0
23:23:19 INFO    com.codingful.tandem.jdbc.RelayWorker - Relay worker progress workerId:tandem-relay-s9-instance-1-w2, processed:110000, ok:110000, ko:0
23:23:19 INFO    com.codingful.tandem.jdbc.RelayWorker - Relay worker progress workerId:tandem-relay-s9-instance-1-w4, processed:110000, ok:110000, ko:0
23:24:37 INFO    com.codingful.tandem.jdbc.RelayWorker - Relay worker progress workerId:tandem-relay-s9-instance-2-w3, processed:110000, ok:110000, ko:0
23:25:33 INFO    com.codingful.tandem.jdbc.RelayWorker - Relay worker progress workerId:tandem-relay-s9-instance-2-w4, processed:110000, ok:110000, ko:0
23:25:49 INFO    com.codingful.tandem.jdbc.RelayWorker - Relay worker progress workerId:tandem-relay-s9-instance-1-w0, processed:100000, ok:100000, ko:0
23:26:19 INFO    com.codingful.tandem.jdbc.RelayWorker - Relay worker progress workerId:tandem-relay-s9-instance-1-w6, processed:110000, ok:110000, ko:0
23:26:35 INFO    com.codingful.tandem.jdbc.RelayWorker - Relay worker progress workerId:tandem-relay-s9-instance-2-w6, processed:110000, ok:110000, ko:0
23:26:40 INFO    com.codingful.tandem.jdbc.RelayWorker - Relay worker progress workerId:tandem-relay-s9-instance-2-w0, processed:120000, ok:120000, ko:0
23:26:47 INFO    com.codingful.tandem.jdbc.RelayWorker - Relay worker progress workerId:tandem-relay-s9-instance-1-w7, processed:110000, ok:110000, ko:0
23:27:55 INFO    com.codingful.tandem.jdbc.RelayWorker - Relay worker progress workerId:tandem-relay-s9-instance-2-w2, processed:110000, ok:110000, ko:0
23:28:04 INFO    com.codingful.tandem.jdbc.RelayWorker - Relay worker progress workerId:tandem-relay-s9-instance-1-w3, processed:110000, ok:110000, ko:0
23:28:42 INFO    com.codingful.tandem.jdbc.RelayWorker - Relay worker progress workerId:tandem-relay-s9-instance-1-w1, processed:120000, ok:120000, ko:0
23:29:00 INFO    com.codingful.tandem.jdbc.RelayWorker - Relay worker progress workerId:tandem-relay-s9-instance-2-w7, processed:120000, ok:120000, ko:0
23:29:07 INFO    com.codingful.tandem.jdbc.RelayWorker - Relay worker progress workerId:tandem-relay-s9-instance-1-w5, processed:120000, ok:120000, ko:0
23:29:14 INFO    com.codingful.tandem.jdbc.RelayWorker - Relay worker progress workerId:tandem-relay-s9-instance-2-w5, processed:110000, ok:110000, ko:0
23:29:47 INFO    com.codingful.tandem.jdbc.RelayWorker - Relay worker progress workerId:tandem-relay-s9-instance-1-w2, processed:120000, ok:120000, ko:0
23:29:48 INFO    com.codingful.tandem.jdbc.RelayWorker - Relay worker progress workerId:tandem-relay-s9-instance-1-w4, processed:120000, ok:120000, ko:0
23:30:19 INFO    com.codingful.tandem.jdbc.RelayWorker - Relay worker progress workerId:tandem-relay-s9-instance-2-w1, processed:110000, ok:110000, ko:0
23:31:10 INFO    com.codingful.tandem.jdbc.RelayWorker - Relay worker progress workerId:tandem-relay-s9-instance-2-w3, processed:120000, ok:120000, ko:0
23:32:17 INFO    com.codingful.tandem.jdbc.RelayWorker - Relay worker progress workerId:tandem-relay-s9-instance-2-w4, processed:120000, ok:120000, ko:0
S9 window  4 @23:32:36: 399.8/s delivered (399.8/s written), p50=14ms p99=43ms, pending=6 oldest=0s, buckets [128, 128] covered=256/256, outbox 448MB (45MB idx, 246330 rows, 78739 dead), heap=41MB threads=51 load=12.88
23:32:51 INFO    com.codingful.tandem.jdbc.RelayWorker - Relay worker progress workerId:tandem-relay-s9-instance-2-w0, processed:130000, ok:130000, ko:0
23:32:58 INFO    com.codingful.tandem.jdbc.RelayWorker - Relay worker progress workerId:tandem-relay-s9-instance-1-w6, processed:120000, ok:120000, ko:0
23:33:04 INFO    com.codingful.tandem.jdbc.RelayWorker - Relay worker progress workerId:tandem-relay-s9-instance-1-w0, processed:110000, ok:110000, ko:0
23:33:18 INFO    com.codingful.tandem.jdbc.RelayWorker - Relay worker progress workerId:tandem-relay-s9-instance-2-w6, processed:120000, ok:120000, ko:0
23:33:22 INFO    com.codingful.tandem.jdbc.RelayWorker - Relay worker progress workerId:tandem-relay-s9-instance-1-w7, processed:120000, ok:120000, ko:0
23:34:56 INFO    com.codingful.tandem.jdbc.RelayWorker - Relay worker progress workerId:tandem-relay-s9-instance-2-w2, processed:120000, ok:120000, ko:0
23:35:02 INFO    com.codingful.tandem.jdbc.RelayWorker - Relay worker progress workerId:tandem-relay-s9-instance-1-w3, processed:120000, ok:120000, ko:0
23:35:09 INFO    com.codingful.tandem.jdbc.RelayWorker - Relay worker progress workerId:tandem-relay-s9-instance-1-w1, processed:130000, ok:130000, ko:0
23:35:24 INFO    com.codingful.tandem.jdbc.RelayWorker - Relay worker progress workerId:tandem-relay-s9-instance-2-w7, processed:130000, ok:130000, ko:0
23:35:27 INFO    com.codingful.tandem.jdbc.RelayWorker - Relay worker progress workerId:tandem-relay-s9-instance-1-w5, processed:130000, ok:130000, ko:0
23:36:08 INFO    com.codingful.tandem.jdbc.RelayWorker - Relay worker progress workerId:tandem-relay-s9-instance-2-w5, processed:120000, ok:120000, ko:0
23:36:18 INFO    com.codingful.tandem.jdbc.RelayWorker - Relay worker progress workerId:tandem-relay-s9-instance-1-w2, processed:130000, ok:130000, ko:0
23:36:22 INFO    com.codingful.tandem.jdbc.RelayWorker - Relay worker progress workerId:tandem-relay-s9-instance-1-w4, processed:130000, ok:130000, ko:0
23:37:32 INFO    com.codingful.tandem.jdbc.RelayWorker - Relay worker progress workerId:tandem-relay-s9-instance-2-w1, processed:120000, ok:120000, ko:0
23:37:45 INFO    com.codingful.tandem.jdbc.RelayWorker - Relay worker progress workerId:tandem-relay-s9-instance-2-w3, processed:130000, ok:130000, ko:0
23:38:58 INFO    com.codingful.tandem.jdbc.RelayWorker - Relay worker progress workerId:tandem-relay-s9-instance-2-w4, processed:130000, ok:130000, ko:0
23:39:01 INFO    com.codingful.tandem.jdbc.RelayWorker - Relay worker progress workerId:tandem-relay-s9-instance-2-w0, processed:140000, ok:140000, ko:0
23:39:40 INFO    com.codingful.tandem.jdbc.RelayWorker - Relay worker progress workerId:tandem-relay-s9-instance-1-w6, processed:130000, ok:130000, ko:0
23:40:05 INFO    com.codingful.tandem.jdbc.RelayWorker - Relay worker progress workerId:tandem-relay-s9-instance-1-w7, processed:130000, ok:130000, ko:0
23:40:07 INFO    com.codingful.tandem.jdbc.RelayWorker - Relay worker progress workerId:tandem-relay-s9-instance-2-w6, processed:130000, ok:130000, ko:0
23:40:12 INFO    com.codingful.tandem.jdbc.RelayWorker - Relay worker progress workerId:tandem-relay-s9-instance-1-w0, processed:120000, ok:120000, ko:0
23:41:28 INFO    com.codingful.tandem.jdbc.RelayWorker - Relay worker progress workerId:tandem-relay-s9-instance-1-w1, processed:140000, ok:140000, ko:0
23:41:46 INFO    com.codingful.tandem.jdbc.RelayWorker - Relay worker progress workerId:tandem-relay-s9-instance-2-w7, processed:140000, ok:140000, ko:0
23:41:49 INFO    com.codingful.tandem.jdbc.RelayWorker - Relay worker progress workerId:tandem-relay-s9-instance-1-w3, processed:130000, ok:130000, ko:0
23:41:51 INFO    com.codingful.tandem.jdbc.RelayWorker - Relay worker progress workerId:tandem-relay-s9-instance-1-w5, processed:140000, ok:140000, ko:0
23:41:51 INFO    com.codingful.tandem.jdbc.RelayWorker - Relay worker progress workerId:tandem-relay-s9-instance-2-w2, processed:130000, ok:130000, ko:0
23:42:44 INFO    com.codingful.tandem.jdbc.RelayWorker - Relay worker progress workerId:tandem-relay-s9-instance-1-w2, processed:140000, ok:140000, ko:0
23:42:57 INFO    com.codingful.tandem.jdbc.RelayWorker - Relay worker progress workerId:tandem-relay-s9-instance-1-w4, processed:140000, ok:140000, ko:0
23:43:10 INFO    com.codingful.tandem.jdbc.RelayWorker - Relay worker progress workerId:tandem-relay-s9-instance-2-w5, processed:130000, ok:130000, ko:0
23:44:24 INFO    com.codingful.tandem.jdbc.RelayWorker - Relay worker progress workerId:tandem-relay-s9-instance-2-w3, processed:140000, ok:140000, ko:0
23:44:35 INFO    com.codingful.tandem.jdbc.RelayWorker - Relay worker progress workerId:tandem-relay-s9-instance-2-w1, processed:130000, ok:130000, ko:0
23:45:10 INFO    com.codingful.tandem.jdbc.RelayWorker - Relay worker progress workerId:tandem-relay-s9-instance-2-w0, processed:150000, ok:150000, ko:0
23:45:34 INFO    com.codingful.tandem.jdbc.RelayWorker - Relay worker progress workerId:tandem-relay-s9-instance-2-w4, processed:140000, ok:140000, ko:0
23:46:27 INFO    com.codingful.tandem.jdbc.RelayWorker - Relay worker progress workerId:tandem-relay-s9-instance-1-w6, processed:140000, ok:140000, ko:0
23:46:52 INFO    com.codingful.tandem.jdbc.RelayWorker - Relay worker progress workerId:tandem-relay-s9-instance-1-w7, processed:140000, ok:140000, ko:0
23:46:56 INFO    com.codingful.tandem.jdbc.RelayWorker - Relay worker progress workerId:tandem-relay-s9-instance-2-w6, processed:140000, ok:140000, ko:0
23:47:30 INFO    com.codingful.tandem.jdbc.RelayWorker - Relay worker progress workerId:tandem-relay-s9-instance-1-w0, processed:130000, ok:130000, ko:0
23:47:54 INFO    com.codingful.tandem.jdbc.RelayWorker - Relay worker progress workerId:tandem-relay-s9-instance-1-w1, processed:150000, ok:150000, ko:0
23:48:10 INFO    com.codingful.tandem.jdbc.RelayWorker - Relay worker progress workerId:tandem-relay-s9-instance-1-w5, processed:150000, ok:150000, ko:0
23:48:16 INFO    com.codingful.tandem.jdbc.RelayWorker - Relay worker progress workerId:tandem-relay-s9-instance-2-w7, processed:150000, ok:150000, ko:0
23:48:39 INFO    com.codingful.tandem.jdbc.RelayWorker - Relay worker progress workerId:tandem-relay-s9-instance-1-w3, processed:140000, ok:140000, ko:0
23:48:43 INFO    com.codingful.tandem.jdbc.RelayWorker - Relay worker progress workerId:tandem-relay-s9-instance-2-w2, processed:140000, ok:140000, ko:0
23:49:13 INFO    com.codingful.tandem.jdbc.RelayWorker - Relay worker progress workerId:tandem-relay-s9-instance-1-w2, processed:150000, ok:150000, ko:0
23:49:21 INFO    com.codingful.tandem.jdbc.RelayWorker - Relay worker progress workerId:tandem-relay-s9-instance-1-w4, processed:150000, ok:150000, ko:0
23:50:04 INFO    com.codingful.tandem.jdbc.RelayWorker - Relay worker progress workerId:tandem-relay-s9-instance-2-w5, processed:140000, ok:140000, ko:0
23:51:00 INFO    com.codingful.tandem.jdbc.RelayWorker - Relay worker progress workerId:tandem-relay-s9-instance-2-w3, processed:150000, ok:150000, ko:0
23:51:17 INFO    com.codingful.tandem.jdbc.RelayWorker - Relay worker progress workerId:tandem-relay-s9-instance-2-w0, processed:160000, ok:160000, ko:0
23:51:49 INFO    com.codingful.tandem.jdbc.RelayWorker - Relay worker progress workerId:tandem-relay-s9-instance-2-w1, processed:140000, ok:140000, ko:0
23:52:22 INFO    com.codingful.tandem.jdbc.RelayWorker - Relay worker progress workerId:tandem-relay-s9-instance-2-w4, processed:150000, ok:150000, ko:0
S9 window  5 @23:52:36: 400.0/s delivered (400.0/s written), p50=13ms p99=44ms, pending=3 oldest=0s, buckets [128, 128] covered=256/256, outbox 454MB (46MB idx, 241470 rows, 234 dead), heap=60MB threads=51 load=13.90
23:53:09 INFO    com.codingful.tandem.jdbc.RelayWorker - Relay worker progress workerId:tandem-relay-s9-instance-1-w6, processed:150000, ok:150000, ko:0
23:53:34 INFO    com.codingful.tandem.jdbc.RelayWorker - Relay worker progress workerId:tandem-relay-s9-instance-1-w7, processed:150000, ok:150000, ko:0
23:53:40 INFO    com.codingful.tandem.jdbc.RelayWorker - Relay worker progress workerId:tandem-relay-s9-instance-2-w6, processed:150000, ok:150000, ko:0
23:54:08 INFO    com.codingful.tandem.jdbc.RelayWorker - Relay worker progress workerId:tandem-relay-s9-instance-1-w1, processed:160000, ok:160000, ko:0
23:54:32 INFO    com.codingful.tandem.jdbc.RelayWorker - Relay worker progress workerId:tandem-relay-s9-instance-2-w7, processed:160000, ok:160000, ko:0
23:54:33 INFO    com.codingful.tandem.jdbc.RelayWorker - Relay worker progress workerId:tandem-relay-s9-instance-1-w5, processed:160000, ok:160000, ko:0
23:54:46 INFO    com.codingful.tandem.jdbc.RelayWorker - Relay worker progress workerId:tandem-relay-s9-instance-1-w0, processed:140000, ok:140000, ko:0
23:55:36 INFO    com.codingful.tandem.jdbc.RelayWorker - Relay worker progress workerId:tandem-relay-s9-instance-1-w3, processed:150000, ok:150000, ko:0
23:55:38 INFO    com.codingful.tandem.jdbc.RelayWorker - Relay worker progress workerId:tandem-relay-s9-instance-2-w2, processed:150000, ok:150000, ko:0
23:55:40 INFO    com.codingful.tandem.jdbc.RelayWorker - Relay worker progress workerId:tandem-relay-s9-instance-1-w2, processed:160000, ok:160000, ko:0
23:55:56 INFO    com.codingful.tandem.jdbc.RelayWorker - Relay worker progress workerId:tandem-relay-s9-instance-1-w4, processed:160000, ok:160000, ko:0
23:56:58 INFO    com.codingful.tandem.jdbc.RelayWorker - Relay worker progress workerId:tandem-relay-s9-instance-2-w5, processed:150000, ok:150000, ko:0
23:57:35 INFO    com.codingful.tandem.jdbc.RelayWorker - Relay worker progress workerId:tandem-relay-s9-instance-2-w3, processed:160000, ok:160000, ko:0
23:57:36 INFO    com.codingful.tandem.jdbc.RelayWorker - Relay worker progress workerId:tandem-relay-s9-instance-2-w0, processed:170000, ok:170000, ko:0
23:58:53 INFO    com.codingful.tandem.jdbc.RelayWorker - Relay worker progress workerId:tandem-relay-s9-instance-2-w1, processed:150000, ok:150000, ko:0
23:58:58 INFO    com.codingful.tandem.jdbc.RelayWorker - Relay worker progress workerId:tandem-relay-s9-instance-2-w4, processed:160000, ok:160000, ko:0
23:59:49 INFO    com.codingful.tandem.jdbc.RelayWorker - Relay worker progress workerId:tandem-relay-s9-instance-1-w6, processed:160000, ok:160000, ko:0
00:00:21 INFO    com.codingful.tandem.jdbc.RelayWorker - Relay worker progress workerId:tandem-relay-s9-instance-1-w7, processed:160000, ok:160000, ko:0
00:00:28 INFO    com.codingful.tandem.jdbc.RelayWorker - Relay worker progress workerId:tandem-relay-s9-instance-1-w1, processed:170000, ok:170000, ko:0
00:00:34 INFO    com.codingful.tandem.jdbc.RelayWorker - Relay worker progress workerId:tandem-relay-s9-instance-2-w6, processed:160000, ok:160000, ko:0
00:00:47 INFO    com.codingful.tandem.jdbc.RelayWorker - Relay worker progress workerId:tandem-relay-s9-instance-1-w5, processed:170000, ok:170000, ko:0
00:01:01 INFO    com.codingful.tandem.jdbc.RelayWorker - Relay worker progress workerId:tandem-relay-s9-instance-2-w7, processed:170000, ok:170000, ko:0
00:02:03 INFO    com.codingful.tandem.jdbc.RelayWorker - Relay worker progress workerId:tandem-relay-s9-instance-1-w0, processed:150000, ok:150000, ko:0
00:02:13 INFO    com.codingful.tandem.jdbc.RelayWorker - Relay worker progress workerId:tandem-relay-s9-instance-1-w2, processed:170000, ok:170000, ko:0
00:02:26 INFO    com.codingful.tandem.jdbc.RelayWorker - Relay worker progress workerId:tandem-relay-s9-instance-1-w4, processed:170000, ok:170000, ko:0
00:02:28 INFO    com.codingful.tandem.jdbc.RelayWorker - Relay worker progress workerId:tandem-relay-s9-instance-2-w2, processed:160000, ok:160000, ko:0
00:02:32 INFO    com.codingful.tandem.jdbc.RelayWorker - Relay worker progress workerId:tandem-relay-s9-instance-1-w3, processed:160000, ok:160000, ko:0
00:03:42 INFO    com.codingful.tandem.jdbc.RelayWorker - Relay worker progress workerId:tandem-relay-s9-instance-2-w0, processed:180000, ok:180000, ko:0
00:03:59 INFO    com.codingful.tandem.jdbc.RelayWorker - Relay worker progress workerId:tandem-relay-s9-instance-2-w5, processed:160000, ok:160000, ko:0
00:04:07 INFO    com.codingful.tandem.jdbc.RelayWorker - Relay worker progress workerId:tandem-relay-s9-instance-2-w3, processed:170000, ok:170000, ko:0
00:05:36 INFO    com.codingful.tandem.jdbc.RelayWorker - Relay worker progress workerId:tandem-relay-s9-instance-2-w4, processed:170000, ok:170000, ko:0
00:06:02 INFO    com.codingful.tandem.jdbc.RelayWorker - Relay worker progress workerId:tandem-relay-s9-instance-2-w1, processed:160000, ok:160000, ko:0
00:06:29 INFO    com.codingful.tandem.jdbc.RelayWorker - Relay worker progress workerId:tandem-relay-s9-instance-1-w6, processed:170000, ok:170000, ko:0
00:06:51 INFO    com.codingful.tandem.jdbc.RelayWorker - Relay worker progress workerId:tandem-relay-s9-instance-1-w1, processed:180000, ok:180000, ko:0
00:07:08 INFO    com.codingful.tandem.jdbc.RelayWorker - Relay worker progress workerId:tandem-relay-s9-instance-1-w5, processed:180000, ok:180000, ko:0
00:07:08 INFO    com.codingful.tandem.jdbc.RelayWorker - Relay worker progress workerId:tandem-relay-s9-instance-1-w7, processed:170000, ok:170000, ko:0
00:07:20 INFO    com.codingful.tandem.jdbc.RelayWorker - Relay worker progress workerId:tandem-relay-s9-instance-2-w6, processed:170000, ok:170000, ko:0
00:07:26 INFO    com.codingful.tandem.jdbc.RelayWorker - Relay worker progress workerId:tandem-relay-s9-instance-2-w7, processed:180000, ok:180000, ko:0
00:08:43 INFO    com.codingful.tandem.jdbc.RelayWorker - Relay worker progress workerId:tandem-relay-s9-instance-1-w2, processed:180000, ok:180000, ko:0
00:09:04 INFO    com.codingful.tandem.jdbc.RelayWorker - Relay worker progress workerId:tandem-relay-s9-instance-1-w4, processed:180000, ok:180000, ko:0
00:09:18 INFO    com.codingful.tandem.jdbc.RelayWorker - Relay worker progress workerId:tandem-relay-s9-instance-2-w2, processed:170000, ok:170000, ko:0
00:09:19 INFO    com.codingful.tandem.jdbc.RelayWorker - Relay worker progress workerId:tandem-relay-s9-instance-1-w3, processed:170000, ok:170000, ko:0
00:09:27 INFO    com.codingful.tandem.jdbc.RelayWorker - Relay worker progress workerId:tandem-relay-s9-instance-1-w0, processed:160000, ok:160000, ko:0
00:09:50 INFO    com.codingful.tandem.jdbc.RelayWorker - Relay worker progress workerId:tandem-relay-s9-instance-2-w0, processed:190000, ok:190000, ko:0
00:10:43 INFO    com.codingful.tandem.jdbc.RelayWorker - Relay worker progress workerId:tandem-relay-s9-instance-2-w3, processed:180000, ok:180000, ko:0
00:10:52 INFO    com.codingful.tandem.jdbc.RelayWorker - Relay worker progress workerId:tandem-relay-s9-instance-2-w5, processed:170000, ok:170000, ko:0
00:12:17 INFO    com.codingful.tandem.jdbc.RelayWorker - Relay worker progress workerId:tandem-relay-s9-instance-2-w4, processed:180000, ok:180000, ko:0
S9 window  6 @00:12:36: 400.1/s delivered (400.1/s written), p50=13ms p99=45ms, pending=4 oldest=0s, buckets [128, 128] covered=256/256, outbox 449MB (46MB idx, 246042 rows, 78238 dead), heap=33MB threads=51 load=13.40
00:13:09 INFO    com.codingful.tandem.jdbc.RelayWorker - Relay worker progress workerId:tandem-relay-s9-instance-1-w6, processed:180000, ok:180000, ko:0
00:13:13 INFO    com.codingful.tandem.jdbc.RelayWorker - Relay worker progress workerId:tandem-relay-s9-instance-2-w1, processed:170000, ok:170000, ko:0
00:13:17 INFO    com.codingful.tandem.jdbc.RelayWorker - Relay worker progress workerId:tandem-relay-s9-instance-1-w1, processed:190000, ok:190000, ko:0
00:13:28 INFO    com.codingful.tandem.jdbc.RelayWorker - Relay worker progress workerId:tandem-relay-s9-instance-1-w5, processed:190000, ok:190000, ko:0
00:13:49 INFO    com.codingful.tandem.jdbc.RelayWorker - Relay worker progress workerId:tandem-relay-s9-instance-2-w7, processed:190000, ok:190000, ko:0
00:13:56 INFO    com.codingful.tandem.jdbc.RelayWorker - Relay worker progress workerId:tandem-relay-s9-instance-1-w7, processed:180000, ok:180000, ko:0
00:14:10 INFO    com.codingful.tandem.jdbc.RelayWorker - Relay worker progress workerId:tandem-relay-s9-instance-2-w6, processed:180000, ok:180000, ko:0
00:15:14 INFO    com.codingful.tandem.jdbc.RelayWorker - Relay worker progress workerId:tandem-relay-s9-instance-1-w2, processed:190000, ok:190000, ko:0
00:15:26 INFO    com.codingful.tandem.jdbc.RelayWorker - Relay worker progress workerId:tandem-relay-s9-instance-1-w4, processed:190000, ok:190000, ko:0
00:16:01 INFO    com.codingful.tandem.jdbc.RelayWorker - Relay worker progress workerId:tandem-relay-s9-instance-2-w0, processed:200000, ok:200000, ko:0
00:16:05 INFO    com.codingful.tandem.jdbc.RelayWorker - Relay worker progress workerId:tandem-relay-s9-instance-2-w2, processed:180000, ok:180000, ko:0
00:16:15 INFO    com.codingful.tandem.jdbc.RelayWorker - Relay worker progress workerId:tandem-relay-s9-instance-1-w3, processed:180000, ok:180000, ko:0
00:16:50 INFO    com.codingful.tandem.jdbc.RelayWorker - Relay worker progress workerId:tandem-relay-s9-instance-1-w0, processed:170000, ok:170000, ko:0
00:17:15 INFO    com.codingful.tandem.jdbc.RelayWorker - Relay worker progress workerId:tandem-relay-s9-instance-2-w3, processed:190000, ok:190000, ko:0
00:17:50 INFO    com.codingful.tandem.jdbc.RelayWorker - Relay worker progress workerId:tandem-relay-s9-instance-2-w5, processed:180000, ok:180000, ko:0
00:18:58 INFO    com.codingful.tandem.jdbc.RelayWorker - Relay worker progress workerId:tandem-relay-s9-instance-2-w4, processed:190000, ok:190000, ko:0
00:19:32 INFO    com.codingful.tandem.jdbc.RelayWorker - Relay worker progress workerId:tandem-relay-s9-instance-1-w1, processed:200000, ok:200000, ko:0
00:19:43 INFO    com.codingful.tandem.jdbc.RelayWorker - Relay worker progress workerId:tandem-relay-s9-instance-1-w6, processed:190000, ok:190000, ko:0
00:19:52 INFO    com.codingful.tandem.jdbc.RelayWorker - Relay worker progress workerId:tandem-relay-s9-instance-1-w5, processed:200000, ok:200000, ko:0
00:20:08 INFO    com.codingful.tandem.jdbc.RelayWorker - Relay worker progress workerId:tandem-relay-s9-instance-2-w7, processed:200000, ok:200000, ko:0
00:20:18 INFO    com.codingful.tandem.jdbc.RelayWorker - Relay worker progress workerId:tandem-relay-s9-instance-2-w1, processed:180000, ok:180000, ko:0
00:20:44 INFO    com.codingful.tandem.jdbc.RelayWorker - Relay worker progress workerId:tandem-relay-s9-instance-1-w7, processed:190000, ok:190000, ko:0
00:20:59 INFO    com.codingful.tandem.jdbc.RelayWorker - Relay worker progress workerId:tandem-relay-s9-instance-2-w6, processed:190000, ok:190000, ko:0
00:21:50 INFO    com.codingful.tandem.jdbc.RelayWorker - Relay worker progress workerId:tandem-relay-s9-instance-1-w2, processed:200000, ok:200000, ko:0
00:21:54 INFO    com.codingful.tandem.jdbc.RelayWorker - Relay worker progress workerId:tandem-relay-s9-instance-1-w4, processed:200000, ok:200000, ko:0
00:22:12 INFO    com.codingful.tandem.jdbc.RelayWorker - Relay worker progress workerId:tandem-relay-s9-instance-2-w0, processed:210000, ok:210000, ko:0
00:22:57 INFO    com.codingful.tandem.jdbc.RelayWorker - Relay worker progress workerId:tandem-relay-s9-instance-2-w2, processed:190000, ok:190000, ko:0
00:23:11 INFO    com.codingful.tandem.jdbc.RelayWorker - Relay worker progress workerId:tandem-relay-s9-instance-1-w3, processed:190000, ok:190000, ko:0
00:23:49 INFO    com.codingful.tandem.jdbc.RelayWorker - Relay worker progress workerId:tandem-relay-s9-instance-2-w3, processed:200000, ok:200000, ko:0
00:24:12 INFO    com.codingful.tandem.jdbc.RelayWorker - Relay worker progress workerId:tandem-relay-s9-instance-1-w0, processed:180000, ok:180000, ko:0
00:24:52 INFO    com.codingful.tandem.jdbc.RelayWorker - Relay worker progress workerId:tandem-relay-s9-instance-2-w5, processed:190000, ok:190000, ko:0
00:25:40 INFO    com.codingful.tandem.jdbc.RelayWorker - Relay worker progress workerId:tandem-relay-s9-instance-2-w4, processed:200000, ok:200000, ko:0
00:25:59 INFO    com.codingful.tandem.jdbc.RelayWorker - Relay worker progress workerId:tandem-relay-s9-instance-1-w1, processed:210000, ok:210000, ko:0
00:26:19 INFO    com.codingful.tandem.jdbc.RelayWorker - Relay worker progress workerId:tandem-relay-s9-instance-1-w5, processed:210000, ok:210000, ko:0
00:26:20 INFO    com.codingful.tandem.jdbc.RelayWorker - Relay worker progress workerId:tandem-relay-s9-instance-1-w6, processed:200000, ok:200000, ko:0
00:26:31 INFO    com.codingful.tandem.jdbc.RelayWorker - Relay worker progress workerId:tandem-relay-s9-instance-2-w7, processed:210000, ok:210000, ko:0
00:27:28 INFO    com.codingful.tandem.jdbc.RelayWorker - Relay worker progress workerId:tandem-relay-s9-instance-1-w7, processed:200000, ok:200000, ko:0
00:27:29 INFO    com.codingful.tandem.jdbc.RelayWorker - Relay worker progress workerId:tandem-relay-s9-instance-2-w1, processed:190000, ok:190000, ko:0
00:27:43 INFO    com.codingful.tandem.jdbc.RelayWorker - Relay worker progress workerId:tandem-relay-s9-instance-2-w6, processed:200000, ok:200000, ko:0
00:28:14 INFO    com.codingful.tandem.jdbc.RelayWorker - Relay worker progress workerId:tandem-relay-s9-instance-1-w2, processed:210000, ok:210000, ko:0
00:28:19 INFO    com.codingful.tandem.jdbc.RelayWorker - Relay worker progress workerId:tandem-relay-s9-instance-1-w4, processed:210000, ok:210000, ko:0
00:28:21 INFO    com.codingful.tandem.jdbc.RelayWorker - Relay worker progress workerId:tandem-relay-s9-instance-2-w0, processed:220000, ok:220000, ko:0
00:29:45 INFO    com.codingful.tandem.jdbc.RelayWorker - Relay worker progress workerId:tandem-relay-s9-instance-2-w2, processed:200000, ok:200000, ko:0
00:30:09 INFO    com.codingful.tandem.jdbc.RelayWorker - Relay worker progress workerId:tandem-relay-s9-instance-1-w3, processed:200000, ok:200000, ko:0
00:30:22 INFO    com.codingful.tandem.jdbc.RelayWorker - Relay worker progress workerId:tandem-relay-s9-instance-2-w3, processed:210000, ok:210000, ko:0
00:31:36 INFO    com.codingful.tandem.jdbc.RelayWorker - Relay worker progress workerId:tandem-relay-s9-instance-1-w0, processed:190000, ok:190000, ko:0
00:31:46 INFO    com.codingful.tandem.jdbc.RelayWorker - Relay worker progress workerId:tandem-relay-s9-instance-2-w5, processed:200000, ok:200000, ko:0
00:32:20 INFO    com.codingful.tandem.jdbc.RelayWorker - Relay worker progress workerId:tandem-relay-s9-instance-1-w1, processed:220000, ok:220000, ko:0
00:32:22 INFO    com.codingful.tandem.jdbc.RelayWorker - Relay worker progress workerId:tandem-relay-s9-instance-2-w4, processed:210000, ok:210000, ko:0
S9 window  7 @00:32:37: 399.8/s delivered (399.8/s written), p50=13ms p99=42ms, pending=4 oldest=0s, buckets [128, 128] covered=256/256, outbox 456MB (46MB idx, 241858 rows, 86874 dead), heap=39MB threads=51 load=12.50
00:32:41 INFO    com.codingful.tandem.jdbc.RelayWorker - Relay worker progress workerId:tandem-relay-s9-instance-1-w5, processed:220000, ok:220000, ko:0
00:32:57 INFO    com.codingful.tandem.jdbc.RelayWorker - Relay worker progress workerId:tandem-relay-s9-instance-2-w7, processed:220000, ok:220000, ko:0
00:33:06 INFO    com.codingful.tandem.jdbc.RelayWorker - Relay worker progress workerId:tandem-relay-s9-instance-1-w6, processed:210000, ok:210000, ko:0
00:34:13 INFO    com.codingful.tandem.jdbc.RelayWorker - Relay worker progress workerId:tandem-relay-s9-instance-1-w7, processed:210000, ok:210000, ko:0
00:34:22 INFO    com.codingful.tandem.jdbc.RelayWorker - Relay worker progress workerId:tandem-relay-s9-instance-2-w6, processed:210000, ok:210000, ko:0
00:34:31 INFO    com.codingful.tandem.jdbc.RelayWorker - Relay worker progress workerId:tandem-relay-s9-instance-2-w0, processed:230000, ok:230000, ko:0
00:34:38 INFO    com.codingful.tandem.jdbc.RelayWorker - Relay worker progress workerId:tandem-relay-s9-instance-2-w1, processed:200000, ok:200000, ko:0
00:34:42 INFO    com.codingful.tandem.jdbc.RelayWorker - Relay worker progress workerId:tandem-relay-s9-instance-1-w2, processed:220000, ok:220000, ko:0
00:34:49 INFO    com.codingful.tandem.jdbc.RelayWorker - Relay worker progress workerId:tandem-relay-s9-instance-1-w4, processed:220000, ok:220000, ko:0
00:36:40 INFO    com.codingful.tandem.jdbc.RelayWorker - Relay worker progress workerId:tandem-relay-s9-instance-2-w2, processed:210000, ok:210000, ko:0
00:36:58 INFO    com.codingful.tandem.jdbc.RelayWorker - Relay worker progress workerId:tandem-relay-s9-instance-2-w3, processed:220000, ok:220000, ko:0
00:37:06 INFO    com.codingful.tandem.jdbc.RelayWorker - Relay worker progress workerId:tandem-relay-s9-instance-1-w3, processed:210000, ok:210000, ko:0
00:38:47 INFO    com.codingful.tandem.jdbc.RelayWorker - Relay worker progress workerId:tandem-relay-s9-instance-1-w1, processed:230000, ok:230000, ko:0
00:38:48 INFO    com.codingful.tandem.jdbc.RelayWorker - Relay worker progress workerId:tandem-relay-s9-instance-2-w5, processed:210000, ok:210000, ko:0
00:38:49 INFO    com.codingful.tandem.jdbc.RelayWorker - Relay worker progress workerId:tandem-relay-s9-instance-1-w0, processed:200000, ok:200000, ko:0
00:39:01 INFO    com.codingful.tandem.jdbc.RelayWorker - Relay worker progress workerId:tandem-relay-s9-instance-2-w4, processed:220000, ok:220000, ko:0
00:39:06 INFO    com.codingful.tandem.jdbc.RelayWorker - Relay worker progress workerId:tandem-relay-s9-instance-1-w5, processed:230000, ok:230000, ko:0
00:39:17 INFO    com.codingful.tandem.jdbc.RelayWorker - Relay worker progress workerId:tandem-relay-s9-instance-2-w7, processed:230000, ok:230000, ko:0
00:39:48 INFO    com.codingful.tandem.jdbc.RelayWorker - Relay worker progress workerId:tandem-relay-s9-instance-1-w6, processed:220000, ok:220000, ko:0
00:40:38 INFO    com.codingful.tandem.jdbc.RelayWorker - Relay worker progress workerId:tandem-relay-s9-instance-2-w0, processed:240000, ok:240000, ko:0
00:40:57 INFO    com.codingful.tandem.jdbc.RelayWorker - Relay worker progress workerId:tandem-relay-s9-instance-1-w7, processed:220000, ok:220000, ko:0
00:41:04 INFO    com.codingful.tandem.jdbc.RelayWorker - Relay worker progress workerId:tandem-relay-s9-instance-2-w6, processed:220000, ok:220000, ko:0
00:41:07 INFO    com.codingful.tandem.jdbc.RelayWorker - Relay worker progress workerId:tandem-relay-s9-instance-1-w2, processed:230000, ok:230000, ko:0
00:41:25 INFO    com.codingful.tandem.jdbc.RelayWorker - Relay worker progress workerId:tandem-relay-s9-instance-1-w4, processed:230000, ok:230000, ko:0
00:41:46 INFO    com.codingful.tandem.jdbc.RelayWorker - Relay worker progress workerId:tandem-relay-s9-instance-2-w1, processed:210000, ok:210000, ko:0
00:43:34 INFO    com.codingful.tandem.jdbc.RelayWorker - Relay worker progress workerId:tandem-relay-s9-instance-2-w3, processed:230000, ok:230000, ko:0
00:43:35 INFO    com.codingful.tandem.jdbc.RelayWorker - Relay worker progress workerId:tandem-relay-s9-instance-2-w2, processed:220000, ok:220000, ko:0
00:43:59 INFO    com.codingful.tandem.jdbc.RelayWorker - Relay worker progress workerId:tandem-relay-s9-instance-1-w3, processed:220000, ok:220000, ko:0
00:45:07 INFO    com.codingful.tandem.jdbc.RelayWorker - Relay worker progress workerId:tandem-relay-s9-instance-1-w1, processed:240000, ok:240000, ko:0
00:45:28 INFO    com.codingful.tandem.jdbc.RelayWorker - Relay worker progress workerId:tandem-relay-s9-instance-1-w5, processed:240000, ok:240000, ko:0
00:45:40 INFO    com.codingful.tandem.jdbc.RelayWorker - Relay worker progress workerId:tandem-relay-s9-instance-2-w7, processed:240000, ok:240000, ko:0
00:45:44 INFO    com.codingful.tandem.jdbc.RelayWorker - Relay worker progress workerId:tandem-relay-s9-instance-2-w4, processed:230000, ok:230000, ko:0
00:45:46 INFO    com.codingful.tandem.jdbc.RelayWorker - Relay worker progress workerId:tandem-relay-s9-instance-2-w5, processed:220000, ok:220000, ko:0
00:46:13 INFO    com.codingful.tandem.jdbc.RelayWorker - Relay worker progress workerId:tandem-relay-s9-instance-1-w0, processed:210000, ok:210000, ko:0
00:46:28 INFO    com.codingful.tandem.jdbc.RelayWorker - Relay worker progress workerId:tandem-relay-s9-instance-1-w6, processed:230000, ok:230000, ko:0
00:46:48 INFO    com.codingful.tandem.jdbc.RelayWorker - Relay worker progress workerId:tandem-relay-s9-instance-2-w0, processed:250000, ok:250000, ko:0
00:47:29 INFO    com.codingful.tandem.jdbc.RelayWorker - Relay worker progress workerId:tandem-relay-s9-instance-1-w2, processed:240000, ok:240000, ko:0
00:47:41 INFO    com.codingful.tandem.jdbc.RelayWorker - Relay worker progress workerId:tandem-relay-s9-instance-1-w7, processed:230000, ok:230000, ko:0
00:47:55 INFO    com.codingful.tandem.jdbc.RelayWorker - Relay worker progress workerId:tandem-relay-s9-instance-2-w6, processed:230000, ok:230000, ko:0
00:47:58 INFO    com.codingful.tandem.jdbc.RelayWorker - Relay worker progress workerId:tandem-relay-s9-instance-1-w4, processed:240000, ok:240000, ko:0
00:48:55 INFO    com.codingful.tandem.jdbc.RelayWorker - Relay worker progress workerId:tandem-relay-s9-instance-2-w1, processed:220000, ok:220000, ko:0
00:50:10 INFO    com.codingful.tandem.jdbc.RelayWorker - Relay worker progress workerId:tandem-relay-s9-instance-2-w3, processed:240000, ok:240000, ko:0
00:50:25 INFO    com.codingful.tandem.jdbc.RelayWorker - Relay worker progress workerId:tandem-relay-s9-instance-2-w2, processed:230000, ok:230000, ko:0
00:50:47 INFO    com.codingful.tandem.jdbc.RelayWorker - Relay worker progress workerId:tandem-relay-s9-instance-1-w3, processed:230000, ok:230000, ko:0
00:51:33 INFO    com.codingful.tandem.jdbc.RelayWorker - Relay worker progress workerId:tandem-relay-s9-instance-1-w1, processed:250000, ok:250000, ko:0
00:51:58 INFO    com.codingful.tandem.jdbc.RelayWorker - Relay worker progress workerId:tandem-relay-s9-instance-1-w5, processed:250000, ok:250000, ko:0
00:52:01 INFO    com.codingful.tandem.jdbc.RelayWorker - Relay worker progress workerId:tandem-relay-s9-instance-2-w7, processed:250000, ok:250000, ko:0
00:52:25 INFO    com.codingful.tandem.jdbc.RelayWorker - Relay worker progress workerId:tandem-relay-s9-instance-2-w4, processed:240000, ok:240000, ko:0
S9 window  8 @00:52:37: 399.7/s delivered (399.7/s written), p50=13ms p99=44ms, pending=6 oldest=0s, buckets [128, 128] covered=256/256, outbox 452MB (46MB idx, 248620 rows, 78678 dead), heap=52MB threads=51 load=13.28
00:52:45 INFO    com.codingful.tandem.jdbc.RelayWorker - Relay worker progress workerId:tandem-relay-s9-instance-2-w5, processed:230000, ok:230000, ko:0
00:52:57 INFO    com.codingful.tandem.jdbc.RelayWorker - Relay worker progress workerId:tandem-relay-s9-instance-2-w0, processed:260000, ok:260000, ko:0
00:53:08 INFO    com.codingful.tandem.jdbc.RelayWorker - Relay worker progress workerId:tandem-relay-s9-instance-1-w6, processed:240000, ok:240000, ko:0
00:53:35 INFO    com.codingful.tandem.jdbc.RelayWorker - Relay worker progress workerId:tandem-relay-s9-instance-1-w0, processed:220000, ok:220000, ko:0
00:53:52 INFO    com.codingful.tandem.jdbc.RelayWorker - Relay worker progress workerId:tandem-relay-s9-instance-1-w2, processed:250000, ok:250000, ko:0
00:54:20 INFO    com.codingful.tandem.jdbc.RelayWorker - Relay worker progress workerId:tandem-relay-s9-instance-1-w4, processed:250000, ok:250000, ko:0
00:54:33 INFO    com.codingful.tandem.jdbc.RelayWorker - Relay worker progress workerId:tandem-relay-s9-instance-1-w7, processed:240000, ok:240000, ko:0
00:54:44 INFO    com.codingful.tandem.jdbc.RelayWorker - Relay worker progress workerId:tandem-relay-s9-instance-2-w6, processed:240000, ok:240000, ko:0
00:56:01 INFO    com.codingful.tandem.jdbc.RelayWorker - Relay worker progress workerId:tandem-relay-s9-instance-2-w1, processed:230000, ok:230000, ko:0
00:56:45 INFO    com.codingful.tandem.jdbc.RelayWorker - Relay worker progress workerId:tandem-relay-s9-instance-2-w3, processed:250000, ok:250000, ko:0
00:57:13 INFO    com.codingful.tandem.jdbc.RelayWorker - Relay worker progress workerId:tandem-relay-s9-instance-2-w2, processed:240000, ok:240000, ko:0
00:57:44 INFO    com.codingful.tandem.jdbc.RelayWorker - Relay worker progress workerId:tandem-relay-s9-instance-1-w3, processed:240000, ok:240000, ko:0
00:57:57 INFO    com.codingful.tandem.jdbc.RelayWorker - Relay worker progress workerId:tandem-relay-s9-instance-1-w1, processed:260000, ok:260000, ko:0
00:58:21 INFO    com.codingful.tandem.jdbc.RelayWorker - Relay worker progress workerId:tandem-relay-s9-instance-1-w5, processed:260000, ok:260000, ko:0
00:58:26 INFO    com.codingful.tandem.jdbc.RelayWorker - Relay worker progress workerId:tandem-relay-s9-instance-2-w7, processed:260000, ok:260000, ko:0
00:59:03 INFO    com.codingful.tandem.jdbc.RelayWorker - Relay worker progress workerId:tandem-relay-s9-instance-2-w0, processed:270000, ok:270000, ko:0
00:59:04 INFO    com.codingful.tandem.jdbc.RelayWorker - Relay worker progress workerId:tandem-relay-s9-instance-2-w4, processed:250000, ok:250000, ko:0
00:59:49 INFO    com.codingful.tandem.jdbc.RelayWorker - Relay worker progress workerId:tandem-relay-s9-instance-2-w5, processed:240000, ok:240000, ko:0
00:59:49 INFO    com.codingful.tandem.jdbc.RelayWorker - Relay worker progress workerId:tandem-relay-s9-instance-1-w6, processed:250000, ok:250000, ko:0
01:00:23 INFO    com.codingful.tandem.jdbc.RelayWorker - Relay worker progress workerId:tandem-relay-s9-instance-1-w2, processed:260000, ok:260000, ko:0
01:00:52 INFO    com.codingful.tandem.jdbc.RelayWorker - Relay worker progress workerId:tandem-relay-s9-instance-1-w0, processed:230000, ok:230000, ko:0
01:00:54 INFO    com.codingful.tandem.jdbc.RelayWorker - Relay worker progress workerId:tandem-relay-s9-instance-1-w4, processed:260000, ok:260000, ko:0
01:01:20 INFO    com.codingful.tandem.jdbc.RelayWorker - Relay worker progress workerId:tandem-relay-s9-instance-1-w7, processed:250000, ok:250000, ko:0
01:01:25 INFO    com.codingful.tandem.jdbc.RelayWorker - Relay worker progress workerId:tandem-relay-s9-instance-2-w6, processed:250000, ok:250000, ko:0
01:03:03 INFO    com.codingful.tandem.jdbc.RelayWorker - Relay worker progress workerId:tandem-relay-s9-instance-2-w1, processed:240000, ok:240000, ko:0
01:03:20 INFO    com.codingful.tandem.jdbc.RelayWorker - Relay worker progress workerId:tandem-relay-s9-instance-2-w3, processed:260000, ok:260000, ko:0
01:04:13 INFO    com.codingful.tandem.jdbc.RelayWorker - Relay worker progress workerId:tandem-relay-s9-instance-2-w2, processed:250000, ok:250000, ko:0
01:04:18 INFO    com.codingful.tandem.jdbc.RelayWorker - Relay worker progress workerId:tandem-relay-s9-instance-1-w1, processed:270000, ok:270000, ko:0
01:04:38 INFO    com.codingful.tandem.jdbc.RelayWorker - Relay worker progress workerId:tandem-relay-s9-instance-1-w3, processed:250000, ok:250000, ko:0
01:04:45 INFO    com.codingful.tandem.jdbc.RelayWorker - Relay worker progress workerId:tandem-relay-s9-instance-1-w5, processed:270000, ok:270000, ko:0
01:04:47 INFO    com.codingful.tandem.jdbc.RelayWorker - Relay worker progress workerId:tandem-relay-s9-instance-2-w7, processed:270000, ok:270000, ko:0
01:05:13 INFO    com.codingful.tandem.jdbc.RelayWorker - Relay worker progress workerId:tandem-relay-s9-instance-2-w0, processed:280000, ok:280000, ko:0
01:05:43 INFO    com.codingful.tandem.jdbc.RelayWorker - Relay worker progress workerId:tandem-relay-s9-instance-2-w4, processed:260000, ok:260000, ko:0
01:06:30 INFO    com.codingful.tandem.jdbc.RelayWorker - Relay worker progress workerId:tandem-relay-s9-instance-1-w6, processed:260000, ok:260000, ko:0
01:06:43 INFO    com.codingful.tandem.jdbc.RelayWorker - Relay worker progress workerId:tandem-relay-s9-instance-2-w5, processed:250000, ok:250000, ko:0
01:06:50 INFO    com.codingful.tandem.jdbc.RelayWorker - Relay worker progress workerId:tandem-relay-s9-instance-1-w2, processed:270000, ok:270000, ko:0
01:07:21 INFO    com.codingful.tandem.jdbc.RelayWorker - Relay worker progress workerId:tandem-relay-s9-instance-1-w4, processed:270000, ok:270000, ko:0
01:08:07 INFO    com.codingful.tandem.jdbc.RelayWorker - Relay worker progress workerId:tandem-relay-s9-instance-1-w7, processed:260000, ok:260000, ko:0
01:08:10 INFO    com.codingful.tandem.jdbc.RelayWorker - Relay worker progress workerId:tandem-relay-s9-instance-2-w6, processed:260000, ok:260000, ko:0
01:08:13 INFO    com.codingful.tandem.jdbc.RelayWorker - Relay worker progress workerId:tandem-relay-s9-instance-1-w0, processed:240000, ok:240000, ko:0
01:09:48 INFO    com.codingful.tandem.jdbc.RelayWorker - Relay worker progress workerId:tandem-relay-s9-instance-2-w3, processed:270000, ok:270000, ko:0
01:10:11 INFO    com.codingful.tandem.jdbc.RelayWorker - Relay worker progress workerId:tandem-relay-s9-instance-2-w1, processed:250000, ok:250000, ko:0
01:10:40 INFO    com.codingful.tandem.jdbc.RelayWorker - Relay worker progress workerId:tandem-relay-s9-instance-1-w1, processed:280000, ok:280000, ko:0
01:11:07 INFO    com.codingful.tandem.jdbc.RelayWorker - Relay worker progress workerId:tandem-relay-s9-instance-1-w5, processed:280000, ok:280000, ko:0
01:11:07 INFO    com.codingful.tandem.jdbc.RelayWorker - Relay worker progress workerId:tandem-relay-s9-instance-2-w2, processed:260000, ok:260000, ko:0
01:11:14 INFO    com.codingful.tandem.jdbc.RelayWorker - Relay worker progress workerId:tandem-relay-s9-instance-2-w7, processed:280000, ok:280000, ko:0
01:11:26 INFO    com.codingful.tandem.jdbc.RelayWorker - Relay worker progress workerId:tandem-relay-s9-instance-2-w0, processed:290000, ok:290000, ko:0
01:11:31 INFO    com.codingful.tandem.jdbc.RelayWorker - Relay worker progress workerId:tandem-relay-s9-instance-1-w3, processed:260000, ok:260000, ko:0
01:12:20 INFO    com.codingful.tandem.jdbc.RelayWorker - Relay worker progress workerId:tandem-relay-s9-instance-2-w4, processed:270000, ok:270000, ko:0
S9 window  9 @01:12:37: 399.9/s delivered (399.9/s written), p50=13ms p99=43ms, pending=5 oldest=0s, buckets [128, 128] covered=256/256, outbox 455MB (46MB idx, 245592 rows, 78678 dead), heap=30MB threads=51 load=18.85
01:13:14 INFO    com.codingful.tandem.jdbc.RelayWorker - Relay worker progress workerId:tandem-relay-s9-instance-1-w6, processed:270000, ok:270000, ko:0
01:13:23 INFO    com.codingful.tandem.jdbc.RelayWorker - Relay worker progress workerId:tandem-relay-s9-instance-1-w2, processed:280000, ok:280000, ko:0
01:13:44 INFO    com.codingful.tandem.jdbc.RelayWorker - Relay worker progress workerId:tandem-relay-s9-instance-2-w5, processed:260000, ok:260000, ko:0
01:13:51 INFO    com.codingful.tandem.jdbc.RelayWorker - Relay worker progress workerId:tandem-relay-s9-instance-1-w4, processed:280000, ok:280000, ko:0
01:14:52 INFO    com.codingful.tandem.jdbc.RelayWorker - Relay worker progress workerId:tandem-relay-s9-instance-2-w6, processed:270000, ok:270000, ko:0
01:14:53 INFO    com.codingful.tandem.jdbc.RelayWorker - Relay worker progress workerId:tandem-relay-s9-instance-1-w7, processed:270000, ok:270000, ko:0
01:15:39 INFO    com.codingful.tandem.jdbc.RelayWorker - Relay worker progress workerId:tandem-relay-s9-instance-1-w0, processed:250000, ok:250000, ko:0
01:16:22 INFO    com.codingful.tandem.jdbc.RelayWorker - Relay worker progress workerId:tandem-relay-s9-instance-2-w3, processed:280000, ok:280000, ko:0
01:17:00 INFO    com.codingful.tandem.jdbc.RelayWorker - Relay worker progress workerId:tandem-relay-s9-instance-1-w1, processed:290000, ok:290000, ko:0
01:17:21 INFO    com.codingful.tandem.jdbc.RelayWorker - Relay worker progress workerId:tandem-relay-s9-instance-2-w1, processed:260000, ok:260000, ko:0
01:17:27 INFO    com.codingful.tandem.jdbc.RelayWorker - Relay worker progress workerId:tandem-relay-s9-instance-1-w5, processed:290000, ok:290000, ko:0
01:17:33 INFO    com.codingful.tandem.jdbc.RelayWorker - Relay worker progress workerId:tandem-relay-s9-instance-2-w7, processed:290000, ok:290000, ko:0
01:17:42 INFO    com.codingful.tandem.jdbc.RelayWorker - Relay worker progress workerId:tandem-relay-s9-instance-2-w0, processed:300000, ok:300000, ko:0
01:17:59 INFO    com.codingful.tandem.jdbc.RelayWorker - Relay worker progress workerId:tandem-relay-s9-instance-2-w2, processed:270000, ok:270000, ko:0
01:18:23 INFO    com.codingful.tandem.jdbc.RelayWorker - Relay worker progress workerId:tandem-relay-s9-instance-1-w3, processed:270000, ok:270000, ko:0
01:19:00 INFO    com.codingful.tandem.jdbc.RelayWorker - Relay worker progress workerId:tandem-relay-s9-instance-2-w4, processed:280000, ok:280000, ko:0
01:19:49 INFO    com.codingful.tandem.jdbc.RelayWorker - Relay worker progress workerId:tandem-relay-s9-instance-1-w2, processed:290000, ok:290000, ko:0
01:19:57 INFO    com.codingful.tandem.jdbc.RelayWorker - Relay worker progress workerId:tandem-relay-s9-instance-1-w6, processed:280000, ok:280000, ko:0
01:20:18 INFO    com.codingful.tandem.jdbc.RelayWorker - Relay worker progress workerId:tandem-relay-s9-instance-1-w4, processed:290000, ok:290000, ko:0
01:20:49 INFO    com.codingful.tandem.jdbc.RelayWorker - Relay worker progress workerId:tandem-relay-s9-instance-2-w5, processed:270000, ok:270000, ko:0
01:21:36 INFO    com.codingful.tandem.jdbc.RelayWorker - Relay worker progress workerId:tandem-relay-s9-instance-2-w6, processed:280000, ok:280000, ko:0
01:21:39 INFO    com.codingful.tandem.jdbc.RelayWorker - Relay worker progress workerId:tandem-relay-s9-instance-1-w7, processed:280000, ok:280000, ko:0
01:22:55 INFO    com.codingful.tandem.jdbc.RelayWorker - Relay worker progress workerId:tandem-relay-s9-instance-1-w0, processed:260000, ok:260000, ko:0
01:22:59 INFO    com.codingful.tandem.jdbc.RelayWorker - Relay worker progress workerId:tandem-relay-s9-instance-2-w3, processed:290000, ok:290000, ko:0
01:23:23 INFO    com.codingful.tandem.jdbc.RelayWorker - Relay worker progress workerId:tandem-relay-s9-instance-1-w1, processed:300000, ok:300000, ko:0
01:23:46 INFO    com.codingful.tandem.jdbc.RelayWorker - Relay worker progress workerId:tandem-relay-s9-instance-2-w0, processed:310000, ok:310000, ko:0
01:23:48 INFO    com.codingful.tandem.jdbc.RelayWorker - Relay worker progress workerId:tandem-relay-s9-instance-1-w5, processed:300000, ok:300000, ko:0
01:23:56 INFO    com.codingful.tandem.jdbc.RelayWorker - Relay worker progress workerId:tandem-relay-s9-instance-2-w7, processed:300000, ok:300000, ko:0
01:24:24 INFO    com.codingful.tandem.jdbc.RelayWorker - Relay worker progress workerId:tandem-relay-s9-instance-2-w1, processed:270000, ok:270000, ko:0
01:24:50 INFO    com.codingful.tandem.jdbc.RelayWorker - Relay worker progress workerId:tandem-relay-s9-instance-2-w2, processed:280000, ok:280000, ko:0
01:25:23 INFO    com.codingful.tandem.jdbc.RelayWorker - Relay worker progress workerId:tandem-relay-s9-instance-1-w3, processed:280000, ok:280000, ko:0
01:25:35 INFO    com.codingful.tandem.jdbc.RelayWorker - Relay worker progress workerId:tandem-relay-s9-instance-2-w4, processed:290000, ok:290000, ko:0
01:26:18 INFO    com.codingful.tandem.jdbc.RelayWorker - Relay worker progress workerId:tandem-relay-s9-instance-1-w2, processed:300000, ok:300000, ko:0
01:26:41 INFO    com.codingful.tandem.jdbc.RelayWorker - Relay worker progress workerId:tandem-relay-s9-instance-1-w6, processed:290000, ok:290000, ko:0
01:26:49 INFO    com.codingful.tandem.jdbc.RelayWorker - Relay worker progress workerId:tandem-relay-s9-instance-1-w4, processed:300000, ok:300000, ko:0
01:27:44 INFO    com.codingful.tandem.jdbc.RelayWorker - Relay worker progress workerId:tandem-relay-s9-instance-2-w5, processed:280000, ok:280000, ko:0
01:28:26 INFO    com.codingful.tandem.jdbc.RelayWorker - Relay worker progress workerId:tandem-relay-s9-instance-2-w6, processed:290000, ok:290000, ko:0
01:28:32 INFO    com.codingful.tandem.jdbc.RelayWorker - Relay worker progress workerId:tandem-relay-s9-instance-1-w7, processed:290000, ok:290000, ko:0
01:29:39 INFO    com.codingful.tandem.jdbc.RelayWorker - Relay worker progress workerId:tandem-relay-s9-instance-2-w3, processed:300000, ok:300000, ko:0
01:29:46 INFO    com.codingful.tandem.jdbc.RelayWorker - Relay worker progress workerId:tandem-relay-s9-instance-1-w1, processed:310000, ok:310000, ko:0
01:30:01 INFO    com.codingful.tandem.jdbc.RelayWorker - Relay worker progress workerId:tandem-relay-s9-instance-2-w0, processed:320000, ok:320000, ko:0
01:30:03 INFO    com.codingful.tandem.jdbc.RelayWorker - Relay worker progress workerId:tandem-relay-s9-instance-1-w5, processed:310000, ok:310000, ko:0
01:30:09 INFO    com.codingful.tandem.jdbc.RelayWorker - Relay worker progress workerId:tandem-relay-s9-instance-2-w7, processed:310000, ok:310000, ko:0
01:30:27 INFO    com.codingful.tandem.jdbc.RelayWorker - Relay worker progress workerId:tandem-relay-s9-instance-1-w0, processed:270000, ok:270000, ko:0
01:31:26 INFO    com.codingful.tandem.jdbc.RelayWorker - Relay worker progress workerId:tandem-relay-s9-instance-2-w1, processed:280000, ok:280000, ko:0
01:31:40 INFO    com.codingful.tandem.jdbc.RelayWorker - Relay worker progress workerId:tandem-relay-s9-instance-2-w2, processed:290000, ok:290000, ko:0
01:32:11 INFO    com.codingful.tandem.jdbc.RelayWorker - Relay worker progress workerId:tandem-relay-s9-instance-2-w4, processed:300000, ok:300000, ko:0
01:32:20 INFO    com.codingful.tandem.jdbc.RelayWorker - Relay worker progress workerId:tandem-relay-s9-instance-1-w3, processed:290000, ok:290000, ko:0
S9 window 10 @01:32:37: 399.9/s delivered (399.9/s written), p50=14ms p99=47ms, pending=4 oldest=0s, buckets [128, 128] covered=256/256, outbox 462MB (46MB idx, 241054 rows, 90065 dead), heap=65MB threads=51 load=16.48
01:32:48 INFO    com.codingful.tandem.jdbc.RelayWorker - Relay worker progress workerId:tandem-relay-s9-instance-1-w2, processed:310000, ok:310000, ko:0
01:33:22 INFO    com.codingful.tandem.jdbc.RelayWorker - Relay worker progress workerId:tandem-relay-s9-instance-1-w6, processed:300000, ok:300000, ko:0
01:33:22 INFO    com.codingful.tandem.jdbc.RelayWorker - Relay worker progress workerId:tandem-relay-s9-instance-1-w4, processed:310000, ok:310000, ko:0
01:34:42 INFO    com.codingful.tandem.jdbc.RelayWorker - Relay worker progress workerId:tandem-relay-s9-instance-2-w5, processed:290000, ok:290000, ko:0
01:35:03 INFO    com.codingful.tandem.jdbc.RelayWorker - Relay worker progress workerId:tandem-relay-s9-instance-2-w6, processed:300000, ok:300000, ko:0
01:35:26 INFO    com.codingful.tandem.jdbc.RelayWorker - Relay worker progress workerId:tandem-relay-s9-instance-1-w7, processed:300000, ok:300000, ko:0
01:36:07 INFO    com.codingful.tandem.jdbc.RelayWorker - Relay worker progress workerId:tandem-relay-s9-instance-1-w1, processed:320000, ok:320000, ko:0
01:36:13 INFO    com.codingful.tandem.jdbc.RelayWorker - Relay worker progress workerId:tandem-relay-s9-instance-2-w0, processed:330000, ok:330000, ko:0
01:36:19 INFO    com.codingful.tandem.jdbc.RelayWorker - Relay worker progress workerId:tandem-relay-s9-instance-2-w3, processed:310000, ok:310000, ko:0
01:36:27 INFO    com.codingful.tandem.jdbc.RelayWorker - Relay worker progress workerId:tandem-relay-s9-instance-1-w5, processed:320000, ok:320000, ko:0
01:36:28 INFO    com.codingful.tandem.jdbc.RelayWorker - Relay worker progress workerId:tandem-relay-s9-instance-2-w7, processed:320000, ok:320000, ko:0
01:37:48 INFO    com.codingful.tandem.jdbc.RelayWorker - Relay worker progress workerId:tandem-relay-s9-instance-1-w0, processed:280000, ok:280000, ko:0
01:38:28 INFO    com.codingful.tandem.jdbc.RelayWorker - Relay worker progress workerId:tandem-relay-s9-instance-2-w2, processed:300000, ok:300000, ko:0
01:38:34 INFO    com.codingful.tandem.jdbc.RelayWorker - Relay worker progress workerId:tandem-relay-s9-instance-2-w1, processed:290000, ok:290000, ko:0
01:38:51 INFO    com.codingful.tandem.jdbc.RelayWorker - Relay worker progress workerId:tandem-relay-s9-instance-2-w4, processed:310000, ok:310000, ko:0
01:39:09 INFO    com.codingful.tandem.jdbc.RelayWorker - Relay worker progress workerId:tandem-relay-s9-instance-1-w3, processed:300000, ok:300000, ko:0
01:39:21 INFO    com.codingful.tandem.jdbc.RelayWorker - Relay worker progress workerId:tandem-relay-s9-instance-1-w2, processed:320000, ok:320000, ko:0
01:39:46 INFO    com.codingful.tandem.jdbc.RelayWorker - Relay worker progress workerId:tandem-relay-s9-instance-1-w4, processed:320000, ok:320000, ko:0
01:40:07 INFO    com.codingful.tandem.jdbc.RelayWorker - Relay worker progress workerId:tandem-relay-s9-instance-1-w6, processed:310000, ok:310000, ko:0
01:41:40 INFO    com.codingful.tandem.jdbc.RelayWorker - Relay worker progress workerId:tandem-relay-s9-instance-2-w5, processed:300000, ok:300000, ko:0
01:41:50 INFO    com.codingful.tandem.jdbc.RelayWorker - Relay worker progress workerId:tandem-relay-s9-instance-2-w6, processed:310000, ok:310000, ko:0
01:42:15 INFO    com.codingful.tandem.jdbc.RelayWorker - Relay worker progress workerId:tandem-relay-s9-instance-1-w7, processed:310000, ok:310000, ko:0
01:42:21 INFO    com.codingful.tandem.jdbc.RelayWorker - Relay worker progress workerId:tandem-relay-s9-instance-2-w0, processed:340000, ok:340000, ko:0
01:42:35 INFO    com.codingful.tandem.jdbc.RelayWorker - Relay worker progress workerId:tandem-relay-s9-instance-1-w1, processed:330000, ok:330000, ko:0
01:42:52 INFO    com.codingful.tandem.jdbc.RelayWorker - Relay worker progress workerId:tandem-relay-s9-instance-2-w7, processed:330000, ok:330000, ko:0
01:42:52 INFO    com.codingful.tandem.jdbc.RelayWorker - Relay worker progress workerId:tandem-relay-s9-instance-2-w3, processed:320000, ok:320000, ko:0
01:42:54 INFO    com.codingful.tandem.jdbc.RelayWorker - Relay worker progress workerId:tandem-relay-s9-instance-1-w5, processed:330000, ok:330000, ko:0
01:45:02 INFO    com.codingful.tandem.jdbc.RelayWorker - Relay worker progress workerId:tandem-relay-s9-instance-1-w0, processed:290000, ok:290000, ko:0
01:45:22 INFO    com.codingful.tandem.jdbc.RelayWorker - Relay worker progress workerId:tandem-relay-s9-instance-2-w2, processed:310000, ok:310000, ko:0
01:45:28 INFO    com.codingful.tandem.jdbc.RelayWorker - Relay worker progress workerId:tandem-relay-s9-instance-2-w4, processed:320000, ok:320000, ko:0
01:45:39 INFO    com.codingful.tandem.jdbc.RelayWorker - Relay worker progress workerId:tandem-relay-s9-instance-2-w1, processed:300000, ok:300000, ko:0
01:45:48 INFO    com.codingful.tandem.jdbc.RelayWorker - Relay worker progress workerId:tandem-relay-s9-instance-1-w2, processed:330000, ok:330000, ko:0
01:46:00 INFO    com.codingful.tandem.jdbc.RelayWorker - Relay worker progress workerId:tandem-relay-s9-instance-1-w3, processed:310000, ok:310000, ko:0
01:46:15 INFO    com.codingful.tandem.jdbc.RelayWorker - Relay worker progress workerId:tandem-relay-s9-instance-1-w4, processed:330000, ok:330000, ko:0
01:46:46 INFO    com.codingful.tandem.jdbc.RelayWorker - Relay worker progress workerId:tandem-relay-s9-instance-1-w6, processed:320000, ok:320000, ko:0
01:48:27 INFO    com.codingful.tandem.jdbc.RelayWorker - Relay worker progress workerId:tandem-relay-s9-instance-2-w0, processed:350000, ok:350000, ko:0
01:48:41 INFO    com.codingful.tandem.jdbc.RelayWorker - Relay worker progress workerId:tandem-relay-s9-instance-2-w5, processed:310000, ok:310000, ko:0
01:48:50 INFO    com.codingful.tandem.jdbc.RelayWorker - Relay worker progress workerId:tandem-relay-s9-instance-2-w6, processed:320000, ok:320000, ko:0
01:48:55 INFO    com.codingful.tandem.jdbc.RelayWorker - Relay worker progress workerId:tandem-relay-s9-instance-1-w1, processed:340000, ok:340000, ko:0
01:49:07 INFO    com.codingful.tandem.jdbc.RelayWorker - Relay worker progress workerId:tandem-relay-s9-instance-1-w7, processed:320000, ok:320000, ko:0
01:49:14 INFO    com.codingful.tandem.jdbc.RelayWorker - Relay worker progress workerId:tandem-relay-s9-instance-1-w5, processed:340000, ok:340000, ko:0
01:49:15 INFO    com.codingful.tandem.jdbc.RelayWorker - Relay worker progress workerId:tandem-relay-s9-instance-2-w7, processed:340000, ok:340000, ko:0
01:49:25 INFO    com.codingful.tandem.jdbc.RelayWorker - Relay worker progress workerId:tandem-relay-s9-instance-2-w3, processed:330000, ok:330000, ko:0
01:52:07 INFO    com.codingful.tandem.jdbc.RelayWorker - Relay worker progress workerId:tandem-relay-s9-instance-2-w4, processed:330000, ok:330000, ko:0
01:52:14 INFO    com.codingful.tandem.jdbc.RelayWorker - Relay worker progress workerId:tandem-relay-s9-instance-1-w2, processed:340000, ok:340000, ko:0
01:52:20 INFO    com.codingful.tandem.jdbc.RelayWorker - Relay worker progress workerId:tandem-relay-s9-instance-1-w0, processed:300000, ok:300000, ko:0
01:52:22 INFO    com.codingful.tandem.jdbc.RelayWorker - Relay worker progress workerId:tandem-relay-s9-instance-2-w2, processed:320000, ok:320000, ko:0
01:52:37 INFO    com.codingful.tandem.jdbc.RelayWorker - Relay worker progress workerId:tandem-relay-s9-instance-1-w4, processed:340000, ok:340000, ko:0
S9 window 11 @01:52:38: 399.9/s delivered (399.9/s written), p50=13ms p99=43ms, pending=2 oldest=0s, buckets [128, 128] covered=256/256, outbox 453MB (46MB idx, 247848 rows, 78998 dead), heap=63MB threads=51 load=11.93
01:52:46 INFO    com.codingful.tandem.jdbc.RelayWorker - Relay worker progress workerId:tandem-relay-s9-instance-2-w1, processed:310000, ok:310000, ko:0
01:52:51 INFO    com.codingful.tandem.jdbc.RelayWorker - Relay worker progress workerId:tandem-relay-s9-instance-1-w3, processed:320000, ok:320000, ko:0
01:53:26 INFO    com.codingful.tandem.jdbc.RelayWorker - Relay worker progress workerId:tandem-relay-s9-instance-1-w6, processed:330000, ok:330000, ko:0
01:54:40 INFO    com.codingful.tandem.jdbc.RelayWorker - Relay worker progress workerId:tandem-relay-s9-instance-2-w0, processed:360000, ok:360000, ko:0
01:55:19 INFO    com.codingful.tandem.jdbc.RelayWorker - Relay worker progress workerId:tandem-relay-s9-instance-1-w1, processed:350000, ok:350000, ko:0
01:55:35 INFO    com.codingful.tandem.jdbc.RelayWorker - Relay worker progress workerId:tandem-relay-s9-instance-2-w7, processed:350000, ok:350000, ko:0
01:55:36 INFO    com.codingful.tandem.jdbc.RelayWorker - Relay worker progress workerId:tandem-relay-s9-instance-1-w5, processed:350000, ok:350000, ko:0
01:55:39 INFO    com.codingful.tandem.jdbc.RelayWorker - Relay worker progress workerId:tandem-relay-s9-instance-2-w6, processed:330000, ok:330000, ko:0
01:55:42 INFO    com.codingful.tandem.jdbc.RelayWorker - Relay worker progress workerId:tandem-relay-s9-instance-2-w5, processed:320000, ok:320000, ko:0
01:55:53 INFO    com.codingful.tandem.jdbc.RelayWorker - Relay worker progress workerId:tandem-relay-s9-instance-1-w7, processed:330000, ok:330000, ko:0
01:56:04 INFO    com.codingful.tandem.jdbc.RelayWorker - Relay worker progress workerId:tandem-relay-s9-instance-2-w3, processed:340000, ok:340000, ko:0
01:58:37 INFO    com.codingful.tandem.jdbc.RelayWorker - Relay worker progress workerId:tandem-relay-s9-instance-1-w2, processed:350000, ok:350000, ko:0
01:58:49 INFO    com.codingful.tandem.jdbc.RelayWorker - Relay worker progress workerId:tandem-relay-s9-instance-2-w4, processed:340000, ok:340000, ko:0
01:59:06 INFO    com.codingful.tandem.jdbc.RelayWorker - Relay worker progress workerId:tandem-relay-s9-instance-1-w4, processed:350000, ok:350000, ko:0
01:59:10 INFO    com.codingful.tandem.jdbc.RelayWorker - Relay worker progress workerId:tandem-relay-s9-instance-2-w2, processed:330000, ok:330000, ko:0
01:59:41 INFO    com.codingful.tandem.jdbc.RelayWorker - Relay worker progress workerId:tandem-relay-s9-instance-1-w3, processed:330000, ok:330000, ko:0
01:59:45 INFO    com.codingful.tandem.jdbc.RelayWorker - Relay worker progress workerId:tandem-relay-s9-instance-1-w0, processed:310000, ok:310000, ko:0
01:59:54 INFO    com.codingful.tandem.jdbc.RelayWorker - Relay worker progress workerId:tandem-relay-s9-instance-2-w1, processed:320000, ok:320000, ko:0
02:00:06 INFO    com.codingful.tandem.jdbc.RelayWorker - Relay worker progress workerId:tandem-relay-s9-instance-1-w6, processed:340000, ok:340000, ko:0
02:00:47 INFO    com.codingful.tandem.jdbc.RelayWorker - Relay worker progress workerId:tandem-relay-s9-instance-2-w0, processed:370000, ok:370000, ko:0
02:01:45 INFO    com.codingful.tandem.jdbc.RelayWorker - Relay worker progress workerId:tandem-relay-s9-instance-1-w1, processed:360000, ok:360000, ko:0
02:01:56 INFO    com.codingful.tandem.jdbc.RelayWorker - Relay worker progress workerId:tandem-relay-s9-instance-2-w7, processed:360000, ok:360000, ko:0
02:02:00 INFO    com.codingful.tandem.jdbc.RelayWorker - Relay worker progress workerId:tandem-relay-s9-instance-1-w5, processed:360000, ok:360000, ko:0
02:02:24 INFO    com.codingful.tandem.jdbc.RelayWorker - Relay worker progress workerId:tandem-relay-s9-instance-2-w6, processed:340000, ok:340000, ko:0
02:02:34 INFO    com.codingful.tandem.jdbc.RelayWorker - Relay worker progress workerId:tandem-relay-s9-instance-1-w7, processed:340000, ok:340000, ko:0
02:02:39 INFO    com.codingful.tandem.jdbc.RelayWorker - Relay worker progress workerId:tandem-relay-s9-instance-2-w3, processed:350000, ok:350000, ko:0
02:02:40 INFO    com.codingful.tandem.jdbc.RelayWorker - Relay worker progress workerId:tandem-relay-s9-instance-2-w5, processed:330000, ok:330000, ko:0
02:05:02 INFO    com.codingful.tandem.jdbc.RelayWorker - Relay worker progress workerId:tandem-relay-s9-instance-1-w2, processed:360000, ok:360000, ko:0
02:05:27 INFO    com.codingful.tandem.jdbc.RelayWorker - Relay worker progress workerId:tandem-relay-s9-instance-2-w4, processed:350000, ok:350000, ko:0
02:05:39 INFO    com.codingful.tandem.jdbc.RelayWorker - Relay worker progress workerId:tandem-relay-s9-instance-1-w4, processed:360000, ok:360000, ko:0
02:06:12 INFO    com.codingful.tandem.jdbc.RelayWorker - Relay worker progress workerId:tandem-relay-s9-instance-2-w2, processed:340000, ok:340000, ko:0
02:06:34 INFO    com.codingful.tandem.jdbc.RelayWorker - Relay worker progress workerId:tandem-relay-s9-instance-1-w3, processed:340000, ok:340000, ko:0
02:06:53 INFO    com.codingful.tandem.jdbc.RelayWorker - Relay worker progress workerId:tandem-relay-s9-instance-2-w1, processed:330000, ok:330000, ko:0
02:06:53 INFO    com.codingful.tandem.jdbc.RelayWorker - Relay worker progress workerId:tandem-relay-s9-instance-1-w6, processed:350000, ok:350000, ko:0
02:07:00 INFO    com.codingful.tandem.jdbc.RelayWorker - Relay worker progress workerId:tandem-relay-s9-instance-2-w0, processed:380000, ok:380000, ko:0
02:07:12 INFO    com.codingful.tandem.jdbc.RelayWorker - Relay worker progress workerId:tandem-relay-s9-instance-1-w0, processed:320000, ok:320000, ko:0
02:08:07 INFO    com.codingful.tandem.jdbc.RelayWorker - Relay worker progress workerId:tandem-relay-s9-instance-1-w1, processed:370000, ok:370000, ko:0
02:08:19 INFO    com.codingful.tandem.jdbc.RelayWorker - Relay worker progress workerId:tandem-relay-s9-instance-1-w5, processed:370000, ok:370000, ko:0
02:08:21 INFO    com.codingful.tandem.jdbc.RelayWorker - Relay worker progress workerId:tandem-relay-s9-instance-2-w7, processed:370000, ok:370000, ko:0
02:09:09 INFO    com.codingful.tandem.jdbc.RelayWorker - Relay worker progress workerId:tandem-relay-s9-instance-2-w6, processed:350000, ok:350000, ko:0
02:09:17 INFO    com.codingful.tandem.jdbc.RelayWorker - Relay worker progress workerId:tandem-relay-s9-instance-2-w3, processed:360000, ok:360000, ko:0
02:09:18 INFO    com.codingful.tandem.jdbc.RelayWorker - Relay worker progress workerId:tandem-relay-s9-instance-1-w7, processed:350000, ok:350000, ko:0
02:09:37 INFO    com.codingful.tandem.jdbc.RelayWorker - Relay worker progress workerId:tandem-relay-s9-instance-2-w5, processed:340000, ok:340000, ko:0
02:11:28 INFO    com.codingful.tandem.jdbc.RelayWorker - Relay worker progress workerId:tandem-relay-s9-instance-1-w2, processed:370000, ok:370000, ko:0
02:12:05 INFO    com.codingful.tandem.jdbc.RelayWorker - Relay worker progress workerId:tandem-relay-s9-instance-1-w4, processed:370000, ok:370000, ko:0
02:12:10 INFO    com.codingful.tandem.jdbc.RelayWorker - Relay worker progress workerId:tandem-relay-s9-instance-2-w4, processed:360000, ok:360000, ko:0
S9 window 12 @02:12:38: 399.8/s delivered (399.8/s written), p50=12ms p99=46ms, pending=3 oldest=0s, buckets [128, 128] covered=256/256, outbox 453MB (46MB idx, 240990 rows, 91873 dead), heap=52MB threads=51 load=13.00
02:13:10 INFO    com.codingful.tandem.jdbc.RelayWorker - Relay worker progress workerId:tandem-relay-s9-instance-2-w2, processed:350000, ok:350000, ko:0
02:13:16 INFO    com.codingful.tandem.jdbc.RelayWorker - Relay worker progress workerId:tandem-relay-s9-instance-2-w0, processed:390000, ok:390000, ko:0
02:13:32 INFO    com.codingful.tandem.jdbc.RelayWorker - Relay worker progress workerId:tandem-relay-s9-instance-1-w3, processed:350000, ok:350000, ko:0
02:13:39 INFO    com.codingful.tandem.jdbc.RelayWorker - Relay worker progress workerId:tandem-relay-s9-instance-1-w6, processed:360000, ok:360000, ko:0
02:13:52 INFO    com.codingful.tandem.jdbc.RelayWorker - Relay worker progress workerId:tandem-relay-s9-instance-2-w1, processed:340000, ok:340000, ko:0
02:14:29 INFO    com.codingful.tandem.jdbc.RelayWorker - Relay worker progress workerId:tandem-relay-s9-instance-1-w1, processed:380000, ok:380000, ko:0
02:14:29 INFO    com.codingful.tandem.jdbc.RelayWorker - Relay worker progress workerId:tandem-relay-s9-instance-1-w0, processed:330000, ok:330000, ko:0
02:14:38 INFO    com.codingful.tandem.jdbc.RelayWorker - Relay worker progress workerId:tandem-relay-s9-instance-1-w5, processed:380000, ok:380000, ko:0
02:14:40 INFO    com.codingful.tandem.jdbc.RelayWorker - Relay worker progress workerId:tandem-relay-s9-instance-2-w7, processed:380000, ok:380000, ko:0
02:15:50 INFO    com.codingful.tandem.jdbc.RelayWorker - Relay worker progress workerId:tandem-relay-s9-instance-2-w3, processed:370000, ok:370000, ko:0
02:15:57 INFO    com.codingful.tandem.jdbc.RelayWorker - Relay worker progress workerId:tandem-relay-s9-instance-2-w6, processed:360000, ok:360000, ko:0
02:16:05 INFO    com.codingful.tandem.jdbc.RelayWorker - Relay worker progress workerId:tandem-relay-s9-instance-1-w7, processed:360000, ok:360000, ko:0
02:16:39 INFO    com.codingful.tandem.jdbc.RelayWorker - Relay worker progress workerId:tandem-relay-s9-instance-2-w5, processed:350000, ok:350000, ko:0
02:17:56 INFO    com.codingful.tandem.jdbc.RelayWorker - Relay worker progress workerId:tandem-relay-s9-instance-1-w2, processed:380000, ok:380000, ko:0
02:18:28 INFO    com.codingful.tandem.jdbc.RelayWorker - Relay worker progress workerId:tandem-relay-s9-instance-1-w4, processed:380000, ok:380000, ko:0
02:18:43 INFO    com.codingful.tandem.jdbc.RelayWorker - Relay worker progress workerId:tandem-relay-s9-instance-2-w4, processed:370000, ok:370000, ko:0
02:19:32 INFO    com.codingful.tandem.jdbc.RelayWorker - Relay worker progress workerId:tandem-relay-s9-instance-2-w0, processed:400000, ok:400000, ko:0
02:20:10 INFO    com.codingful.tandem.jdbc.RelayWorker - Relay worker progress workerId:tandem-relay-s9-instance-2-w2, processed:360000, ok:360000, ko:0
02:20:23 INFO    com.codingful.tandem.jdbc.RelayWorker - Relay worker progress workerId:tandem-relay-s9-instance-1-w6, processed:370000, ok:370000, ko:0
02:20:26 INFO    com.codingful.tandem.jdbc.RelayWorker - Relay worker progress workerId:tandem-relay-s9-instance-1-w3, processed:360000, ok:360000, ko:0
02:20:52 INFO    com.codingful.tandem.jdbc.RelayWorker - Relay worker progress workerId:tandem-relay-s9-instance-2-w1, processed:350000, ok:350000, ko:0
02:20:53 INFO    com.codingful.tandem.jdbc.RelayWorker - Relay worker progress workerId:tandem-relay-s9-instance-1-w1, processed:390000, ok:390000, ko:0
02:20:54 INFO    com.codingful.tandem.jdbc.RelayWorker - Relay worker progress workerId:tandem-relay-s9-instance-1-w5, processed:390000, ok:390000, ko:0
02:21:03 INFO    com.codingful.tandem.jdbc.RelayWorker - Relay worker progress workerId:tandem-relay-s9-instance-2-w7, processed:390000, ok:390000, ko:0
02:21:56 INFO    com.codingful.tandem.jdbc.RelayWorker - Relay worker progress workerId:tandem-relay-s9-instance-1-w0, processed:340000, ok:340000, ko:0
02:22:22 INFO    com.codingful.tandem.jdbc.RelayWorker - Relay worker progress workerId:tandem-relay-s9-instance-2-w3, processed:380000, ok:380000, ko:0
02:22:46 INFO    com.codingful.tandem.jdbc.RelayWorker - Relay worker progress workerId:tandem-relay-s9-instance-2-w6, processed:370000, ok:370000, ko:0
02:22:52 INFO    com.codingful.tandem.jdbc.RelayWorker - Relay worker progress workerId:tandem-relay-s9-instance-1-w7, processed:370000, ok:370000, ko:0
02:23:33 INFO    com.codingful.tandem.jdbc.RelayWorker - Relay worker progress workerId:tandem-relay-s9-instance-2-w5, processed:360000, ok:360000, ko:0
02:24:23 INFO    com.codingful.tandem.jdbc.RelayWorker - Relay worker progress workerId:tandem-relay-s9-instance-1-w2, processed:390000, ok:390000, ko:0
02:24:57 INFO    com.codingful.tandem.jdbc.RelayWorker - Relay worker progress workerId:tandem-relay-s9-instance-1-w4, processed:390000, ok:390000, ko:0
02:25:20 INFO    com.codingful.tandem.jdbc.RelayWorker - Relay worker progress workerId:tandem-relay-s9-instance-2-w4, processed:380000, ok:380000, ko:0
02:25:46 INFO    com.codingful.tandem.jdbc.RelayWorker - Relay worker progress workerId:tandem-relay-s9-instance-2-w0, processed:410000, ok:410000, ko:0
02:27:05 INFO    com.codingful.tandem.jdbc.RelayWorker - Relay worker progress workerId:tandem-relay-s9-instance-2-w2, processed:370000, ok:370000, ko:0
02:27:08 INFO    com.codingful.tandem.jdbc.RelayWorker - Relay worker progress workerId:tandem-relay-s9-instance-1-w6, processed:380000, ok:380000, ko:0
02:27:15 INFO    com.codingful.tandem.jdbc.RelayWorker - Relay worker progress workerId:tandem-relay-s9-instance-1-w1, processed:400000, ok:400000, ko:0
02:27:17 INFO    com.codingful.tandem.jdbc.RelayWorker - Relay worker progress workerId:tandem-relay-s9-instance-1-w3, processed:370000, ok:370000, ko:0
02:27:18 INFO    com.codingful.tandem.jdbc.RelayWorker - Relay worker progress workerId:tandem-relay-s9-instance-1-w5, processed:400000, ok:400000, ko:0
02:27:27 INFO    com.codingful.tandem.jdbc.RelayWorker - Relay worker progress workerId:tandem-relay-s9-instance-2-w7, processed:400000, ok:400000, ko:0
02:28:01 INFO    com.codingful.tandem.jdbc.RelayWorker - Relay worker progress workerId:tandem-relay-s9-instance-2-w1, processed:360000, ok:360000, ko:0
02:29:00 INFO    com.codingful.tandem.jdbc.RelayWorker - Relay worker progress workerId:tandem-relay-s9-instance-2-w3, processed:390000, ok:390000, ko:0
02:29:16 INFO    com.codingful.tandem.jdbc.RelayWorker - Relay worker progress workerId:tandem-relay-s9-instance-1-w0, processed:350000, ok:350000, ko:0
02:29:38 INFO    com.codingful.tandem.jdbc.RelayWorker - Relay worker progress workerId:tandem-relay-s9-instance-2-w6, processed:380000, ok:380000, ko:0
02:29:41 INFO    com.codingful.tandem.jdbc.RelayWorker - Relay worker progress workerId:tandem-relay-s9-instance-1-w7, processed:380000, ok:380000, ko:0
02:30:27 INFO    com.codingful.tandem.jdbc.RelayWorker - Relay worker progress workerId:tandem-relay-s9-instance-2-w5, processed:370000, ok:370000, ko:0
02:30:52 INFO    com.codingful.tandem.jdbc.RelayWorker - Relay worker progress workerId:tandem-relay-s9-instance-1-w2, processed:400000, ok:400000, ko:0
02:31:20 INFO    com.codingful.tandem.jdbc.RelayWorker - Relay worker progress workerId:tandem-relay-s9-instance-1-w4, processed:400000, ok:400000, ko:0
02:31:53 INFO    com.codingful.tandem.jdbc.RelayWorker - Relay worker progress workerId:tandem-relay-s9-instance-2-w0, processed:420000, ok:420000, ko:0
02:32:07 INFO    com.codingful.tandem.jdbc.RelayWorker - Relay worker progress workerId:tandem-relay-s9-instance-2-w4, processed:390000, ok:390000, ko:0
S9 window 13 @02:32:38: 399.8/s delivered (399.8/s written), p50=12ms p99=47ms, pending=3 oldest=0s, buckets [128, 128] covered=256/256, outbox 447MB (46MB idx, 245154 rows, 78852 dead), heap=59MB threads=51 load=12.18
02:33:36 INFO    com.codingful.tandem.jdbc.RelayWorker - Relay worker progress workerId:tandem-relay-s9-instance-1-w1, processed:410000, ok:410000, ko:0
02:33:38 INFO    com.codingful.tandem.jdbc.RelayWorker - Relay worker progress workerId:tandem-relay-s9-instance-1-w5, processed:410000, ok:410000, ko:0
02:33:44 INFO    com.codingful.tandem.jdbc.RelayWorker - Relay worker progress workerId:tandem-relay-s9-instance-1-w6, processed:390000, ok:390000, ko:0
02:33:58 INFO    com.codingful.tandem.jdbc.RelayWorker - Relay worker progress workerId:tandem-relay-s9-instance-2-w7, processed:410000, ok:410000, ko:0
02:33:59 INFO    com.codingful.tandem.jdbc.RelayWorker - Relay worker progress workerId:tandem-relay-s9-instance-2-w2, processed:380000, ok:380000, ko:0
02:34:03 INFO    com.codingful.tandem.jdbc.RelayWorker - Relay worker progress workerId:tandem-relay-s9-instance-1-w3, processed:380000, ok:380000, ko:0
02:35:10 INFO    com.codingful.tandem.jdbc.RelayWorker - Relay worker progress workerId:tandem-relay-s9-instance-2-w1, processed:370000, ok:370000, ko:0
02:35:29 INFO    com.codingful.tandem.jdbc.RelayWorker - Relay worker progress workerId:tandem-relay-s9-instance-2-w3, processed:400000, ok:400000, ko:0
02:36:21 INFO    com.codingful.tandem.jdbc.RelayWorker - Relay worker progress workerId:tandem-relay-s9-instance-2-w6, processed:390000, ok:390000, ko:0
02:36:31 INFO    com.codingful.tandem.jdbc.RelayWorker - Relay worker progress workerId:tandem-relay-s9-instance-1-w7, processed:390000, ok:390000, ko:0
02:36:45 INFO    com.codingful.tandem.jdbc.RelayWorker - Relay worker progress workerId:tandem-relay-s9-instance-1-w0, processed:360000, ok:360000, ko:0
02:37:22 INFO    com.codingful.tandem.jdbc.RelayWorker - Relay worker progress workerId:tandem-relay-s9-instance-1-w2, processed:410000, ok:410000, ko:0
02:37:24 INFO    com.codingful.tandem.jdbc.RelayWorker - Relay worker progress workerId:tandem-relay-s9-instance-2-w5, processed:380000, ok:380000, ko:0
02:37:48 INFO    com.codingful.tandem.jdbc.RelayWorker - Relay worker progress workerId:tandem-relay-s9-instance-1-w4, processed:410000, ok:410000, ko:0
02:38:13 INFO    com.codingful.tandem.jdbc.RelayWorker - Relay worker progress workerId:tandem-relay-s9-instance-2-w0, processed:430000, ok:430000, ko:0
02:38:47 INFO    com.codingful.tandem.jdbc.RelayWorker - Relay worker progress workerId:tandem-relay-s9-instance-2-w4, processed:400000, ok:400000, ko:0
02:39:58 INFO    com.codingful.tandem.jdbc.RelayWorker - Relay worker progress workerId:tandem-relay-s9-instance-1-w1, processed:420000, ok:420000, ko:0
02:40:04 INFO    com.codingful.tandem.jdbc.RelayWorker - Relay worker progress workerId:tandem-relay-s9-instance-1-w5, processed:420000, ok:420000, ko:0
02:40:23 INFO    com.codingful.tandem.jdbc.RelayWorker - Relay worker progress workerId:tandem-relay-s9-instance-2-w7, processed:420000, ok:420000, ko:0
02:40:26 INFO    com.codingful.tandem.jdbc.RelayWorker - Relay worker progress workerId:tandem-relay-s9-instance-1-w6, processed:400000, ok:400000, ko:0
02:40:52 INFO    com.codingful.tandem.jdbc.RelayWorker - Relay worker progress workerId:tandem-relay-s9-instance-2-w2, processed:390000, ok:390000, ko:0
02:40:52 INFO    com.codingful.tandem.jdbc.RelayWorker - Relay worker progress workerId:tandem-relay-s9-instance-1-w3, processed:390000, ok:390000, ko:0
02:41:54 INFO    com.codingful.tandem.jdbc.RelayWorker - Relay worker progress workerId:tandem-relay-s9-instance-2-w3, processed:410000, ok:410000, ko:0
02:42:07 INFO    com.codingful.tandem.jdbc.RelayWorker - Relay worker progress workerId:tandem-relay-s9-instance-2-w1, processed:380000, ok:380000, ko:0
02:43:11 INFO    com.codingful.tandem.jdbc.RelayWorker - Relay worker progress workerId:tandem-relay-s9-instance-2-w6, processed:400000, ok:400000, ko:0
02:43:14 INFO    com.codingful.tandem.jdbc.RelayWorker - Relay worker progress workerId:tandem-relay-s9-instance-1-w7, processed:400000, ok:400000, ko:0
02:44:01 INFO    com.codingful.tandem.jdbc.RelayWorker - Relay worker progress workerId:tandem-relay-s9-instance-1-w2, processed:420000, ok:420000, ko:0
02:44:09 INFO    com.codingful.tandem.jdbc.RelayWorker - Relay worker progress workerId:tandem-relay-s9-instance-1-w0, processed:370000, ok:370000, ko:0
02:44:19 INFO    com.codingful.tandem.jdbc.RelayWorker - Relay worker progress workerId:tandem-relay-s9-instance-2-w5, processed:390000, ok:390000, ko:0
02:44:20 INFO    com.codingful.tandem.jdbc.RelayWorker - Relay worker progress workerId:tandem-relay-s9-instance-1-w4, processed:420000, ok:420000, ko:0
02:44:22 INFO    com.codingful.tandem.jdbc.RelayWorker - Relay worker progress workerId:tandem-relay-s9-instance-2-w0, processed:440000, ok:440000, ko:0
02:45:27 INFO    com.codingful.tandem.jdbc.RelayWorker - Relay worker progress workerId:tandem-relay-s9-instance-2-w4, processed:410000, ok:410000, ko:0
02:46:16 INFO    com.codingful.tandem.jdbc.RelayWorker - Relay worker progress workerId:tandem-relay-s9-instance-1-w1, processed:430000, ok:430000, ko:0
02:46:33 INFO    com.codingful.tandem.jdbc.RelayWorker - Relay worker progress workerId:tandem-relay-s9-instance-1-w5, processed:430000, ok:430000, ko:0
02:46:44 INFO    com.codingful.tandem.jdbc.RelayWorker - Relay worker progress workerId:tandem-relay-s9-instance-2-w7, processed:430000, ok:430000, ko:0
02:47:12 INFO    com.codingful.tandem.jdbc.RelayWorker - Relay worker progress workerId:tandem-relay-s9-instance-1-w6, processed:410000, ok:410000, ko:0
02:47:40 INFO    com.codingful.tandem.jdbc.RelayWorker - Relay worker progress workerId:tandem-relay-s9-instance-2-w2, processed:400000, ok:400000, ko:0
02:47:47 INFO    com.codingful.tandem.jdbc.RelayWorker - Relay worker progress workerId:tandem-relay-s9-instance-1-w3, processed:400000, ok:400000, ko:0
02:48:27 INFO    com.codingful.tandem.jdbc.RelayWorker - Relay worker progress workerId:tandem-relay-s9-instance-2-w3, processed:420000, ok:420000, ko:0
02:49:08 INFO    com.codingful.tandem.jdbc.RelayWorker - Relay worker progress workerId:tandem-relay-s9-instance-2-w1, processed:390000, ok:390000, ko:0
02:49:55 INFO    com.codingful.tandem.jdbc.RelayWorker - Relay worker progress workerId:tandem-relay-s9-instance-2-w6, processed:410000, ok:410000, ko:0
02:50:01 INFO    com.codingful.tandem.jdbc.RelayWorker - Relay worker progress workerId:tandem-relay-s9-instance-1-w7, processed:410000, ok:410000, ko:0
02:50:26 INFO    com.codingful.tandem.jdbc.RelayWorker - Relay worker progress workerId:tandem-relay-s9-instance-1-w2, processed:430000, ok:430000, ko:0
02:50:36 INFO    com.codingful.tandem.jdbc.RelayWorker - Relay worker progress workerId:tandem-relay-s9-instance-2-w0, processed:450000, ok:450000, ko:0
02:50:51 INFO    com.codingful.tandem.jdbc.RelayWorker - Relay worker progress workerId:tandem-relay-s9-instance-1-w4, processed:430000, ok:430000, ko:0
02:51:19 INFO    com.codingful.tandem.jdbc.RelayWorker - Relay worker progress workerId:tandem-relay-s9-instance-2-w5, processed:400000, ok:400000, ko:0
02:51:22 INFO    com.codingful.tandem.jdbc.RelayWorker - Relay worker progress workerId:tandem-relay-s9-instance-1-w0, processed:380000, ok:380000, ko:0
02:52:10 INFO    com.codingful.tandem.jdbc.RelayWorker - Relay worker progress workerId:tandem-relay-s9-instance-2-w4, processed:420000, ok:420000, ko:0
02:52:32 INFO    com.codingful.tandem.jdbc.RelayWorker - Relay worker progress workerId:tandem-relay-s9-instance-1-w1, processed:440000, ok:440000, ko:0
S9 window 14 @02:52:38: 399.8/s delivered (399.8/s written), p50=12ms p99=44ms, pending=4 oldest=0s, buckets [128, 128] covered=256/256, outbox 447MB (46MB idx, 248175 rows, 79846 dead), heap=32MB threads=51 load=12.74
02:53:01 INFO    com.codingful.tandem.jdbc.RelayWorker - Relay worker progress workerId:tandem-relay-s9-instance-1-w5, processed:440000, ok:440000, ko:0
02:53:06 INFO    com.codingful.tandem.jdbc.RelayWorker - Relay worker progress workerId:tandem-relay-s9-instance-2-w7, processed:440000, ok:440000, ko:0
02:53:54 INFO    com.codingful.tandem.jdbc.RelayWorker - Relay worker progress workerId:tandem-relay-s9-instance-1-w6, processed:420000, ok:420000, ko:0
02:54:38 INFO    com.codingful.tandem.jdbc.RelayWorker - Relay worker progress workerId:tandem-relay-s9-instance-2-w2, processed:410000, ok:410000, ko:0
02:54:38 INFO    com.codingful.tandem.jdbc.RelayWorker - Relay worker progress workerId:tandem-relay-s9-instance-1-w3, processed:410000, ok:410000, ko:0
02:55:03 INFO    com.codingful.tandem.jdbc.RelayWorker - Relay worker progress workerId:tandem-relay-s9-instance-2-w3, processed:430000, ok:430000, ko:0
02:56:19 INFO    com.codingful.tandem.jdbc.RelayWorker - Relay worker progress workerId:tandem-relay-s9-instance-2-w1, processed:400000, ok:400000, ko:0
02:56:46 INFO    com.codingful.tandem.jdbc.RelayWorker - Relay worker progress workerId:tandem-relay-s9-instance-2-w0, processed:460000, ok:460000, ko:0
02:56:47 INFO    com.codingful.tandem.jdbc.RelayWorker - Relay worker progress workerId:tandem-relay-s9-instance-1-w7, processed:420000, ok:420000, ko:0
02:56:49 INFO    com.codingful.tandem.jdbc.RelayWorker - Relay worker progress workerId:tandem-relay-s9-instance-2-w6, processed:420000, ok:420000, ko:0
02:56:57 INFO    com.codingful.tandem.jdbc.RelayWorker - Relay worker progress workerId:tandem-relay-s9-instance-1-w2, processed:440000, ok:440000, ko:0
02:57:18 INFO    com.codingful.tandem.jdbc.RelayWorker - Relay worker progress workerId:tandem-relay-s9-instance-1-w4, processed:440000, ok:440000, ko:0
02:58:18 INFO    com.codingful.tandem.jdbc.RelayWorker - Relay worker progress workerId:tandem-relay-s9-instance-2-w5, processed:410000, ok:410000, ko:0
02:58:33 INFO    com.codingful.tandem.jdbc.RelayWorker - Relay worker progress workerId:tandem-relay-s9-instance-1-w0, processed:390000, ok:390000, ko:0
02:58:48 INFO    com.codingful.tandem.jdbc.RelayWorker - Relay worker progress workerId:tandem-relay-s9-instance-2-w4, processed:430000, ok:430000, ko:0
02:58:53 INFO    com.codingful.tandem.jdbc.RelayWorker - Relay worker progress workerId:tandem-relay-s9-instance-1-w1, processed:450000, ok:450000, ko:0
02:59:18 INFO    com.codingful.tandem.jdbc.RelayWorker - Relay worker progress workerId:tandem-relay-s9-instance-1-w5, processed:450000, ok:450000, ko:0
02:59:34 INFO    com.codingful.tandem.jdbc.RelayWorker - Relay worker progress workerId:tandem-relay-s9-instance-2-w7, processed:450000, ok:450000, ko:0
03:00:34 INFO    com.codingful.tandem.jdbc.RelayWorker - Relay worker progress workerId:tandem-relay-s9-instance-1-w6, processed:430000, ok:430000, ko:0
03:01:31 INFO    com.codingful.tandem.jdbc.RelayWorker - Relay worker progress workerId:tandem-relay-s9-instance-2-w3, processed:440000, ok:440000, ko:0
03:01:34 INFO    com.codingful.tandem.jdbc.RelayWorker - Relay worker progress workerId:tandem-relay-s9-instance-2-w2, processed:420000, ok:420000, ko:0
03:01:39 INFO    com.codingful.tandem.jdbc.RelayWorker - Relay worker progress workerId:tandem-relay-s9-instance-1-w3, processed:420000, ok:420000, ko:0
03:02:58 INFO    com.codingful.tandem.jdbc.RelayWorker - Relay worker progress workerId:tandem-relay-s9-instance-2-w0, processed:470000, ok:470000, ko:0
03:03:19 INFO    com.codingful.tandem.jdbc.RelayWorker - Relay worker progress workerId:tandem-relay-s9-instance-2-w1, processed:410000, ok:410000, ko:0
03:03:25 INFO    com.codingful.tandem.jdbc.RelayWorker - Relay worker progress workerId:tandem-relay-s9-instance-1-w2, processed:450000, ok:450000, ko:0
03:03:32 INFO    com.codingful.tandem.jdbc.RelayWorker - Relay worker progress workerId:tandem-relay-s9-instance-2-w6, processed:430000, ok:430000, ko:0
03:03:33 INFO    com.codingful.tandem.jdbc.RelayWorker - Relay worker progress workerId:tandem-relay-s9-instance-1-w7, processed:430000, ok:430000, ko:0
03:03:46 INFO    com.codingful.tandem.jdbc.RelayWorker - Relay worker progress workerId:tandem-relay-s9-instance-1-w4, processed:450000, ok:450000, ko:0
03:05:11 INFO    com.codingful.tandem.jdbc.RelayWorker - Relay worker progress workerId:tandem-relay-s9-instance-1-w1, processed:460000, ok:460000, ko:0
03:05:19 INFO    com.codingful.tandem.jdbc.RelayWorker - Relay worker progress workerId:tandem-relay-s9-instance-2-w5, processed:420000, ok:420000, ko:0
03:05:30 INFO    com.codingful.tandem.jdbc.RelayWorker - Relay worker progress workerId:tandem-relay-s9-instance-2-w4, processed:440000, ok:440000, ko:0
03:05:38 INFO    com.codingful.tandem.jdbc.RelayWorker - Relay worker progress workerId:tandem-relay-s9-instance-1-w5, processed:460000, ok:460000, ko:0
03:05:48 INFO    com.codingful.tandem.jdbc.RelayWorker - Relay worker progress workerId:tandem-relay-s9-instance-1-w0, processed:400000, ok:400000, ko:0
03:05:57 INFO    com.codingful.tandem.jdbc.RelayWorker - Relay worker progress workerId:tandem-relay-s9-instance-2-w7, processed:460000, ok:460000, ko:0
03:07:20 INFO    com.codingful.tandem.jdbc.RelayWorker - Relay worker progress workerId:tandem-relay-s9-instance-1-w6, processed:440000, ok:440000, ko:0
03:08:00 INFO    com.codingful.tandem.jdbc.RelayWorker - Relay worker progress workerId:tandem-relay-s9-instance-2-w3, processed:450000, ok:450000, ko:0
03:08:29 INFO    com.codingful.tandem.jdbc.RelayWorker - Relay worker progress workerId:tandem-relay-s9-instance-2-w2, processed:430000, ok:430000, ko:0
03:08:35 INFO    com.codingful.tandem.jdbc.RelayWorker - Relay worker progress workerId:tandem-relay-s9-instance-1-w3, processed:430000, ok:430000, ko:0
03:09:09 INFO    com.codingful.tandem.jdbc.RelayWorker - Relay worker progress workerId:tandem-relay-s9-instance-2-w0, processed:480000, ok:480000, ko:0
03:09:48 INFO    com.codingful.tandem.jdbc.RelayWorker - Relay worker progress workerId:tandem-relay-s9-instance-1-w2, processed:460000, ok:460000, ko:0
03:10:19 INFO    com.codingful.tandem.jdbc.RelayWorker - Relay worker progress workerId:tandem-relay-s9-instance-1-w4, processed:460000, ok:460000, ko:0
03:10:20 INFO    com.codingful.tandem.jdbc.RelayWorker - Relay worker progress workerId:tandem-relay-s9-instance-2-w6, processed:440000, ok:440000, ko:0
03:10:23 INFO    com.codingful.tandem.jdbc.RelayWorker - Relay worker progress workerId:tandem-relay-s9-instance-1-w7, processed:440000, ok:440000, ko:0
03:10:31 INFO    com.codingful.tandem.jdbc.RelayWorker - Relay worker progress workerId:tandem-relay-s9-instance-2-w1, processed:420000, ok:420000, ko:0
03:11:39 INFO    com.codingful.tandem.jdbc.RelayWorker - Relay worker progress workerId:tandem-relay-s9-instance-1-w1, processed:470000, ok:470000, ko:0
03:11:56 INFO    com.codingful.tandem.jdbc.RelayWorker - Relay worker progress workerId:tandem-relay-s9-instance-1-w5, processed:470000, ok:470000, ko:0
03:12:08 INFO    com.codingful.tandem.jdbc.RelayWorker - Relay worker progress workerId:tandem-relay-s9-instance-2-w4, processed:450000, ok:450000, ko:0
03:12:14 INFO    com.codingful.tandem.jdbc.RelayWorker - Relay worker progress workerId:tandem-relay-s9-instance-2-w7, processed:470000, ok:470000, ko:0
03:12:20 INFO    com.codingful.tandem.jdbc.RelayWorker - Relay worker progress workerId:tandem-relay-s9-instance-2-w5, processed:430000, ok:430000, ko:0
S9 window 15 @03:12:39: 400.0/s delivered (400.0/s written), p50=12ms p99=41ms, pending=3 oldest=0s, buckets [128, 128] covered=256/256, outbox 446MB (46MB idx, 246125 rows, 78900 dead), heap=49MB threads=51 load=14.59
03:13:16 INFO    com.codingful.tandem.jdbc.RelayWorker - Relay worker progress workerId:tandem-relay-s9-instance-1-w0, processed:410000, ok:410000, ko:0
03:13:54 INFO    com.codingful.tandem.jdbc.RelayWorker - Relay worker progress workerId:tandem-relay-s9-instance-1-w6, processed:450000, ok:450000, ko:0
03:14:36 INFO    com.codingful.tandem.jdbc.RelayWorker - Relay worker progress workerId:tandem-relay-s9-instance-2-w3, processed:460000, ok:460000, ko:0
03:15:20 INFO    com.codingful.tandem.jdbc.RelayWorker - Relay worker progress workerId:tandem-relay-s9-instance-2-w0, processed:490000, ok:490000, ko:0
03:15:27 INFO    com.codingful.tandem.jdbc.RelayWorker - Relay worker progress workerId:tandem-relay-s9-instance-2-w2, processed:440000, ok:440000, ko:0
03:15:28 INFO    com.codingful.tandem.jdbc.RelayWorker - Relay worker progress workerId:tandem-relay-s9-instance-1-w3, processed:440000, ok:440000, ko:0
03:16:18 INFO    com.codingful.tandem.jdbc.RelayWorker - Relay worker progress workerId:tandem-relay-s9-instance-1-w2, processed:470000, ok:470000, ko:0
03:16:45 INFO    com.codingful.tandem.jdbc.RelayWorker - Relay worker progress workerId:tandem-relay-s9-instance-1-w4, processed:470000, ok:470000, ko:0
03:17:02 INFO    com.codingful.tandem.jdbc.RelayWorker - Relay worker progress workerId:tandem-relay-s9-instance-2-w6, processed:450000, ok:450000, ko:0
03:17:10 INFO    com.codingful.tandem.jdbc.RelayWorker - Relay worker progress workerId:tandem-relay-s9-instance-1-w7, processed:450000, ok:450000, ko:0
03:17:36 INFO    com.codingful.tandem.jdbc.RelayWorker - Relay worker progress workerId:tandem-relay-s9-instance-2-w1, processed:430000, ok:430000, ko:0
03:17:53 INFO    com.codingful.tandem.jdbc.RelayWorker - Relay worker progress workerId:tandem-relay-s9-instance-1-w1, processed:480000, ok:480000, ko:0
03:18:25 INFO    com.codingful.tandem.jdbc.RelayWorker - Relay worker progress workerId:tandem-relay-s9-instance-1-w5, processed:480000, ok:480000, ko:0
03:18:36 INFO    com.codingful.tandem.jdbc.RelayWorker - Relay worker progress workerId:tandem-relay-s9-instance-2-w7, processed:480000, ok:480000, ko:0
03:18:52 INFO    com.codingful.tandem.jdbc.RelayWorker - Relay worker progress workerId:tandem-relay-s9-instance-2-w4, processed:460000, ok:460000, ko:0
03:19:19 INFO    com.codingful.tandem.jdbc.RelayWorker - Relay worker progress workerId:tandem-relay-s9-instance-2-w5, processed:440000, ok:440000, ko:0
03:20:30 INFO    com.codingful.tandem.jdbc.RelayWorker - Relay worker progress workerId:tandem-relay-s9-instance-1-w6, processed:460000, ok:460000, ko:0
03:20:47 INFO    com.codingful.tandem.jdbc.RelayWorker - Relay worker progress workerId:tandem-relay-s9-instance-1-w0, processed:420000, ok:420000, ko:0
03:21:07 INFO    com.codingful.tandem.jdbc.RelayWorker - Relay worker progress workerId:tandem-relay-s9-instance-2-w3, processed:470000, ok:470000, ko:0
03:21:28 INFO    com.codingful.tandem.jdbc.RelayWorker - Relay worker progress workerId:tandem-relay-s9-instance-2-w0, processed:500000, ok:500000, ko:0
03:22:17 INFO    com.codingful.tandem.jdbc.RelayWorker - Relay worker progress workerId:tandem-relay-s9-instance-2-w2, processed:450000, ok:450000, ko:0
03:22:19 INFO    com.codingful.tandem.jdbc.RelayWorker - Relay worker progress workerId:tandem-relay-s9-instance-1-w3, processed:450000, ok:450000, ko:0
03:22:46 INFO    com.codingful.tandem.jdbc.RelayWorker - Relay worker progress workerId:tandem-relay-s9-instance-1-w2, processed:480000, ok:480000, ko:0
03:23:13 INFO    com.codingful.tandem.jdbc.RelayWorker - Relay worker progress workerId:tandem-relay-s9-instance-1-w4, processed:480000, ok:480000, ko:0
03:23:44 INFO    com.codingful.tandem.jdbc.RelayWorker - Relay worker progress workerId:tandem-relay-s9-instance-2-w6, processed:460000, ok:460000, ko:0
03:24:00 INFO    com.codingful.tandem.jdbc.RelayWorker - Relay worker progress workerId:tandem-relay-s9-instance-1-w7, processed:460000, ok:460000, ko:0
03:24:17 INFO    com.codingful.tandem.jdbc.RelayWorker - Relay worker progress workerId:tandem-relay-s9-instance-1-w1, processed:490000, ok:490000, ko:0
03:24:41 INFO    com.codingful.tandem.jdbc.RelayWorker - Relay worker progress workerId:tandem-relay-s9-instance-2-w1, processed:440000, ok:440000, ko:0
03:24:51 INFO    com.codingful.tandem.jdbc.RelayWorker - Relay worker progress workerId:tandem-relay-s9-instance-2-w7, processed:490000, ok:490000, ko:0
03:24:52 INFO    com.codingful.tandem.jdbc.RelayWorker - Relay worker progress workerId:tandem-relay-s9-instance-1-w5, processed:490000, ok:490000, ko:0
03:25:30 INFO    com.codingful.tandem.jdbc.RelayWorker - Relay worker progress workerId:tandem-relay-s9-instance-2-w4, processed:470000, ok:470000, ko:0
03:26:26 INFO    com.codingful.tandem.jdbc.RelayWorker - Relay worker progress workerId:tandem-relay-s9-instance-2-w5, processed:450000, ok:450000, ko:0
03:27:16 INFO    com.codingful.tandem.jdbc.RelayWorker - Relay worker progress workerId:tandem-relay-s9-instance-1-w6, processed:470000, ok:470000, ko:0
03:27:38 INFO    com.codingful.tandem.jdbc.RelayWorker - Relay worker progress workerId:tandem-relay-s9-instance-2-w3, processed:480000, ok:480000, ko:0
03:27:45 INFO    com.codingful.tandem.jdbc.RelayWorker - Relay worker progress workerId:tandem-relay-s9-instance-2-w0, processed:510000, ok:510000, ko:0
03:28:08 INFO    com.codingful.tandem.jdbc.RelayWorker - Relay worker progress workerId:tandem-relay-s9-instance-1-w0, processed:430000, ok:430000, ko:0
03:29:08 INFO    com.codingful.tandem.jdbc.RelayWorker - Relay worker progress workerId:tandem-relay-s9-instance-1-w2, processed:490000, ok:490000, ko:0
03:29:09 INFO    com.codingful.tandem.jdbc.RelayWorker - Relay worker progress workerId:tandem-relay-s9-instance-1-w3, processed:460000, ok:460000, ko:0
03:29:12 INFO    com.codingful.tandem.jdbc.RelayWorker - Relay worker progress workerId:tandem-relay-s9-instance-2-w2, processed:460000, ok:460000, ko:0
03:29:40 INFO    com.codingful.tandem.jdbc.RelayWorker - Relay worker progress workerId:tandem-relay-s9-instance-1-w4, processed:490000, ok:490000, ko:0
03:30:35 INFO    com.codingful.tandem.jdbc.RelayWorker - Relay worker progress workerId:tandem-relay-s9-instance-2-w6, processed:470000, ok:470000, ko:0
03:30:42 INFO    com.codingful.tandem.jdbc.RelayWorker - Relay worker progress workerId:tandem-relay-s9-instance-1-w1, processed:500000, ok:500000, ko:0
03:30:47 INFO    com.codingful.tandem.jdbc.RelayWorker - Relay worker progress workerId:tandem-relay-s9-instance-1-w7, processed:470000, ok:470000, ko:0
03:31:08 INFO    com.codingful.tandem.jdbc.RelayWorker - Relay worker progress workerId:tandem-relay-s9-instance-2-w7, processed:500000, ok:500000, ko:0
03:31:17 INFO    com.codingful.tandem.jdbc.RelayWorker - Relay worker progress workerId:tandem-relay-s9-instance-1-w5, processed:500000, ok:500000, ko:0
03:31:53 INFO    com.codingful.tandem.jdbc.RelayWorker - Relay worker progress workerId:tandem-relay-s9-instance-2-w1, processed:450000, ok:450000, ko:0
03:32:05 INFO    com.codingful.tandem.jdbc.RelayWorker - Relay worker progress workerId:tandem-relay-s9-instance-2-w4, processed:480000, ok:480000, ko:0
S9 window 16 @03:32:39: 400.0/s delivered (400.0/s written), p50=13ms p99=45ms, pending=4 oldest=0s, buckets [128, 128] covered=256/256, outbox 451MB (46MB idx, 242795 rows, 86730 dead), heap=50MB threads=51 load=14.34
03:33:34 INFO    com.codingful.tandem.jdbc.RelayWorker - Relay worker progress workerId:tandem-relay-s9-instance-2-w5, processed:460000, ok:460000, ko:0
03:33:56 INFO    com.codingful.tandem.jdbc.RelayWorker - Relay worker progress workerId:tandem-relay-s9-instance-2-w0, processed:520000, ok:520000, ko:0
03:33:56 INFO    com.codingful.tandem.jdbc.RelayWorker - Relay worker progress workerId:tandem-relay-s9-instance-1-w6, processed:480000, ok:480000, ko:0
03:34:07 INFO    com.codingful.tandem.jdbc.RelayWorker - Relay worker progress workerId:tandem-relay-s9-instance-2-w3, processed:490000, ok:490000, ko:0
03:35:27 INFO    com.codingful.tandem.jdbc.RelayWorker - Relay worker progress workerId:tandem-relay-s9-instance-1-w0, processed:440000, ok:440000, ko:0
03:35:32 INFO    com.codingful.tandem.jdbc.RelayWorker - Relay worker progress workerId:tandem-relay-s9-instance-1-w2, processed:500000, ok:500000, ko:0
03:36:01 INFO    com.codingful.tandem.jdbc.RelayWorker - Relay worker progress workerId:tandem-relay-s9-instance-2-w2, processed:470000, ok:470000, ko:0
03:36:02 INFO    com.codingful.tandem.jdbc.RelayWorker - Relay worker progress workerId:tandem-relay-s9-instance-1-w4, processed:500000, ok:500000, ko:0
03:36:12 INFO    com.codingful.tandem.jdbc.RelayWorker - Relay worker progress workerId:tandem-relay-s9-instance-1-w3, processed:470000, ok:470000, ko:0
03:37:01 INFO    com.codingful.tandem.jdbc.RelayWorker - Relay worker progress workerId:tandem-relay-s9-instance-1-w1, processed:510000, ok:510000, ko:0
03:37:18 INFO    com.codingful.tandem.jdbc.RelayWorker - Relay worker progress workerId:tandem-relay-s9-instance-2-w6, processed:480000, ok:480000, ko:0
03:37:30 INFO    com.codingful.tandem.jdbc.RelayWorker - Relay worker progress workerId:tandem-relay-s9-instance-2-w7, processed:510000, ok:510000, ko:0
03:37:35 INFO    com.codingful.tandem.jdbc.RelayWorker - Relay worker progress workerId:tandem-relay-s9-instance-1-w7, processed:480000, ok:480000, ko:0
03:37:40 INFO    com.codingful.tandem.jdbc.RelayWorker - Relay worker progress workerId:tandem-relay-s9-instance-1-w5, processed:510000, ok:510000, ko:0
03:38:43 INFO    com.codingful.tandem.jdbc.RelayWorker - Relay worker progress workerId:tandem-relay-s9-instance-2-w4, processed:490000, ok:490000, ko:0
03:39:03 INFO    com.codingful.tandem.jdbc.RelayWorker - Relay worker progress workerId:tandem-relay-s9-instance-2-w1, processed:460000, ok:460000, ko:0
03:40:10 INFO    com.codingful.tandem.jdbc.RelayWorker - Relay worker progress workerId:tandem-relay-s9-instance-2-w0, processed:530000, ok:530000, ko:0
03:40:30 INFO    com.codingful.tandem.jdbc.RelayWorker - Relay worker progress workerId:tandem-relay-s9-instance-1-w6, processed:490000, ok:490000, ko:0
03:40:31 INFO    com.codingful.tandem.jdbc.RelayWorker - Relay worker progress workerId:tandem-relay-s9-instance-2-w5, processed:470000, ok:470000, ko:0
03:40:46 INFO    com.codingful.tandem.jdbc.RelayWorker - Relay worker progress workerId:tandem-relay-s9-instance-2-w3, processed:500000, ok:500000, ko:0
03:41:59 INFO    com.codingful.tandem.jdbc.RelayWorker - Relay worker progress workerId:tandem-relay-s9-instance-1-w2, processed:510000, ok:510000, ko:0
03:42:23 INFO    com.codingful.tandem.jdbc.RelayWorker - Relay worker progress workerId:tandem-relay-s9-instance-1-w4, processed:510000, ok:510000, ko:0
03:42:46 INFO    com.codingful.tandem.jdbc.RelayWorker - Relay worker progress workerId:tandem-relay-s9-instance-1-w0, processed:450000, ok:450000, ko:0
03:42:57 INFO    com.codingful.tandem.jdbc.RelayWorker - Relay worker progress workerId:tandem-relay-s9-instance-2-w2, processed:480000, ok:480000, ko:0
03:43:15 INFO    com.codingful.tandem.jdbc.RelayWorker - Relay worker progress workerId:tandem-relay-s9-instance-1-w3, processed:480000, ok:480000, ko:0
03:43:37 INFO    com.codingful.tandem.jdbc.RelayWorker - Relay worker progress workerId:tandem-relay-s9-instance-1-w1, processed:520000, ok:520000, ko:0
03:43:55 INFO    com.codingful.tandem.jdbc.RelayWorker - Relay worker progress workerId:tandem-relay-s9-instance-2-w7, processed:520000, ok:520000, ko:0
03:44:00 INFO    com.codingful.tandem.jdbc.RelayWorker - Relay worker progress workerId:tandem-relay-s9-instance-2-w6, processed:490000, ok:490000, ko:0
03:44:02 INFO    com.codingful.tandem.jdbc.RelayWorker - Relay worker progress workerId:tandem-relay-s9-instance-1-w5, processed:520000, ok:520000, ko:0
03:44:23 INFO    com.codingful.tandem.jdbc.RelayWorker - Relay worker progress workerId:tandem-relay-s9-instance-1-w7, processed:490000, ok:490000, ko:0
03:45:26 INFO    com.codingful.tandem.jdbc.RelayWorker - Relay worker progress workerId:tandem-relay-s9-instance-2-w4, processed:500000, ok:500000, ko:0
03:46:11 INFO    com.codingful.tandem.jdbc.RelayWorker - Relay worker progress workerId:tandem-relay-s9-instance-2-w1, processed:470000, ok:470000, ko:0
03:46:14 INFO    com.codingful.tandem.jdbc.RelayWorker - Relay worker progress workerId:tandem-relay-s9-instance-2-w0, processed:540000, ok:540000, ko:0
03:47:09 INFO    com.codingful.tandem.jdbc.RelayWorker - Relay worker progress workerId:tandem-relay-s9-instance-1-w6, processed:500000, ok:500000, ko:0
03:47:19 INFO    com.codingful.tandem.jdbc.RelayWorker - Relay worker progress workerId:tandem-relay-s9-instance-2-w3, processed:510000, ok:510000, ko:0
03:47:32 INFO    com.codingful.tandem.jdbc.RelayWorker - Relay worker progress workerId:tandem-relay-s9-instance-2-w5, processed:480000, ok:480000, ko:0
03:48:24 INFO    com.codingful.tandem.jdbc.RelayWorker - Relay worker progress workerId:tandem-relay-s9-instance-1-w2, processed:520000, ok:520000, ko:0
03:48:57 INFO    com.codingful.tandem.jdbc.RelayWorker - Relay worker progress workerId:tandem-relay-s9-instance-1-w4, processed:520000, ok:520000, ko:0
03:49:48 INFO    com.codingful.tandem.jdbc.RelayWorker - Relay worker progress workerId:tandem-relay-s9-instance-2-w2, processed:490000, ok:490000, ko:0
03:49:59 INFO    com.codingful.tandem.jdbc.RelayWorker - Relay worker progress workerId:tandem-relay-s9-instance-1-w3, processed:490000, ok:490000, ko:0
03:50:03 INFO    com.codingful.tandem.jdbc.RelayWorker - Relay worker progress workerId:tandem-relay-s9-instance-1-w1, processed:530000, ok:530000, ko:0
03:50:08 INFO    com.codingful.tandem.jdbc.RelayWorker - Relay worker progress workerId:tandem-relay-s9-instance-1-w0, processed:460000, ok:460000, ko:0
03:50:22 INFO    com.codingful.tandem.jdbc.RelayWorker - Relay worker progress workerId:tandem-relay-s9-instance-2-w7, processed:530000, ok:530000, ko:0
03:50:29 INFO    com.codingful.tandem.jdbc.RelayWorker - Relay worker progress workerId:tandem-relay-s9-instance-1-w5, processed:530000, ok:530000, ko:0
03:50:43 INFO    com.codingful.tandem.jdbc.RelayWorker - Relay worker progress workerId:tandem-relay-s9-instance-2-w6, processed:500000, ok:500000, ko:0
03:51:08 INFO    com.codingful.tandem.jdbc.RelayWorker - Relay worker progress workerId:tandem-relay-s9-instance-1-w7, processed:500000, ok:500000, ko:0
03:52:07 INFO    com.codingful.tandem.jdbc.RelayWorker - Relay worker progress workerId:tandem-relay-s9-instance-2-w4, processed:510000, ok:510000, ko:0
03:52:23 INFO    com.codingful.tandem.jdbc.RelayWorker - Relay worker progress workerId:tandem-relay-s9-instance-2-w0, processed:550000, ok:550000, ko:0
S9 window 17 @03:52:39: 399.9/s delivered (399.9/s written), p50=12ms p99=39ms, pending=3 oldest=0s, buckets [128, 128] covered=256/256, outbox 446MB (46MB idx, 240670 rows, 86801 dead), heap=64MB threads=52 load=13.55
03:53:19 INFO    com.codingful.tandem.jdbc.RelayWorker - Relay worker progress workerId:tandem-relay-s9-instance-2-w1, processed:480000, ok:480000, ko:0
03:53:45 INFO    com.codingful.tandem.jdbc.RelayWorker - Relay worker progress workerId:tandem-relay-s9-instance-1-w6, processed:510000, ok:510000, ko:0
03:53:57 INFO    com.codingful.tandem.jdbc.RelayWorker - Relay worker progress workerId:tandem-relay-s9-instance-2-w3, processed:520000, ok:520000, ko:0
03:54:27 INFO    com.codingful.tandem.jdbc.RelayWorker - Relay worker progress workerId:tandem-relay-s9-instance-2-w5, processed:490000, ok:490000, ko:0
03:54:49 INFO    com.codingful.tandem.jdbc.RelayWorker - Relay worker progress workerId:tandem-relay-s9-instance-1-w2, processed:530000, ok:530000, ko:0
03:55:22 INFO    com.codingful.tandem.jdbc.RelayWorker - Relay worker progress workerId:tandem-relay-s9-instance-1-w4, processed:530000, ok:530000, ko:0
03:56:26 INFO    com.codingful.tandem.jdbc.RelayWorker - Relay worker progress workerId:tandem-relay-s9-instance-1-w1, processed:540000, ok:540000, ko:0
03:56:39 INFO    com.codingful.tandem.jdbc.RelayWorker - Relay worker progress workerId:tandem-relay-s9-instance-2-w2, processed:500000, ok:500000, ko:0
03:56:51 INFO    com.codingful.tandem.jdbc.RelayWorker - Relay worker progress workerId:tandem-relay-s9-instance-2-w7, processed:540000, ok:540000, ko:0
03:56:52 INFO    com.codingful.tandem.jdbc.RelayWorker - Relay worker progress workerId:tandem-relay-s9-instance-1-w5, processed:540000, ok:540000, ko:0
03:56:53 INFO    com.codingful.tandem.jdbc.RelayWorker - Relay worker progress workerId:tandem-relay-s9-instance-1-w3, processed:500000, ok:500000, ko:0
03:57:28 INFO    com.codingful.tandem.jdbc.RelayWorker - Relay worker progress workerId:tandem-relay-s9-instance-2-w6, processed:510000, ok:510000, ko:0
03:57:38 INFO    com.codingful.tandem.jdbc.RelayWorker - Relay worker progress workerId:tandem-relay-s9-instance-1-w0, processed:470000, ok:470000, ko:0
03:57:52 INFO    com.codingful.tandem.jdbc.RelayWorker - Relay worker progress workerId:tandem-relay-s9-instance-1-w7, processed:510000, ok:510000, ko:0
03:58:38 INFO    com.codingful.tandem.jdbc.RelayWorker - Relay worker progress workerId:tandem-relay-s9-instance-2-w0, processed:560000, ok:560000, ko:0
03:58:46 INFO    com.codingful.tandem.jdbc.RelayWorker - Relay worker progress workerId:tandem-relay-s9-instance-2-w4, processed:520000, ok:520000, ko:0
04:00:20 INFO    com.codingful.tandem.jdbc.RelayWorker - Relay worker progress workerId:tandem-relay-s9-instance-2-w1, processed:490000, ok:490000, ko:0
04:00:25 INFO    com.codingful.tandem.jdbc.RelayWorker - Relay worker progress workerId:tandem-relay-s9-instance-1-w6, processed:520000, ok:520000, ko:0
04:00:27 INFO    com.codingful.tandem.jdbc.RelayWorker - Relay worker progress workerId:tandem-relay-s9-instance-2-w3, processed:530000, ok:530000, ko:0
04:01:20 INFO    com.codingful.tandem.jdbc.RelayWorker - Relay worker progress workerId:tandem-relay-s9-instance-1-w2, processed:540000, ok:540000, ko:0
04:01:27 INFO    com.codingful.tandem.jdbc.RelayWorker - Relay worker progress workerId:tandem-relay-s9-instance-2-w5, processed:500000, ok:500000, ko:0
04:01:48 INFO    com.codingful.tandem.jdbc.RelayWorker - Relay worker progress workerId:tandem-relay-s9-instance-1-w4, processed:540000, ok:540000, ko:0
04:02:45 INFO    com.codingful.tandem.jdbc.RelayWorker - Relay worker progress workerId:tandem-relay-s9-instance-1-w1, processed:550000, ok:550000, ko:0
04:03:08 INFO    com.codingful.tandem.jdbc.RelayWorker - Relay worker progress workerId:tandem-relay-s9-instance-1-w5, processed:550000, ok:550000, ko:0
04:03:16 INFO    com.codingful.tandem.jdbc.RelayWorker - Relay worker progress workerId:tandem-relay-s9-instance-2-w7, processed:550000, ok:550000, ko:0
04:03:35 INFO    com.codingful.tandem.jdbc.RelayWorker - Relay worker progress workerId:tandem-relay-s9-instance-2-w2, processed:510000, ok:510000, ko:0
04:03:50 INFO    com.codingful.tandem.jdbc.RelayWorker - Relay worker progress workerId:tandem-relay-s9-instance-1-w3, processed:510000, ok:510000, ko:0
04:04:17 INFO    com.codingful.tandem.jdbc.RelayWorker - Relay worker progress workerId:tandem-relay-s9-instance-2-w6, processed:520000, ok:520000, ko:0
04:04:41 INFO    com.codingful.tandem.jdbc.RelayWorker - Relay worker progress workerId:tandem-relay-s9-instance-1-w7, processed:520000, ok:520000, ko:0
04:04:44 INFO    com.codingful.tandem.jdbc.RelayWorker - Relay worker progress workerId:tandem-relay-s9-instance-2-w0, processed:570000, ok:570000, ko:0
04:04:57 INFO    com.codingful.tandem.jdbc.RelayWorker - Relay worker progress workerId:tandem-relay-s9-instance-1-w0, processed:480000, ok:480000, ko:0
04:05:25 INFO    com.codingful.tandem.jdbc.RelayWorker - Relay worker progress workerId:tandem-relay-s9-instance-2-w4, processed:530000, ok:530000, ko:0
04:07:01 INFO    com.codingful.tandem.jdbc.RelayWorker - Relay worker progress workerId:tandem-relay-s9-instance-2-w3, processed:540000, ok:540000, ko:0
04:07:02 INFO    com.codingful.tandem.jdbc.RelayWorker - Relay worker progress workerId:tandem-relay-s9-instance-1-w6, processed:530000, ok:530000, ko:0
04:07:28 INFO    com.codingful.tandem.jdbc.RelayWorker - Relay worker progress workerId:tandem-relay-s9-instance-2-w1, processed:500000, ok:500000, ko:0
04:07:45 INFO    com.codingful.tandem.jdbc.RelayWorker - Relay worker progress workerId:tandem-relay-s9-instance-1-w2, processed:550000, ok:550000, ko:0
04:08:18 INFO    com.codingful.tandem.jdbc.RelayWorker - Relay worker progress workerId:tandem-relay-s9-instance-1-w4, processed:550000, ok:550000, ko:0
04:08:33 INFO    com.codingful.tandem.jdbc.RelayWorker - Relay worker progress workerId:tandem-relay-s9-instance-2-w5, processed:510000, ok:510000, ko:0
04:09:08 INFO    com.codingful.tandem.jdbc.RelayWorker - Relay worker progress workerId:tandem-relay-s9-instance-1-w1, processed:560000, ok:560000, ko:0
04:09:29 INFO    com.codingful.tandem.jdbc.RelayWorker - Relay worker progress workerId:tandem-relay-s9-instance-1-w5, processed:560000, ok:560000, ko:0
04:09:36 INFO    com.codingful.tandem.jdbc.RelayWorker - Relay worker progress workerId:tandem-relay-s9-instance-2-w7, processed:560000, ok:560000, ko:0
04:10:25 INFO    com.codingful.tandem.jdbc.RelayWorker - Relay worker progress workerId:tandem-relay-s9-instance-2-w2, processed:520000, ok:520000, ko:0
04:10:45 INFO    com.codingful.tandem.jdbc.RelayWorker - Relay worker progress workerId:tandem-relay-s9-instance-1-w3, processed:520000, ok:520000, ko:0
04:11:00 INFO    com.codingful.tandem.jdbc.RelayWorker - Relay worker progress workerId:tandem-relay-s9-instance-2-w0, processed:580000, ok:580000, ko:0
04:11:06 INFO    com.codingful.tandem.jdbc.RelayWorker - Relay worker progress workerId:tandem-relay-s9-instance-2-w6, processed:530000, ok:530000, ko:0
04:11:24 INFO    com.codingful.tandem.jdbc.RelayWorker - Relay worker progress workerId:tandem-relay-s9-instance-1-w7, processed:530000, ok:530000, ko:0
04:12:10 INFO    com.codingful.tandem.jdbc.RelayWorker - Relay worker progress workerId:tandem-relay-s9-instance-2-w4, processed:540000, ok:540000, ko:0
04:12:16 INFO    com.codingful.tandem.jdbc.RelayWorker - Relay worker progress workerId:tandem-relay-s9-instance-1-w0, processed:490000, ok:490000, ko:0
S9 window 18 @04:12:39: 400.0/s delivered (400.0/s written), p50=12ms p99=42ms, pending=4 oldest=0s, buckets [128, 128] covered=256/256, outbox 450MB (46MB idx, 245506 rows, 79899 dead), heap=58MB threads=51 load=13.64
04:12:40 INFO    com.codingful.tandem.jdbc.BucketLeaseManager - Relay released all owned buckets owner:s9-instance-1, count:128
04:12:40 INFO    com.codingful.tandem.jdbc.WorkerPool - Relay stopped instanceId:s9-instance-1
04:12:41 INFO    com.codingful.tandem.jdbc.BucketLeaseManager - Relay released all owned buckets owner:s9-instance-2, count:128
04:12:41 INFO    com.codingful.tandem.jdbc.WorkerPool - Relay stopped instanceId:s9-instance-2
PASS S9: held 400.0 events/s (rate given explicitly) for PT6H in 18 windows; throughput 395.2/s → 400.0/s (+1.2%), p50 21ms → 12ms, p99 211ms → 42ms; outbox 445MB → 450MB, heap 47MB → 58MB; bucket coverage held=true; ordering violations=0, lost=0, duplicates=0
All scenarios passed correctness.
