timestamp,container,cpu_pct,mem_used_mb
10:05:56,beautiful_booth,32.88,57.4
10:05:56,ecstatic_elion,0.03,54.0
10:05:56,testcontainers-ryuk-8665e95e-be30-4749-833a-ea055cb50055,0.00,8.2
10:06:01,beautiful_booth,153.78,111.4
10:06:01,ecstatic_elion,0.02,54.0
10:06:01,testcontainers-ryuk-8665e95e-be30-4749-833a-ea055cb50055,0.00,8.2
10:06:06,beautiful_booth,18.31,411.6
10:06:06,ecstatic_elion,8.10,94.4
10:06:06,testcontainers-ryuk-8665e95e-be30-4749-833a-ea055cb50055,0.00,8.2
10:06:11,beautiful_booth,51.70,423.3
10:06:11,ecstatic_elion,25.65,115.3
10:06:11,testcontainers-ryuk-8665e95e-be30-4749-833a-ea055cb50055,0.00,8.2
10:06:17,beautiful_booth,22.96,427.4
10:06:17,ecstatic_elion,30.04,116.4
10:06:17,testcontainers-ryuk-8665e95e-be30-4749-833a-ea055cb50055,0.00,8.2
10:06:22,beautiful_booth,16.79,441.9
10:06:22,ecstatic_elion,32.92,118.0
10:06:22,testcontainers-ryuk-8665e95e-be30-4749-833a-ea055cb50055,0.00,8.2
10:06:27,beautiful_booth,22.37,445.1
10:06:27,ecstatic_elion,21.96,118.7
10:06:27,testcontainers-ryuk-8665e95e-be30-4749-833a-ea055cb50055,0.00,8.5
10:06:32,beautiful_booth,21.88,447.0
10:06:32,ecstatic_elion,20.07,120.0
10:06:32,testcontainers-ryuk-8665e95e-be30-4749-833a-ea055cb50055,0.00,8.5
10:06:37,beautiful_booth,11.96,444.0
10:06:37,ecstatic_elion,19.92,121.0
10:06:37,testcontainers-ryuk-8665e95e-be30-4749-833a-ea055cb50055,0.00,8.2
10:06:42,beautiful_booth,14.92,444.1
10:06:42,ecstatic_elion,19.22,122.0
10:06:42,testcontainers-ryuk-8665e95e-be30-4749-833a-ea055cb50055,0.00,8.2
10:06:47,beautiful_booth,13.82,446.0
10:06:47,ecstatic_elion,19.66,125.0
10:06:47,testcontainers-ryuk-8665e95e-be30-4749-833a-ea055cb50055,0.00,8.2
10:06:52,beautiful_booth,16.09,446.2
10:06:52,ecstatic_elion,19.04,126.3
10:06:52,testcontainers-ryuk-8665e95e-be30-4749-833a-ea055cb50055,0.00,8.2
10:06:57,beautiful_booth,16.54,447.3
10:06:57,ecstatic_elion,19.54,127.1
10:06:57,testcontainers-ryuk-8665e95e-be30-4749-833a-ea055cb50055,0.00,8.2
10:07:02,beautiful_booth,25.21,448.6
10:07:02,ecstatic_elion,20.70,128.1
10:07:02,testcontainers-ryuk-8665e95e-be30-4749-833a-ea055cb50055,0.00,8.2
10:07:08,beautiful_booth,11.72,449.0
10:07:08,ecstatic_elion,26.17,130.3
10:07:08,testcontainers-ryuk-8665e95e-be30-4749-833a-ea055cb50055,0.00,8.2
10:07:13,beautiful_booth,64.78,454.9
10:07:13,ecstatic_elion,37.88,135.2
10:07:13,testcontainers-ryuk-8665e95e-be30-4749-833a-ea055cb50055,0.00,8.2
10:07:18,beautiful_booth,18.92,456.3
10:07:18,ecstatic_elion,31.90,142.4
10:07:18,testcontainers-ryuk-8665e95e-be30-4749-833a-ea055cb50055,0.00,8.2
10:07:23,beautiful_booth,12.59,449.8
10:07:23,ecstatic_elion,32.69,144.8
10:07:23,testcontainers-ryuk-8665e95e-be30-4749-833a-ea055cb50055,0.01,8.2
10:07:28,beautiful_booth,12.27,450.7
10:07:28,ecstatic_elion,30.40,145.5
10:07:28,testcontainers-ryuk-8665e95e-be30-4749-833a-ea055cb50055,0.00,8.2
10:07:33,beautiful_booth,13.78,451.1
10:07:33,ecstatic_elion,29.28,145.7
10:07:33,testcontainers-ryuk-8665e95e-be30-4749-833a-ea055cb50055,0.00,8.2
10:07:38,beautiful_booth,15.99,451.9
10:07:38,ecstatic_elion,29.75,148.2
10:07:38,testcontainers-ryuk-8665e95e-be30-4749-833a-ea055cb50055,0.00,8.2
10:07:43,beautiful_booth,10.64,452.0
10:07:43,ecstatic_elion,28.08,150.6
10:07:43,testcontainers-ryuk-8665e95e-be30-4749-833a-ea055cb50055,0.00,8.2
10:07:48,beautiful_booth,11.72,452.8
10:07:48,ecstatic_elion,30.12,152.5
10:07:48,testcontainers-ryuk-8665e95e-be30-4749-833a-ea055cb50055,0.00,8.2
10:07:53,beautiful_booth,10.73,456.1
10:07:53,ecstatic_elion,29.00,154.8
10:07:53,testcontainers-ryuk-8665e95e-be30-4749-833a-ea055cb50055,0.00,8.2
10:07:59,beautiful_booth,25.93,457.2
10:07:59,ecstatic_elion,31.19,157.1
10:07:59,testcontainers-ryuk-8665e95e-be30-4749-833a-ea055cb50055,0.00,8.2
10:08:04,beautiful_booth,12.01,457.2
10:08:04,ecstatic_elion,30.87,159.8
10:08:04,testcontainers-ryuk-8665e95e-be30-4749-833a-ea055cb50055,0.00,8.2
10:08:09,beautiful_booth,19.40,459.5
10:08:09,ecstatic_elion,50.00,163.1
10:08:09,testcontainers-ryuk-8665e95e-be30-4749-833a-ea055cb50055,0.00,8.2
10:08:14,beautiful_booth,17.20,460.1
10:08:14,ecstatic_elion,54.67,167.0
10:08:14,testcontainers-ryuk-8665e95e-be30-4749-833a-ea055cb50055,0.00,8.2
10:08:19,beautiful_booth,20.14,460.6
10:08:19,ecstatic_elion,55.59,173.8
10:08:19,testcontainers-ryuk-8665e95e-be30-4749-833a-ea055cb50055,0.00,8.2
10:08:24,beautiful_booth,21.07,461.6
10:08:24,ecstatic_elion,76.26,232.3
10:08:24,testcontainers-ryuk-8665e95e-be30-4749-833a-ea055cb50055,0.00,8.2
10:08:29,beautiful_booth,22.02,461.6
10:08:29,ecstatic_elion,49.86,179.0
10:08:29,testcontainers-ryuk-8665e95e-be30-4749-833a-ea055cb50055,0.00,8.2
10:08:34,beautiful_booth,17.15,462.1
10:08:34,ecstatic_elion,52.35,179.2
10:08:34,testcontainers-ryuk-8665e95e-be30-4749-833a-ea055cb50055,0.00,8.2
10:08:39,beautiful_booth,16.13,462.4
10:08:39,ecstatic_elion,50.61,183.5
10:08:39,testcontainers-ryuk-8665e95e-be30-4749-833a-ea055cb50055,0.00,8.2
10:08:45,beautiful_booth,16.46,463.5
10:08:45,ecstatic_elion,50.09,188.3
10:08:45,testcontainers-ryuk-8665e95e-be30-4749-833a-ea055cb50055,0.00,8.2
10:08:50,beautiful_booth,16.87,464.2
10:08:50,ecstatic_elion,51.03,192.1
10:08:50,testcontainers-ryuk-8665e95e-be30-4749-833a-ea055cb50055,0.00,8.2
10:08:55,beautiful_booth,18.01,465.7
10:08:55,ecstatic_elion,48.77,198.6
10:08:55,testcontainers-ryuk-8665e95e-be30-4749-833a-ea055cb50055,0.00,8.2
10:09:00,beautiful_booth,17.91,466.0
10:09:00,ecstatic_elion,53.72,204.3
10:09:00,testcontainers-ryuk-8665e95e-be30-4749-833a-ea055cb50055,0.00,8.2
10:09:05,beautiful_booth,18.06,466.5
10:09:05,ecstatic_elion,53.65,209.9
10:09:05,testcontainers-ryuk-8665e95e-be30-4749-833a-ea055cb50055,0.00,8.2
10:09:10,beautiful_booth,39.57,467.3
10:09:10,ecstatic_elion,80.38,227.5
10:09:10,testcontainers-ryuk-8665e95e-be30-4749-833a-ea055cb50055,0.00,8.2
10:09:15,beautiful_booth,29.80,468.4
10:09:15,ecstatic_elion,81.47,240.5
10:09:15,testcontainers-ryuk-8665e95e-be30-4749-833a-ea055cb50055,0.00,8.2
10:09:20,beautiful_booth,26.58,469.0
10:09:20,ecstatic_elion,80.10,253.4
10:09:20,testcontainers-ryuk-8665e95e-be30-4749-833a-ea055cb50055,0.00,8.2
10:09:26,beautiful_booth,22.08,469.6
10:09:26,ecstatic_elion,106.68,327.9
10:09:26,testcontainers-ryuk-8665e95e-be30-4749-833a-ea055cb50055,0.00,8.2
10:09:31,beautiful_booth,23.32,470.3
10:09:31,ecstatic_elion,83.05,263.2
10:09:31,testcontainers-ryuk-8665e95e-be30-4749-833a-ea055cb50055,0.00,8.2
10:09:36,beautiful_booth,16.60,471.1
10:09:36,ecstatic_elion,68.00,264.5
10:09:36,testcontainers-ryuk-8665e95e-be30-4749-833a-ea055cb50055,0.00,8.2
10:09:41,beautiful_booth,14.15,471.1
10:09:41,ecstatic_elion,79.87,272.9
10:09:41,testcontainers-ryuk-8665e95e-be30-4749-833a-ea055cb50055,0.00,8.2
10:09:46,beautiful_booth,14.77,472.0
10:09:46,ecstatic_elion,58.29,276.3
10:09:46,testcontainers-ryuk-8665e95e-be30-4749-833a-ea055cb50055,0.00,8.2
10:09:52,beautiful_booth,18.69,472.2
10:09:52,ecstatic_elion,66.42,277.1
10:09:52,testcontainers-ryuk-8665e95e-be30-4749-833a-ea055cb50055,0.00,8.2
10:09:57,beautiful_booth,26.00,472.8
10:09:57,ecstatic_elion,82.06,277.4
10:09:57,testcontainers-ryuk-8665e95e-be30-4749-833a-ea055cb50055,0.00,8.2
10:10:02,beautiful_booth,25.21,473.5
10:10:02,ecstatic_elion,81.54,278.4
10:10:02,testcontainers-ryuk-8665e95e-be30-4749-833a-ea055cb50055,0.00,8.2
10:10:07,beautiful_booth,25.47,474.1
10:10:07,ecstatic_elion,80.71,279.0
10:10:07,testcontainers-ryuk-8665e95e-be30-4749-833a-ea055cb50055,0.00,8.2
10:10:12,beautiful_booth,18.69,474.6
10:10:12,ecstatic_elion,98.39,280.8
10:10:12,testcontainers-ryuk-8665e95e-be30-4749-833a-ea055cb50055,0.00,8.2
10:10:17,beautiful_booth,21.54,475.3
10:10:17,ecstatic_elion,88.03,281.8
10:10:17,testcontainers-ryuk-8665e95e-be30-4749-833a-ea055cb50055,0.00,8.2
10:10:23,beautiful_booth,23.44,476.0
10:10:23,ecstatic_elion,88.78,282.8
10:10:23,testcontainers-ryuk-8665e95e-be30-4749-833a-ea055cb50055,0.00,8.2
10:10:28,beautiful_booth,24.14,476.6
10:10:28,ecstatic_elion,94.03,286.9
10:10:28,testcontainers-ryuk-8665e95e-be30-4749-833a-ea055cb50055,0.00,8.2
10:10:33,beautiful_booth,24.35,477.0
10:10:33,ecstatic_elion,94.85,287.3
10:10:33,testcontainers-ryuk-8665e95e-be30-4749-833a-ea055cb50055,0.00,8.2
10:10:38,beautiful_booth,14.46,477.5
10:10:38,ecstatic_elion,114.52,352.5
10:10:38,testcontainers-ryuk-8665e95e-be30-4749-833a-ea055cb50055,0.00,8.2
10:10:43,beautiful_booth,20.76,478.3
10:10:43,ecstatic_elion,97.19,288.2
10:10:43,testcontainers-ryuk-8665e95e-be30-4749-833a-ea055cb50055,0.00,8.2
10:10:49,beautiful_booth,23.52,478.5
10:10:49,ecstatic_elion,94.16,288.5
10:10:49,testcontainers-ryuk-8665e95e-be30-4749-833a-ea055cb50055,0.00,8.2
10:10:54,beautiful_booth,19.65,478.8
10:10:54,ecstatic_elion,91.94,290.1
10:10:54,testcontainers-ryuk-8665e95e-be30-4749-833a-ea055cb50055,0.00,8.2
10:10:59,beautiful_booth,17.76,479.2
10:10:59,ecstatic_elion,96.65,291.5
10:10:59,testcontainers-ryuk-8665e95e-be30-4749-833a-ea055cb50055,0.00,8.2
10:11:04,beautiful_booth,23.30,479.9
10:11:04,ecstatic_elion,96.13,292.8
10:11:04,testcontainers-ryuk-8665e95e-be30-4749-833a-ea055cb50055,0.00,8.2
10:11:09,beautiful_booth,20.55,480.7
10:11:09,ecstatic_elion,93.02,293.3
10:11:09,testcontainers-ryuk-8665e95e-be30-4749-833a-ea055cb50055,0.00,8.2
10:11:15,beautiful_booth,20.55,481.6
10:11:15,ecstatic_elion,76.92,295.0
10:11:15,testcontainers-ryuk-8665e95e-be30-4749-833a-ea055cb50055,0.00,8.2
10:11:20,beautiful_booth,29.61,484.0
10:11:20,ecstatic_elion,88.29,295.7
10:11:20,testcontainers-ryuk-8665e95e-be30-4749-833a-ea055cb50055,0.00,8.2
10:11:25,beautiful_booth,23.54,480.2
10:11:25,ecstatic_elion,95.60,299.1
10:11:25,testcontainers-ryuk-8665e95e-be30-4749-833a-ea055cb50055,0.00,8.2
10:11:31,beautiful_booth,21.80,482.4
10:11:31,ecstatic_elion,99.88,301.2
10:11:31,testcontainers-ryuk-8665e95e-be30-4749-833a-ea055cb50055,0.00,8.2
10:11:36,beautiful_booth,20.14,482.9
10:11:36,ecstatic_elion,99.55,303.9
10:11:36,testcontainers-ryuk-8665e95e-be30-4749-833a-ea055cb50055,0.00,8.2
10:11:41,beautiful_booth,20.44,483.4
10:11:41,ecstatic_elion,94.95,306.4
10:11:41,testcontainers-ryuk-8665e95e-be30-4749-833a-ea055cb50055,0.00,8.2
10:11:46,beautiful_booth,20.49,483.7
10:11:46,ecstatic_elion,97.83,307.4
10:11:46,testcontainers-ryuk-8665e95e-be30-4749-833a-ea055cb50055,0.00,8.2
10:11:51,beautiful_booth,20.77,484.3
10:11:51,ecstatic_elion,103.20,307.3
10:11:51,testcontainers-ryuk-8665e95e-be30-4749-833a-ea055cb50055,0.00,8.2
10:11:57,beautiful_booth,20.52,484.7
10:11:57,ecstatic_elion,98.64,308.5
10:11:57,testcontainers-ryuk-8665e95e-be30-4749-833a-ea055cb50055,0.00,8.2
10:12:02,beautiful_booth,19.33,485.2
10:12:02,ecstatic_elion,97.83,308.8
10:12:02,testcontainers-ryuk-8665e95e-be30-4749-833a-ea055cb50055,0.00,8.2
10:12:07,beautiful_booth,20.35,485.7
10:12:07,ecstatic_elion,96.99,309.3
10:12:07,testcontainers-ryuk-8665e95e-be30-4749-833a-ea055cb50055,0.00,8.2
10:12:12,beautiful_booth,19.82,486.4
10:12:12,ecstatic_elion,96.28,309.1
10:12:12,testcontainers-ryuk-8665e95e-be30-4749-833a-ea055cb50055,0.00,8.2
10:12:17,beautiful_booth,21.16,486.9
10:12:17,ecstatic_elion,98.14,309.4
10:12:17,testcontainers-ryuk-8665e95e-be30-4749-833a-ea055cb50055,0.00,8.2
10:12:23,beautiful_booth,21.22,487.2
10:12:23,ecstatic_elion,98.72,309.7
10:12:23,testcontainers-ryuk-8665e95e-be30-4749-833a-ea055cb50055,0.00,8.2
10:12:28,beautiful_booth,16.84,487.8
10:12:28,ecstatic_elion,88.36,312.2
10:12:28,testcontainers-ryuk-8665e95e-be30-4749-833a-ea055cb50055,0.00,8.2
10:12:33,beautiful_booth,17.78,490.3
10:12:33,ecstatic_elion,18.30,295.6
10:12:33,testcontainers-ryuk-8665e95e-be30-4749-833a-ea055cb50055,0.00,8.2
10:12:38,beautiful_booth,27.36,495.3
10:12:38,ecstatic_elion,16.30,295.3
10:12:38,testcontainers-ryuk-8665e95e-be30-4749-833a-ea055cb50055,0.00,8.2
10:12:43,beautiful_booth,8.00,491.0
10:12:43,ecstatic_elion,15.96,295.6
10:12:43,testcontainers-ryuk-8665e95e-be30-4749-833a-ea055cb50055,0.00,8.2
10:12:48,beautiful_booth,7.24,491.1
10:12:48,ecstatic_elion,15.94,295.6
10:12:48,testcontainers-ryuk-8665e95e-be30-4749-833a-ea055cb50055,0.00,8.2
10:12:53,beautiful_booth,6.79,491.3
10:12:53,ecstatic_elion,15.96,295.4
10:12:53,testcontainers-ryuk-8665e95e-be30-4749-833a-ea055cb50055,0.00,8.2
10:12:58,beautiful_booth,6.69,491.4
10:12:58,ecstatic_elion,15.69,295.6
10:12:58,testcontainers-ryuk-8665e95e-be30-4749-833a-ea055cb50055,0.00,8.2
10:13:03,beautiful_booth,40.08,491.6
10:13:03,ecstatic_elion,27.25,295.5
10:13:03,testcontainers-ryuk-8665e95e-be30-4749-833a-ea055cb50055,0.00,8.2
10:13:08,beautiful_booth,10.40,491.8
10:13:08,ecstatic_elion,27.52,296.0
10:13:08,testcontainers-ryuk-8665e95e-be30-4749-833a-ea055cb50055,0.00,8.2
10:13:14,beautiful_booth,13.78,491.9
10:13:14,ecstatic_elion,27.78,295.9
10:13:14,testcontainers-ryuk-8665e95e-be30-4749-833a-ea055cb50055,0.00,8.2
10:13:19,beautiful_booth,12.82,492.1
10:13:19,ecstatic_elion,26.95,295.9
10:13:19,testcontainers-ryuk-8665e95e-be30-4749-833a-ea055cb50055,0.00,8.2
10:13:24,beautiful_booth,10.96,492.1
10:13:24,ecstatic_elion,38.87,296.2
10:13:24,testcontainers-ryuk-8665e95e-be30-4749-833a-ea055cb50055,0.00,8.2
10:13:29,beautiful_booth,10.45,492.2
10:13:29,ecstatic_elion,48.19,296.4
10:13:29,testcontainers-ryuk-8665e95e-be30-4749-833a-ea055cb50055,0.00,8.2
10:13:34,beautiful_booth,14.89,492.5
10:13:34,ecstatic_elion,79.42,296.6
10:13:34,testcontainers-ryuk-8665e95e-be30-4749-833a-ea055cb50055,0.00,8.2
10:13:39,beautiful_booth,19.18,492.8
10:13:39,ecstatic_elion,82.56,297.1
10:13:39,testcontainers-ryuk-8665e95e-be30-4749-833a-ea055cb50055,0.00,8.2
10:13:44,beautiful_booth,16.28,493.1
10:13:44,ecstatic_elion,82.10,297.2
10:13:44,testcontainers-ryuk-8665e95e-be30-4749-833a-ea055cb50055,0.00,8.2
10:13:49,beautiful_booth,17.30,493.4
10:13:49,ecstatic_elion,83.01,297.2
10:13:49,testcontainers-ryuk-8665e95e-be30-4749-833a-ea055cb50055,0.00,8.2
10:13:55,beautiful_booth,17.87,493.8
10:13:55,ecstatic_elion,78.64,297.7
10:13:55,testcontainers-ryuk-8665e95e-be30-4749-833a-ea055cb50055,0.00,8.2
10:14:00,beautiful_booth,14.94,493.8
10:14:00,ecstatic_elion,81.37,297.5
10:14:00,testcontainers-ryuk-8665e95e-be30-4749-833a-ea055cb50055,0.00,8.2
10:14:05,beautiful_booth,22.94,494.4
10:14:05,ecstatic_elion,97.03,297.8
10:14:05,testcontainers-ryuk-8665e95e-be30-4749-833a-ea055cb50055,0.00,8.2
10:14:10,beautiful_booth,32.74,495.0
10:14:10,ecstatic_elion,93.29,297.9
10:14:10,testcontainers-ryuk-8665e95e-be30-4749-833a-ea055cb50055,0.00,8.2
10:14:15,beautiful_booth,24.36,496.1
10:14:15,ecstatic_elion,99.04,298.6
10:14:15,testcontainers-ryuk-8665e95e-be30-4749-833a-ea055cb50055,0.00,8.2
10:14:20,beautiful_booth,32.83,496.3
10:14:20,ecstatic_elion,99.60,298.8
10:14:20,testcontainers-ryuk-8665e95e-be30-4749-833a-ea055cb50055,0.00,8.2
10:14:25,beautiful_booth,24.19,497.2
10:14:25,ecstatic_elion,99.81,360.1
10:14:25,testcontainers-ryuk-8665e95e-be30-4749-833a-ea055cb50055,0.00,8.2
10:14:30,beautiful_booth,18.91,497.8
10:14:30,ecstatic_elion,107.98,300.0
10:14:30,testcontainers-ryuk-8665e95e-be30-4749-833a-ea055cb50055,0.00,8.2
10:14:35,beautiful_booth,15.30,498.2
10:14:35,ecstatic_elion,110.56,300.2
10:14:35,testcontainers-ryuk-8665e95e-be30-4749-833a-ea055cb50055,0.00,8.2
10:14:41,beautiful_booth,14.90,498.6
10:14:41,ecstatic_elion,109.41,300.6
10:14:41,testcontainers-ryuk-8665e95e-be30-4749-833a-ea055cb50055,0.00,8.2
10:14:46,beautiful_booth,14.87,499.2
10:14:46,ecstatic_elion,106.28,301.6
10:14:46,testcontainers-ryuk-8665e95e-be30-4749-833a-ea055cb50055,0.00,8.2
10:14:51,beautiful_booth,17.41,499.6
10:14:51,ecstatic_elion,111.33,301.9
10:14:51,testcontainers-ryuk-8665e95e-be30-4749-833a-ea055cb50055,0.00,8.2
10:14:57,beautiful_booth,14.98,500.1
10:14:57,ecstatic_elion,110.66,302.9
10:14:57,testcontainers-ryuk-8665e95e-be30-4749-833a-ea055cb50055,0.00,8.2
10:15:02,beautiful_booth,12.45,500.5
10:15:02,ecstatic_elion,119.01,303.6
10:15:02,testcontainers-ryuk-8665e95e-be30-4749-833a-ea055cb50055,0.00,8.2
10:15:07,beautiful_booth,16.39,500.9
10:15:07,ecstatic_elion,122.06,303.3
10:15:07,testcontainers-ryuk-8665e95e-be30-4749-833a-ea055cb50055,0.00,8.2
10:15:12,beautiful_booth,15.06,501.6
10:15:12,ecstatic_elion,112.61,304.3
10:15:12,testcontainers-ryuk-8665e95e-be30-4749-833a-ea055cb50055,0.00,8.2
10:15:18,beautiful_booth,17.58,501.9
10:15:18,ecstatic_elion,113.33,305.5
10:15:18,testcontainers-ryuk-8665e95e-be30-4749-833a-ea055cb50055,0.00,8.2
10:15:23,beautiful_booth,20.53,502.3
10:15:23,ecstatic_elion,112.72,305.2
10:15:23,testcontainers-ryuk-8665e95e-be30-4749-833a-ea055cb50055,0.00,8.2
10:15:28,beautiful_booth,16.53,502.4
10:15:28,ecstatic_elion,111.87,307.5
10:15:28,testcontainers-ryuk-8665e95e-be30-4749-833a-ea055cb50055,0.00,8.2
10:15:33,beautiful_booth,18.17,502.8
10:15:33,ecstatic_elion,112.04,308.4
10:15:33,testcontainers-ryuk-8665e95e-be30-4749-833a-ea055cb50055,0.00,8.2
10:15:38,beautiful_booth,17.21,503.2
10:15:38,ecstatic_elion,91.59,367.0
10:15:38,testcontainers-ryuk-8665e95e-be30-4749-833a-ea055cb50055,0.00,8.2
10:15:42,beautiful_booth,21.56,503.4
10:15:42,ecstatic_elion,88.38,305.0
10:15:42,testcontainers-ryuk-8665e95e-be30-4749-833a-ea055cb50055,0.00,8.2
10:15:47,beautiful_booth,21.46,503.6
10:15:47,ecstatic_elion,83.57,305.0
10:15:47,testcontainers-ryuk-8665e95e-be30-4749-833a-ea055cb50055,0.00,8.2
10:15:53,beautiful_booth,19.33,504.3
10:15:53,ecstatic_elion,76.88,304.9
10:15:53,testcontainers-ryuk-8665e95e-be30-4749-833a-ea055cb50055,0.00,8.2
10:15:58,beautiful_booth,22.45,504.7
10:15:58,ecstatic_elion,81.56,305.3
10:15:58,testcontainers-ryuk-8665e95e-be30-4749-833a-ea055cb50055,0.00,8.2
10:16:03,beautiful_booth,21.03,504.8
10:16:03,ecstatic_elion,72.49,305.4
10:16:03,testcontainers-ryuk-8665e95e-be30-4749-833a-ea055cb50055,0.00,8.2
10:16:08,beautiful_booth,20.84,505.7
10:16:08,ecstatic_elion,62.64,305.5
10:16:08,testcontainers-ryuk-8665e95e-be30-4749-833a-ea055cb50055,0.00,8.2
10:16:13,beautiful_booth,22.64,505.9
10:16:13,ecstatic_elion,66.23,305.3
10:16:13,testcontainers-ryuk-8665e95e-be30-4749-833a-ea055cb50055,0.00,8.2
10:16:18,beautiful_booth,22.23,506.3
10:16:18,ecstatic_elion,63.79,305.3
10:16:18,testcontainers-ryuk-8665e95e-be30-4749-833a-ea055cb50055,0.00,8.2
10:16:24,beautiful_booth,20.37,506.9
10:16:24,ecstatic_elion,66.71,305.5
10:16:24,testcontainers-ryuk-8665e95e-be30-4749-833a-ea055cb50055,0.00,8.2
10:16:29,beautiful_booth,20.17,507.1
10:16:29,ecstatic_elion,109.12,367.0
10:16:29,testcontainers-ryuk-8665e95e-be30-4749-833a-ea055cb50055,0.00,8.2
10:16:34,beautiful_booth,21.62,507.6
10:16:34,ecstatic_elion,70.64,305.3
10:16:34,testcontainers-ryuk-8665e95e-be30-4749-833a-ea055cb50055,0.00,8.2
10:16:39,beautiful_booth,22.67,507.9
10:16:39,ecstatic_elion,71.91,305.2
10:16:39,testcontainers-ryuk-8665e95e-be30-4749-833a-ea055cb50055,0.00,8.2
10:16:43,beautiful_booth,22.38,508.2
10:16:43,ecstatic_elion,64.11,305.1
10:16:43,testcontainers-ryuk-8665e95e-be30-4749-833a-ea055cb50055,0.00,8.2
10:16:48,beautiful_booth,20.07,508.7
10:16:48,ecstatic_elion,66.30,305.5
10:16:48,testcontainers-ryuk-8665e95e-be30-4749-833a-ea055cb50055,0.00,8.2
10:16:53,beautiful_booth,20.81,509.1
10:16:53,ecstatic_elion,80.00,305.4
10:16:53,testcontainers-ryuk-8665e95e-be30-4749-833a-ea055cb50055,0.00,8.2
10:16:59,beautiful_booth,19.13,509.3
10:16:59,ecstatic_elion,84.37,305.4
10:16:59,testcontainers-ryuk-8665e95e-be30-4749-833a-ea055cb50055,0.00,8.2
10:17:04,beautiful_booth,19.34,509.6
10:17:04,ecstatic_elion,91.04,305.5
10:17:04,testcontainers-ryuk-8665e95e-be30-4749-833a-ea055cb50055,0.00,8.2
10:17:09,beautiful_booth,19.81,510.0
10:17:09,ecstatic_elion,85.69,305.4
10:17:09,testcontainers-ryuk-8665e95e-be30-4749-833a-ea055cb50055,0.00,8.2
10:17:14,beautiful_booth,23.20,510.5
10:17:14,ecstatic_elion,80.89,305.3
10:17:14,testcontainers-ryuk-8665e95e-be30-4749-833a-ea055cb50055,0.00,8.2
10:17:19,beautiful_booth,19.61,510.9
10:17:19,ecstatic_elion,77.89,305.4
10:17:19,testcontainers-ryuk-8665e95e-be30-4749-833a-ea055cb50055,0.00,8.2
10:17:24,beautiful_booth,20.42,511.2
10:17:24,ecstatic_elion,76.29,307.3
10:17:24,testcontainers-ryuk-8665e95e-be30-4749-833a-ea055cb50055,0.00,8.2
10:17:30,beautiful_booth,23.65,512.9
10:17:30,ecstatic_elion,75.54,307.6
10:17:30,testcontainers-ryuk-8665e95e-be30-4749-833a-ea055cb50055,0.00,8.2
10:17:35,beautiful_booth,19.94,513.0
10:17:35,ecstatic_elion,132.05,367.1
10:17:35,testcontainers-ryuk-8665e95e-be30-4749-833a-ea055cb50055,0.00,8.2
10:17:40,beautiful_booth,19.84,513.4
10:17:40,ecstatic_elion,129.91,307.0
10:17:40,testcontainers-ryuk-8665e95e-be30-4749-833a-ea055cb50055,0.00,8.2
10:17:45,beautiful_booth,18.54,513.7
10:17:45,ecstatic_elion,117.16,307.3
10:17:45,testcontainers-ryuk-8665e95e-be30-4749-833a-ea055cb50055,0.00,8.2
10:17:50,beautiful_booth,16.35,514.1
10:17:50,ecstatic_elion,117.39,307.3
10:17:50,testcontainers-ryuk-8665e95e-be30-4749-833a-ea055cb50055,0.00,8.2
10:17:55,beautiful_booth,19.44,514.3
10:17:55,ecstatic_elion,118.88,306.9
10:17:55,testcontainers-ryuk-8665e95e-be30-4749-833a-ea055cb50055,0.00,8.2
10:18:01,beautiful_booth,21.85,514.6
10:18:01,ecstatic_elion,104.62,306.7
10:18:01,testcontainers-ryuk-8665e95e-be30-4749-833a-ea055cb50055,0.00,8.2
10:18:06,beautiful_booth,18.19,515.1
10:18:06,ecstatic_elion,117.08,307.0
10:18:06,testcontainers-ryuk-8665e95e-be30-4749-833a-ea055cb50055,0.00,8.2
10:18:11,beautiful_booth,20.51,515.6
10:18:11,ecstatic_elion,115.19,307.6
10:18:11,testcontainers-ryuk-8665e95e-be30-4749-833a-ea055cb50055,0.00,8.2
10:18:16,beautiful_booth,21.83,515.9
10:18:16,ecstatic_elion,116.37,307.3
10:18:16,testcontainers-ryuk-8665e95e-be30-4749-833a-ea055cb50055,0.00,8.2
10:18:21,beautiful_booth,19.66,516.2
10:18:21,ecstatic_elion,115.81,308.2
10:18:21,testcontainers-ryuk-8665e95e-be30-4749-833a-ea055cb50055,0.00,8.2
10:18:26,beautiful_booth,19.34,516.5
10:18:26,ecstatic_elion,123.75,310.1
10:18:26,testcontainers-ryuk-8665e95e-be30-4749-833a-ea055cb50055,0.00,8.2
10:18:31,beautiful_booth,19.37,516.8
10:18:31,ecstatic_elion,118.10,311.1
10:18:31,testcontainers-ryuk-8665e95e-be30-4749-833a-ea055cb50055,0.00,8.2
10:18:37,beautiful_booth,19.31,517.2
10:18:37,ecstatic_elion,109.48,369.4
10:18:37,testcontainers-ryuk-8665e95e-be30-4749-833a-ea055cb50055,0.00,8.2
10:18:42,beautiful_booth,19.21,517.4
10:18:42,ecstatic_elion,81.49,308.2
10:18:42,testcontainers-ryuk-8665e95e-be30-4749-833a-ea055cb50055,0.00,8.2
10:18:47,beautiful_booth,20.31,518.0
10:18:47,ecstatic_elion,85.13,308.2
10:18:47,testcontainers-ryuk-8665e95e-be30-4749-833a-ea055cb50055,0.00,8.2
10:18:52,beautiful_booth,21.81,518.3
10:18:52,ecstatic_elion,76.83,307.6
10:18:52,testcontainers-ryuk-8665e95e-be30-4749-833a-ea055cb50055,0.00,8.2
10:18:57,beautiful_booth,26.70,518.8
10:18:57,ecstatic_elion,74.85,308.1
10:18:57,testcontainers-ryuk-8665e95e-be30-4749-833a-ea055cb50055,0.00,8.2
10:19:02,beautiful_booth,22.61,519.0
10:19:02,ecstatic_elion,80.49,307.9
10:19:02,testcontainers-ryuk-8665e95e-be30-4749-833a-ea055cb50055,0.00,8.2
10:19:07,beautiful_booth,19.79,519.6
10:19:07,ecstatic_elion,76.42,308.1
10:19:07,testcontainers-ryuk-8665e95e-be30-4749-833a-ea055cb50055,0.00,8.2
10:19:13,beautiful_booth,19.08,519.8
10:19:13,ecstatic_elion,73.42,308.2
10:19:13,testcontainers-ryuk-8665e95e-be30-4749-833a-ea055cb50055,0.00,8.2
10:19:18,beautiful_booth,24.09,520.3
10:19:18,ecstatic_elion,73.04,308.5
10:19:18,testcontainers-ryuk-8665e95e-be30-4749-833a-ea055cb50055,0.00,8.2
10:19:23,beautiful_booth,21.05,520.7
10:19:23,ecstatic_elion,75.53,308.7
10:19:23,testcontainers-ryuk-8665e95e-be30-4749-833a-ea055cb50055,0.00,8.2
10:19:28,beautiful_booth,19.49,521.2
10:19:28,ecstatic_elion,90.12,311.0
10:19:28,testcontainers-ryuk-8665e95e-be30-4749-833a-ea055cb50055,0.00,8.2
10:19:33,beautiful_booth,19.27,521.4
10:19:33,ecstatic_elion,103.56,370.5
10:19:33,testcontainers-ryuk-8665e95e-be30-4749-833a-ea055cb50055,0.00,8.2
10:19:38,beautiful_booth,21.01,521.9
10:19:38,ecstatic_elion,89.45,308.7
10:19:38,testcontainers-ryuk-8665e95e-be30-4749-833a-ea055cb50055,0.00,8.2
10:19:43,beautiful_booth,22.89,522.1
10:19:43,ecstatic_elion,81.52,308.8
10:19:43,testcontainers-ryuk-8665e95e-be30-4749-833a-ea055cb50055,0.00,8.2
10:19:49,beautiful_booth,22.92,522.5
10:19:49,ecstatic_elion,81.47,309.0
10:19:49,testcontainers-ryuk-8665e95e-be30-4749-833a-ea055cb50055,0.00,8.2
10:19:54,testcontainers-ryuk-8665e95e-be30-4749-833a-ea055cb50055,0.00,8.2
10:19:58,testcontainers-ryuk-8665e95e-be30-4749-833a-ea055cb50055,0.00,8.2
10:19:58,testcontainers-ryuk-b7a5b1f5-ada6-4d36-916b-9db936ee4e2b,0.04,2.3
10:19:58,gifted_yonath,14.80,21.3
10:19:58,agitated_hertz,100.18,39.5
10:20:05,agitated_hertz,182.61,122.7
10:20:05,gifted_yonath,0.03,21.3
10:20:05,testcontainers-ryuk-b7a5b1f5-ada6-4d36-916b-9db936ee4e2b,0.00,2.3
10:20:10,agitated_hertz,68.23,359.9
10:20:10,gifted_yonath,24.53,77.7
10:20:10,testcontainers-ryuk-b7a5b1f5-ada6-4d36-916b-9db936ee4e2b,0.00,2.3
10:20:15,agitated_hertz,59.14,372.9
10:20:15,gifted_yonath,26.68,79.5
10:20:15,testcontainers-ryuk-b7a5b1f5-ada6-4d36-916b-9db936ee4e2b,0.00,2.3
10:20:21,agitated_hertz,17.12,375.0
10:20:21,gifted_yonath,31.20,80.8
10:20:21,testcontainers-ryuk-b7a5b1f5-ada6-4d36-916b-9db936ee4e2b,0.00,2.3
10:20:26,agitated_hertz,18.84,386.0
10:20:26,gifted_yonath,38.26,82.0
10:20:26,testcontainers-ryuk-b7a5b1f5-ada6-4d36-916b-9db936ee4e2b,0.00,2.3
10:20:31,agitated_hertz,20.85,387.7
10:20:31,gifted_yonath,47.97,85.3
10:20:31,testcontainers-ryuk-b7a5b1f5-ada6-4d36-916b-9db936ee4e2b,0.00,2.6
10:20:36,agitated_hertz,45.53,397.7
10:20:36,gifted_yonath,41.20,86.7
10:20:36,testcontainers-ryuk-b7a5b1f5-ada6-4d36-916b-9db936ee4e2b,0.00,2.6
10:20:41,agitated_hertz,13.04,391.4
10:20:41,gifted_yonath,43.74,87.8
10:20:41,testcontainers-ryuk-b7a5b1f5-ada6-4d36-916b-9db936ee4e2b,0.00,2.6
10:20:46,agitated_hertz,16.26,391.6
10:20:46,gifted_yonath,44.74,89.0
10:20:46,testcontainers-ryuk-b7a5b1f5-ada6-4d36-916b-9db936ee4e2b,0.00,2.3
10:20:51,agitated_hertz,11.98,387.7
10:20:51,gifted_yonath,42.25,91.7
10:20:51,testcontainers-ryuk-b7a5b1f5-ada6-4d36-916b-9db936ee4e2b,0.00,2.3
10:20:56,agitated_hertz,16.30,389.0
10:20:56,gifted_yonath,46.31,93.1
10:20:56,testcontainers-ryuk-b7a5b1f5-ada6-4d36-916b-9db936ee4e2b,0.00,2.3
10:21:01,agitated_hertz,12.56,389.3
10:21:01,gifted_yonath,48.94,94.1
10:21:01,testcontainers-ryuk-b7a5b1f5-ada6-4d36-916b-9db936ee4e2b,0.00,2.3
10:21:06,agitated_hertz,26.57,390.3
10:21:06,gifted_yonath,51.33,95.3
10:21:06,testcontainers-ryuk-b7a5b1f5-ada6-4d36-916b-9db936ee4e2b,0.00,2.3
10:21:12,agitated_hertz,17.95,390.6
10:21:12,gifted_yonath,77.60,100.2
10:21:12,testcontainers-ryuk-b7a5b1f5-ada6-4d36-916b-9db936ee4e2b,0.00,2.3
10:21:17,agitated_hertz,46.43,408.1
10:21:17,gifted_yonath,47.65,108.4
10:21:17,testcontainers-ryuk-b7a5b1f5-ada6-4d36-916b-9db936ee4e2b,0.00,2.3
10:21:22,agitated_hertz,24.67,401.3
10:21:22,gifted_yonath,32.64,111.1
10:21:22,testcontainers-ryuk-b7a5b1f5-ada6-4d36-916b-9db936ee4e2b,0.00,2.3
10:21:27,agitated_hertz,12.64,401.7
10:21:27,gifted_yonath,34.59,112.7
10:21:27,testcontainers-ryuk-b7a5b1f5-ada6-4d36-916b-9db936ee4e2b,0.00,2.3
10:21:32,agitated_hertz,15.88,402.5
10:21:32,gifted_yonath,54.44,114.4
10:21:32,testcontainers-ryuk-b7a5b1f5-ada6-4d36-916b-9db936ee4e2b,0.00,2.3
10:21:37,agitated_hertz,11.80,403.5
10:21:37,gifted_yonath,84.57,115.5
10:21:37,testcontainers-ryuk-b7a5b1f5-ada6-4d36-916b-9db936ee4e2b,0.00,2.3
10:21:42,agitated_hertz,10.91,403.7
10:21:42,gifted_yonath,109.54,117.6
10:21:42,testcontainers-ryuk-b7a5b1f5-ada6-4d36-916b-9db936ee4e2b,0.00,2.3
10:21:47,agitated_hertz,11.14,404.6
10:21:47,gifted_yonath,125.47,120.3
10:21:47,testcontainers-ryuk-b7a5b1f5-ada6-4d36-916b-9db936ee4e2b,0.00,2.3
10:21:52,agitated_hertz,11.43,404.8
10:21:52,gifted_yonath,136.48,123.3
10:21:52,testcontainers-ryuk-b7a5b1f5-ada6-4d36-916b-9db936ee4e2b,0.00,2.3
10:21:58,agitated_hertz,12.17,405.4
10:21:58,gifted_yonath,146.54,126.5
10:21:58,testcontainers-ryuk-b7a5b1f5-ada6-4d36-916b-9db936ee4e2b,0.00,2.3
10:22:03,agitated_hertz,10.67,406.0
10:22:03,gifted_yonath,131.97,128.6
10:22:03,testcontainers-ryuk-b7a5b1f5-ada6-4d36-916b-9db936ee4e2b,0.00,2.3
10:22:08,agitated_hertz,10.47,406.9
10:22:08,gifted_yonath,147.42,132.8
10:22:08,testcontainers-ryuk-b7a5b1f5-ada6-4d36-916b-9db936ee4e2b,0.00,2.3
10:22:13,agitated_hertz,15.91,407.3
10:22:13,gifted_yonath,138.14,146.4
10:22:13,testcontainers-ryuk-b7a5b1f5-ada6-4d36-916b-9db936ee4e2b,0.00,2.3
10:22:18,agitated_hertz,19.00,407.9
10:22:18,gifted_yonath,129.82,154.9
10:22:18,testcontainers-ryuk-b7a5b1f5-ada6-4d36-916b-9db936ee4e2b,0.00,2.3
10:22:23,agitated_hertz,15.07,408.4
10:22:23,gifted_yonath,133.03,163.4
10:22:23,testcontainers-ryuk-b7a5b1f5-ada6-4d36-916b-9db936ee4e2b,0.00,2.3
10:22:28,agitated_hertz,20.55,409.1
10:22:28,gifted_yonath,87.88,165.9
10:22:28,testcontainers-ryuk-b7a5b1f5-ada6-4d36-916b-9db936ee4e2b,0.00,2.3
10:22:33,agitated_hertz,20.23,409.3
10:22:33,gifted_yonath,58.21,166.1
10:22:33,testcontainers-ryuk-b7a5b1f5-ada6-4d36-916b-9db936ee4e2b,0.00,2.3
10:22:39,agitated_hertz,16.24,409.6
10:22:39,gifted_yonath,57.20,166.6
10:22:39,testcontainers-ryuk-b7a5b1f5-ada6-4d36-916b-9db936ee4e2b,0.00,2.3
10:22:44,agitated_hertz,17.18,410.3
10:22:44,gifted_yonath,54.68,166.7
10:22:44,testcontainers-ryuk-b7a5b1f5-ada6-4d36-916b-9db936ee4e2b,0.00,2.3
10:22:49,agitated_hertz,19.26,411.1
10:22:49,gifted_yonath,68.63,167.4
10:22:49,testcontainers-ryuk-b7a5b1f5-ada6-4d36-916b-9db936ee4e2b,0.00,2.3
10:22:54,agitated_hertz,15.33,411.8
10:22:54,gifted_yonath,55.54,170.7
10:22:54,testcontainers-ryuk-b7a5b1f5-ada6-4d36-916b-9db936ee4e2b,0.00,2.3
10:22:59,agitated_hertz,14.63,412.3
10:22:59,gifted_yonath,66.31,174.7
10:22:59,testcontainers-ryuk-b7a5b1f5-ada6-4d36-916b-9db936ee4e2b,0.00,2.3
10:23:04,agitated_hertz,21.54,413.0
10:23:04,gifted_yonath,70.61,181.3
10:23:04,testcontainers-ryuk-b7a5b1f5-ada6-4d36-916b-9db936ee4e2b,0.00,2.3
10:23:09,agitated_hertz,16.77,413.2
10:23:09,gifted_yonath,65.28,185.4
10:23:09,testcontainers-ryuk-b7a5b1f5-ada6-4d36-916b-9db936ee4e2b,0.00,2.3
10:23:14,agitated_hertz,30.59,415.4
10:23:14,gifted_yonath,95.71,200.8
10:23:14,testcontainers-ryuk-b7a5b1f5-ada6-4d36-916b-9db936ee4e2b,0.00,2.3
10:23:20,agitated_hertz,22.21,416.0
10:23:20,gifted_yonath,84.29,215.2
10:23:20,testcontainers-ryuk-b7a5b1f5-ada6-4d36-916b-9db936ee4e2b,0.00,2.3
10:23:25,agitated_hertz,24.08,416.7
10:23:25,gifted_yonath,98.98,225.3
10:23:25,testcontainers-ryuk-b7a5b1f5-ada6-4d36-916b-9db936ee4e2b,0.00,2.3
10:23:29,agitated_hertz,23.06,417.2
10:23:29,gifted_yonath,100.79,240.0
10:23:29,testcontainers-ryuk-b7a5b1f5-ada6-4d36-916b-9db936ee4e2b,0.00,2.3
10:23:34,agitated_hertz,21.57,417.9
10:23:34,gifted_yonath,91.13,239.8
10:23:34,testcontainers-ryuk-b7a5b1f5-ada6-4d36-916b-9db936ee4e2b,0.00,2.3
10:23:39,agitated_hertz,23.48,418.5
10:23:39,gifted_yonath,95.33,241.6
10:23:39,testcontainers-ryuk-b7a5b1f5-ada6-4d36-916b-9db936ee4e2b,0.00,2.3
10:23:44,agitated_hertz,22.21,419.1
10:23:44,gifted_yonath,94.27,242.2
10:23:44,testcontainers-ryuk-b7a5b1f5-ada6-4d36-916b-9db936ee4e2b,0.00,2.3
10:23:49,agitated_hertz,21.62,419.8
10:23:49,gifted_yonath,87.62,243.3
10:23:49,testcontainers-ryuk-b7a5b1f5-ada6-4d36-916b-9db936ee4e2b,0.00,2.3
10:23:55,agitated_hertz,24.06,420.4
10:23:55,gifted_yonath,96.01,244.1
10:23:55,testcontainers-ryuk-b7a5b1f5-ada6-4d36-916b-9db936ee4e2b,0.00,2.3
10:24:00,agitated_hertz,25.09,420.9
10:24:00,gifted_yonath,88.69,245.1
10:24:00,testcontainers-ryuk-b7a5b1f5-ada6-4d36-916b-9db936ee4e2b,0.00,2.3
10:24:05,agitated_hertz,27.06,421.3
10:24:05,gifted_yonath,87.59,245.8
10:24:05,testcontainers-ryuk-b7a5b1f5-ada6-4d36-916b-9db936ee4e2b,0.00,2.3
10:24:10,agitated_hertz,23.36,421.9
10:24:10,gifted_yonath,91.24,247.7
10:24:10,testcontainers-ryuk-b7a5b1f5-ada6-4d36-916b-9db936ee4e2b,0.00,2.3
10:24:16,agitated_hertz,21.24,422.8
10:24:16,gifted_yonath,84.87,248.6
10:24:16,testcontainers-ryuk-b7a5b1f5-ada6-4d36-916b-9db936ee4e2b,0.00,2.3
10:24:21,agitated_hertz,22.16,423.6
10:24:21,gifted_yonath,94.26,249.3
10:24:21,testcontainers-ryuk-b7a5b1f5-ada6-4d36-916b-9db936ee4e2b,0.00,2.3
10:24:26,agitated_hertz,18.87,424.1
10:24:26,gifted_yonath,89.32,250.4
10:24:26,testcontainers-ryuk-b7a5b1f5-ada6-4d36-916b-9db936ee4e2b,0.00,2.3
10:24:30,agitated_hertz,20.02,426.0
10:24:30,gifted_yonath,96.69,253.1
10:24:30,testcontainers-ryuk-b7a5b1f5-ada6-4d36-916b-9db936ee4e2b,0.00,2.3
10:24:36,agitated_hertz,18.79,426.1
10:24:36,gifted_yonath,99.42,255.1
10:24:36,testcontainers-ryuk-b7a5b1f5-ada6-4d36-916b-9db936ee4e2b,0.00,2.3
10:24:41,agitated_hertz,17.05,427.0
10:24:41,gifted_yonath,107.22,314.7
10:24:41,testcontainers-ryuk-b7a5b1f5-ada6-4d36-916b-9db936ee4e2b,0.00,2.3
10:24:46,agitated_hertz,21.41,427.3
10:24:46,gifted_yonath,96.84,254.9
10:24:46,testcontainers-ryuk-b7a5b1f5-ada6-4d36-916b-9db936ee4e2b,0.00,2.3
10:24:51,agitated_hertz,22.08,427.9
10:24:51,gifted_yonath,99.04,256.3
10:24:51,testcontainers-ryuk-b7a5b1f5-ada6-4d36-916b-9db936ee4e2b,0.00,2.3
10:24:57,agitated_hertz,19.18,428.4
10:24:57,gifted_yonath,101.14,257.4
10:24:57,testcontainers-ryuk-b7a5b1f5-ada6-4d36-916b-9db936ee4e2b,0.00,2.3
10:25:02,agitated_hertz,20.86,428.6
10:25:02,gifted_yonath,94.90,258.2
10:25:02,testcontainers-ryuk-b7a5b1f5-ada6-4d36-916b-9db936ee4e2b,0.00,2.3
10:25:07,agitated_hertz,20.01,429.1
10:25:07,gifted_yonath,100.66,259.9
10:25:07,testcontainers-ryuk-b7a5b1f5-ada6-4d36-916b-9db936ee4e2b,0.00,2.3
10:25:12,agitated_hertz,18.20,429.7
10:25:12,gifted_yonath,89.58,260.8
10:25:12,testcontainers-ryuk-b7a5b1f5-ada6-4d36-916b-9db936ee4e2b,0.00,2.3
10:25:17,agitated_hertz,16.91,429.9
10:25:17,gifted_yonath,95.14,262.1
10:25:17,testcontainers-ryuk-b7a5b1f5-ada6-4d36-916b-9db936ee4e2b,0.00,2.3
10:25:23,agitated_hertz,19.89,432.5
10:25:23,gifted_yonath,99.28,262.8
10:25:23,testcontainers-ryuk-b7a5b1f5-ada6-4d36-916b-9db936ee4e2b,0.00,2.3
10:25:28,agitated_hertz,20.55,433.0
10:25:28,gifted_yonath,99.90,264.8
10:25:28,testcontainers-ryuk-b7a5b1f5-ada6-4d36-916b-9db936ee4e2b,0.00,2.3
10:25:33,agitated_hertz,17.35,433.3
10:25:33,gifted_yonath,102.70,268.1
10:25:33,testcontainers-ryuk-b7a5b1f5-ada6-4d36-916b-9db936ee4e2b,0.00,2.3
10:25:38,agitated_hertz,17.56,433.8
10:25:38,gifted_yonath,102.51,271.5
10:25:38,testcontainers-ryuk-b7a5b1f5-ada6-4d36-916b-9db936ee4e2b,0.00,2.3
10:25:44,agitated_hertz,12.65,434.4
10:25:44,gifted_yonath,102.35,273.2
10:25:44,testcontainers-ryuk-b7a5b1f5-ada6-4d36-916b-9db936ee4e2b,0.00,2.3
10:25:49,agitated_hertz,20.64,435.0
10:25:49,gifted_yonath,98.51,274.9
10:25:49,testcontainers-ryuk-b7a5b1f5-ada6-4d36-916b-9db936ee4e2b,0.00,2.3
10:25:54,agitated_hertz,19.37,435.2
10:25:54,gifted_yonath,105.98,336.0
10:25:54,testcontainers-ryuk-b7a5b1f5-ada6-4d36-916b-9db936ee4e2b,0.00,2.3
10:25:59,agitated_hertz,9.51,435.6
10:25:59,gifted_yonath,123.07,275.8
10:25:59,testcontainers-ryuk-b7a5b1f5-ada6-4d36-916b-9db936ee4e2b,0.00,2.3
10:26:04,agitated_hertz,1.26,436.1
10:26:04,gifted_yonath,152.39,276.1
10:26:04,testcontainers-ryuk-b7a5b1f5-ada6-4d36-916b-9db936ee4e2b,0.00,2.3
10:26:10,agitated_hertz,1.39,436.0
10:26:10,gifted_yonath,197.20,276.3
10:26:10,testcontainers-ryuk-b7a5b1f5-ada6-4d36-916b-9db936ee4e2b,0.00,2.3
10:26:15,agitated_hertz,1.26,436.0
10:26:15,gifted_yonath,196.50,276.2
10:26:15,testcontainers-ryuk-b7a5b1f5-ada6-4d36-916b-9db936ee4e2b,0.00,2.3
10:26:20,agitated_hertz,1.15,436.7
10:26:20,gifted_yonath,197.75,276.1
10:26:20,testcontainers-ryuk-b7a5b1f5-ada6-4d36-916b-9db936ee4e2b,0.00,2.3
10:26:25,agitated_hertz,1.42,436.9
10:26:25,gifted_yonath,197.74,276.4
10:26:25,testcontainers-ryuk-b7a5b1f5-ada6-4d36-916b-9db936ee4e2b,0.00,2.3
10:26:30,agitated_hertz,1.33,436.8
10:26:30,gifted_yonath,196.41,278.1
10:26:30,testcontainers-ryuk-b7a5b1f5-ada6-4d36-916b-9db936ee4e2b,0.00,2.3
10:26:35,agitated_hertz,1.06,437.0
10:26:35,gifted_yonath,195.31,278.4
10:26:35,testcontainers-ryuk-b7a5b1f5-ada6-4d36-916b-9db936ee4e2b,0.00,2.3
10:26:40,agitated_hertz,1.36,437.1
10:26:40,gifted_yonath,197.28,278.9
10:26:40,testcontainers-ryuk-b7a5b1f5-ada6-4d36-916b-9db936ee4e2b,0.00,2.3
10:26:45,agitated_hertz,12.95,437.2
10:26:45,gifted_yonath,165.01,276.7
10:26:45,testcontainers-ryuk-b7a5b1f5-ada6-4d36-916b-9db936ee4e2b,0.00,2.3
10:26:51,agitated_hertz,12.36,438.5
10:26:51,gifted_yonath,30.61,262.3
10:26:51,testcontainers-ryuk-b7a5b1f5-ada6-4d36-916b-9db936ee4e2b,0.00,2.3
10:26:56,agitated_hertz,10.47,440.7
10:26:56,gifted_yonath,30.30,262.4
10:26:56,testcontainers-ryuk-b7a5b1f5-ada6-4d36-916b-9db936ee4e2b,0.00,2.3
10:27:01,agitated_hertz,7.12,440.8
10:27:01,gifted_yonath,30.47,262.2
10:27:01,testcontainers-ryuk-b7a5b1f5-ada6-4d36-916b-9db936ee4e2b,0.00,2.3
10:27:06,agitated_hertz,10.33,441.0
10:27:06,gifted_yonath,30.94,262.5
10:27:06,testcontainers-ryuk-b7a5b1f5-ada6-4d36-916b-9db936ee4e2b,0.00,2.3
10:27:11,agitated_hertz,7.30,440.8
10:27:11,gifted_yonath,30.95,262.5
10:27:11,testcontainers-ryuk-b7a5b1f5-ada6-4d36-916b-9db936ee4e2b,0.00,2.3
10:27:16,agitated_hertz,10.01,441.1
10:27:16,gifted_yonath,30.13,262.5
10:27:16,testcontainers-ryuk-b7a5b1f5-ada6-4d36-916b-9db936ee4e2b,0.00,2.3
10:27:21,agitated_hertz,10.47,441.2
10:27:21,gifted_yonath,48.42,262.5
10:27:21,testcontainers-ryuk-b7a5b1f5-ada6-4d36-916b-9db936ee4e2b,0.00,2.3
10:27:26,agitated_hertz,11.94,441.3
10:27:26,gifted_yonath,50.07,262.6
10:27:26,testcontainers-ryuk-b7a5b1f5-ada6-4d36-916b-9db936ee4e2b,0.00,2.3
10:27:31,agitated_hertz,10.53,441.6
10:27:31,gifted_yonath,48.73,262.8
10:27:31,testcontainers-ryuk-b7a5b1f5-ada6-4d36-916b-9db936ee4e2b,0.00,2.3
10:27:36,agitated_hertz,10.91,441.5
10:27:36,gifted_yonath,69.24,262.9
10:27:36,testcontainers-ryuk-b7a5b1f5-ada6-4d36-916b-9db936ee4e2b,0.00,2.3
10:27:41,agitated_hertz,10.72,441.9
10:27:41,gifted_yonath,66.16,262.9
10:27:41,testcontainers-ryuk-b7a5b1f5-ada6-4d36-916b-9db936ee4e2b,0.00,2.3
10:27:47,agitated_hertz,12.38,442.1
10:27:47,gifted_yonath,77.96,263.1
10:27:47,testcontainers-ryuk-b7a5b1f5-ada6-4d36-916b-9db936ee4e2b,0.00,2.3
10:27:52,agitated_hertz,15.47,442.1
10:27:52,gifted_yonath,99.40,263.4
10:27:52,testcontainers-ryuk-b7a5b1f5-ada6-4d36-916b-9db936ee4e2b,0.00,2.3
10:27:57,agitated_hertz,18.42,442.5
10:27:57,gifted_yonath,97.86,263.6
10:27:57,testcontainers-ryuk-b7a5b1f5-ada6-4d36-916b-9db936ee4e2b,0.00,2.3
10:28:02,agitated_hertz,15.36,442.7
10:28:02,gifted_yonath,101.20,263.6
10:28:02,testcontainers-ryuk-b7a5b1f5-ada6-4d36-916b-9db936ee4e2b,0.00,2.3
10:28:07,agitated_hertz,15.75,443.1
10:28:07,gifted_yonath,82.20,264.0
10:28:07,testcontainers-ryuk-b7a5b1f5-ada6-4d36-916b-9db936ee4e2b,0.00,2.3
10:28:12,agitated_hertz,15.20,443.7
10:28:12,gifted_yonath,84.70,263.9
10:28:12,testcontainers-ryuk-b7a5b1f5-ada6-4d36-916b-9db936ee4e2b,0.00,2.3
10:28:17,agitated_hertz,22.63,444.5
10:28:17,gifted_yonath,108.13,264.5
10:28:17,testcontainers-ryuk-b7a5b1f5-ada6-4d36-916b-9db936ee4e2b,0.00,2.3
10:28:22,agitated_hertz,22.79,445.5
10:28:22,gifted_yonath,110.93,265.2
10:28:22,testcontainers-ryuk-b7a5b1f5-ada6-4d36-916b-9db936ee4e2b,0.00,2.3
10:28:28,agitated_hertz,21.15,446.2
10:28:28,gifted_yonath,113.99,265.3
10:28:28,testcontainers-ryuk-b7a5b1f5-ada6-4d36-916b-9db936ee4e2b,0.00,2.3
10:28:33,agitated_hertz,23.25,447.0
10:28:33,gifted_yonath,108.10,265.1
10:28:33,testcontainers-ryuk-b7a5b1f5-ada6-4d36-916b-9db936ee4e2b,0.00,2.3
10:28:38,agitated_hertz,23.55,447.9
10:28:38,gifted_yonath,108.59,264.9
10:28:38,testcontainers-ryuk-b7a5b1f5-ada6-4d36-916b-9db936ee4e2b,0.00,2.3
10:28:43,agitated_hertz,20.52,448.1
10:28:43,gifted_yonath,106.36,264.6
10:28:43,testcontainers-ryuk-b7a5b1f5-ada6-4d36-916b-9db936ee4e2b,0.00,2.3
10:28:48,agitated_hertz,18.04,449.0
10:28:48,gifted_yonath,103.87,265.7
10:28:48,testcontainers-ryuk-b7a5b1f5-ada6-4d36-916b-9db936ee4e2b,0.00,2.3
10:28:53,agitated_hertz,14.76,449.6
10:28:53,gifted_yonath,103.69,266.2
10:28:53,testcontainers-ryuk-b7a5b1f5-ada6-4d36-916b-9db936ee4e2b,0.00,2.3
10:28:58,agitated_hertz,20.25,450.1
10:28:58,gifted_yonath,100.32,266.2
10:28:58,testcontainers-ryuk-b7a5b1f5-ada6-4d36-916b-9db936ee4e2b,0.00,2.3
10:29:03,agitated_hertz,20.43,450.9
10:29:03,gifted_yonath,103.90,267.1
10:29:03,testcontainers-ryuk-b7a5b1f5-ada6-4d36-916b-9db936ee4e2b,0.00,2.3
10:29:09,agitated_hertz,19.40,451.5
10:29:09,gifted_yonath,102.60,267.6
10:29:09,testcontainers-ryuk-b7a5b1f5-ada6-4d36-916b-9db936ee4e2b,0.00,2.3
10:29:14,agitated_hertz,21.70,452.0
10:29:14,gifted_yonath,103.70,267.8
10:29:14,testcontainers-ryuk-b7a5b1f5-ada6-4d36-916b-9db936ee4e2b,0.00,2.3
10:29:19,agitated_hertz,19.21,452.7
10:29:19,gifted_yonath,101.72,268.5
10:29:19,testcontainers-ryuk-b7a5b1f5-ada6-4d36-916b-9db936ee4e2b,0.00,2.3
10:29:24,agitated_hertz,18.69,453.0
10:29:24,gifted_yonath,100.10,269.4
10:29:24,testcontainers-ryuk-b7a5b1f5-ada6-4d36-916b-9db936ee4e2b,0.00,2.3
10:29:29,agitated_hertz,19.16,453.4
10:29:29,gifted_yonath,103.78,271.6
10:29:29,testcontainers-ryuk-b7a5b1f5-ada6-4d36-916b-9db936ee4e2b,0.00,2.3
10:29:34,agitated_hertz,16.47,453.9
10:29:34,gifted_yonath,101.66,273.1
10:29:34,testcontainers-ryuk-b7a5b1f5-ada6-4d36-916b-9db936ee4e2b,0.00,2.3
10:29:40,agitated_hertz,18.50,454.1
10:29:40,gifted_yonath,94.63,273.2
10:29:40,testcontainers-ryuk-b7a5b1f5-ada6-4d36-916b-9db936ee4e2b,0.00,2.3
10:29:45,agitated_hertz,20.56,454.5
10:29:45,gifted_yonath,115.42,270.7
10:29:45,testcontainers-ryuk-b7a5b1f5-ada6-4d36-916b-9db936ee4e2b,0.00,2.3
10:29:50,agitated_hertz,19.88,454.9
10:29:50,gifted_yonath,85.94,271.1
10:29:50,testcontainers-ryuk-b7a5b1f5-ada6-4d36-916b-9db936ee4e2b,0.00,2.3
10:29:55,agitated_hertz,18.12,455.3
10:29:55,gifted_yonath,83.69,271.1
10:29:55,testcontainers-ryuk-b7a5b1f5-ada6-4d36-916b-9db936ee4e2b,0.00,2.3
10:30:00,agitated_hertz,21.73,455.6
10:30:00,gifted_yonath,88.30,271.3
10:30:00,testcontainers-ryuk-b7a5b1f5-ada6-4d36-916b-9db936ee4e2b,0.00,2.3
10:30:05,agitated_hertz,21.55,455.9
10:30:05,gifted_yonath,72.14,271.2
10:30:05,testcontainers-ryuk-b7a5b1f5-ada6-4d36-916b-9db936ee4e2b,0.00,2.3
10:30:10,agitated_hertz,26.37,456.7
10:30:10,gifted_yonath,81.36,271.4
10:30:10,testcontainers-ryuk-b7a5b1f5-ada6-4d36-916b-9db936ee4e2b,0.00,2.3
10:30:16,agitated_hertz,23.24,457.4
10:30:16,gifted_yonath,82.32,271.6
10:30:16,testcontainers-ryuk-b7a5b1f5-ada6-4d36-916b-9db936ee4e2b,0.00,2.3
10:30:21,agitated_hertz,20.26,457.6
10:30:21,gifted_yonath,75.04,271.6
10:30:21,testcontainers-ryuk-b7a5b1f5-ada6-4d36-916b-9db936ee4e2b,0.00,2.3
10:30:26,agitated_hertz,23.12,458.2
10:30:26,gifted_yonath,77.91,271.7
10:30:26,testcontainers-ryuk-b7a5b1f5-ada6-4d36-916b-9db936ee4e2b,0.00,2.3
10:30:31,agitated_hertz,19.38,458.6
10:30:31,gifted_yonath,90.79,273.9
10:30:31,testcontainers-ryuk-b7a5b1f5-ada6-4d36-916b-9db936ee4e2b,0.00,2.3
10:30:36,agitated_hertz,10.77,459.0
10:30:36,gifted_yonath,147.65,337.8
10:30:36,testcontainers-ryuk-b7a5b1f5-ada6-4d36-916b-9db936ee4e2b,0.00,2.3
10:30:41,agitated_hertz,19.52,459.2
10:30:41,gifted_yonath,76.08,271.9
10:30:41,testcontainers-ryuk-b7a5b1f5-ada6-4d36-916b-9db936ee4e2b,0.00,2.3
10:30:46,agitated_hertz,15.76,459.7
10:30:46,gifted_yonath,57.60,272.0
10:30:46,testcontainers-ryuk-b7a5b1f5-ada6-4d36-916b-9db936ee4e2b,0.00,2.3
10:30:52,agitated_hertz,19.01,460.1
10:30:52,gifted_yonath,74.85,271.9
10:30:52,testcontainers-ryuk-b7a5b1f5-ada6-4d36-916b-9db936ee4e2b,0.00,2.3
10:30:57,agitated_hertz,22.07,460.3
10:30:57,gifted_yonath,67.82,271.9
10:30:57,testcontainers-ryuk-b7a5b1f5-ada6-4d36-916b-9db936ee4e2b,0.00,2.3
10:31:02,agitated_hertz,20.04,460.9
10:31:02,gifted_yonath,67.33,272.1
10:31:02,testcontainers-ryuk-b7a5b1f5-ada6-4d36-916b-9db936ee4e2b,0.00,2.3
10:31:07,agitated_hertz,20.18,461.0
10:31:07,gifted_yonath,71.76,271.8
10:31:07,testcontainers-ryuk-b7a5b1f5-ada6-4d36-916b-9db936ee4e2b,0.00,2.3
10:31:12,agitated_hertz,22.84,461.5
10:31:12,gifted_yonath,76.64,271.9
10:31:12,testcontainers-ryuk-b7a5b1f5-ada6-4d36-916b-9db936ee4e2b,0.00,2.3
10:31:17,agitated_hertz,23.85,461.7
10:31:17,gifted_yonath,74.20,271.9
10:31:17,testcontainers-ryuk-b7a5b1f5-ada6-4d36-916b-9db936ee4e2b,0.00,2.3
10:31:22,agitated_hertz,19.53,462.0
10:31:22,gifted_yonath,68.27,272.2
10:31:22,testcontainers-ryuk-b7a5b1f5-ada6-4d36-916b-9db936ee4e2b,0.00,2.3
10:31:28,agitated_hertz,20.55,462.5
10:31:28,gifted_yonath,70.90,272.1
10:31:28,testcontainers-ryuk-b7a5b1f5-ada6-4d36-916b-9db936ee4e2b,0.00,2.3
10:31:33,agitated_hertz,22.92,468.7
10:31:33,gifted_yonath,81.35,274.1
10:31:33,testcontainers-ryuk-b7a5b1f5-ada6-4d36-916b-9db936ee4e2b,0.00,2.3
10:31:38,agitated_hertz,20.18,460.0
10:31:38,gifted_yonath,115.61,272.1
10:31:38,testcontainers-ryuk-b7a5b1f5-ada6-4d36-916b-9db936ee4e2b,0.00,2.3
10:31:43,agitated_hertz,18.96,460.3
10:31:43,gifted_yonath,74.42,272.1
10:31:43,testcontainers-ryuk-b7a5b1f5-ada6-4d36-916b-9db936ee4e2b,0.00,2.3
10:31:48,agitated_hertz,22.80,460.6
10:31:48,gifted_yonath,71.15,272.0
10:31:48,testcontainers-ryuk-b7a5b1f5-ada6-4d36-916b-9db936ee4e2b,0.00,2.3
10:31:53,agitated_hertz,21.93,461.0
10:31:53,gifted_yonath,84.23,272.4
10:31:53,testcontainers-ryuk-b7a5b1f5-ada6-4d36-916b-9db936ee4e2b,0.00,2.3
10:31:58,agitated_hertz,19.62,461.1
10:31:58,gifted_yonath,75.70,272.3
10:31:58,testcontainers-ryuk-b7a5b1f5-ada6-4d36-916b-9db936ee4e2b,0.00,2.3
10:32:04,agitated_hertz,22.30,461.6
10:32:04,gifted_yonath,67.80,272.1
10:32:04,testcontainers-ryuk-b7a5b1f5-ada6-4d36-916b-9db936ee4e2b,0.00,2.3
10:32:09,agitated_hertz,22.28,462.0
10:32:09,gifted_yonath,70.30,272.2
10:32:09,testcontainers-ryuk-b7a5b1f5-ada6-4d36-916b-9db936ee4e2b,0.00,2.3
10:32:14,agitated_hertz,18.58,462.3
10:32:14,gifted_yonath,78.34,272.4
10:32:14,testcontainers-ryuk-b7a5b1f5-ada6-4d36-916b-9db936ee4e2b,0.00,2.3
10:32:19,agitated_hertz,18.58,462.7
10:32:19,gifted_yonath,79.50,272.6
10:32:19,testcontainers-ryuk-b7a5b1f5-ada6-4d36-916b-9db936ee4e2b,0.00,2.3
10:32:24,agitated_hertz,18.76,463.2
10:32:24,gifted_yonath,69.14,272.8
10:32:24,testcontainers-ryuk-b7a5b1f5-ada6-4d36-916b-9db936ee4e2b,0.00,2.3
10:32:29,agitated_hertz,19.11,463.3
10:32:29,gifted_yonath,78.65,274.9
10:32:29,testcontainers-ryuk-b7a5b1f5-ada6-4d36-916b-9db936ee4e2b,0.00,2.3
10:32:34,agitated_hertz,20.67,463.9
10:32:34,gifted_yonath,81.11,275.4
10:32:34,testcontainers-ryuk-b7a5b1f5-ada6-4d36-916b-9db936ee4e2b,0.00,2.3
10:32:40,agitated_hertz,19.40,464.1
10:32:40,gifted_yonath,109.91,273.7
10:32:40,testcontainers-ryuk-b7a5b1f5-ada6-4d36-916b-9db936ee4e2b,0.00,2.3
10:32:45,agitated_hertz,20.62,464.7
10:32:45,gifted_yonath,91.19,273.4
10:32:45,testcontainers-ryuk-b7a5b1f5-ada6-4d36-916b-9db936ee4e2b,0.00,2.3
10:32:50,agitated_hertz,20.63,464.6
10:32:50,gifted_yonath,99.89,273.5
10:32:50,testcontainers-ryuk-b7a5b1f5-ada6-4d36-916b-9db936ee4e2b,0.00,2.3
10:32:55,agitated_hertz,17.90,465.3
10:32:55,gifted_yonath,68.23,273.7
10:32:55,testcontainers-ryuk-b7a5b1f5-ada6-4d36-916b-9db936ee4e2b,0.00,2.3
10:33:00,agitated_hertz,22.10,465.7
10:33:00,gifted_yonath,73.46,273.8
10:33:00,testcontainers-ryuk-b7a5b1f5-ada6-4d36-916b-9db936ee4e2b,0.00,2.3
10:33:05,agitated_hertz,18.86,466.2
10:33:05,gifted_yonath,69.69,273.8
10:33:05,testcontainers-ryuk-b7a5b1f5-ada6-4d36-916b-9db936ee4e2b,0.00,2.3
10:33:10,agitated_hertz,21.71,466.5
10:33:10,gifted_yonath,73.67,274.2
10:33:10,testcontainers-ryuk-b7a5b1f5-ada6-4d36-916b-9db936ee4e2b,0.00,2.3
10:33:15,agitated_hertz,21.76,466.9
10:33:15,gifted_yonath,85.04,274.3
10:33:15,testcontainers-ryuk-b7a5b1f5-ada6-4d36-916b-9db936ee4e2b,0.00,2.3
10:33:21,agitated_hertz,19.11,467.1
10:33:21,gifted_yonath,72.02,274.6
10:33:21,testcontainers-ryuk-b7a5b1f5-ada6-4d36-916b-9db936ee4e2b,0.00,2.3
10:33:26,agitated_hertz,22.19,467.4
10:33:26,gifted_yonath,71.88,274.6
10:33:26,testcontainers-ryuk-b7a5b1f5-ada6-4d36-916b-9db936ee4e2b,0.00,2.3
10:33:31,agitated_hertz,18.37,467.5
10:33:31,gifted_yonath,93.90,276.7
10:33:31,testcontainers-ryuk-b7a5b1f5-ada6-4d36-916b-9db936ee4e2b,0.00,2.3
10:33:36,agitated_hertz,20.09,468.0
10:33:36,gifted_yonath,95.60,277.4
10:33:36,testcontainers-ryuk-b7a5b1f5-ada6-4d36-916b-9db936ee4e2b,0.00,2.3
10:33:40,agitated_hertz,19.87,468.3
10:33:40,gifted_yonath,100.58,275.2
10:33:40,testcontainers-ryuk-b7a5b1f5-ada6-4d36-916b-9db936ee4e2b,0.00,2.3
10:33:45,agitated_hertz,20.27,468.6
10:33:45,gifted_yonath,85.30,275.1
10:33:45,testcontainers-ryuk-b7a5b1f5-ada6-4d36-916b-9db936ee4e2b,0.00,2.3
10:33:51,agitated_hertz,21.80,469.0
10:33:51,gifted_yonath,79.16,275.5
10:33:51,testcontainers-ryuk-b7a5b1f5-ada6-4d36-916b-9db936ee4e2b,0.00,2.3
10:33:56,agitated_hertz,21.69,469.2
10:33:56,gifted_yonath,65.24,275.2
10:33:56,testcontainers-ryuk-b7a5b1f5-ada6-4d36-916b-9db936ee4e2b,0.00,2.3
10:34:01,agitated_hertz,18.42,469.6
10:34:01,gifted_yonath,86.91,275.3
10:34:01,testcontainers-ryuk-b7a5b1f5-ada6-4d36-916b-9db936ee4e2b,0.00,2.3
10:34:06,agitated_hertz,20.00,470.1
10:34:06,gifted_yonath,77.39,275.5
10:34:06,testcontainers-ryuk-b7a5b1f5-ada6-4d36-916b-9db936ee4e2b,0.00,2.3
10:34:11,testcontainers-ryuk-b7a5b1f5-ada6-4d36-916b-9db936ee4e2b,0.02,2.3
10:34:15,busy_jepsen,33.65,21.3
10:34:15,testcontainers-ryuk-621b84f5-97fc-4335-b38e-b84681c6deff,0.00,2.4
10:34:15,testcontainers-ryuk-b7a5b1f5-ada6-4d36-916b-9db936ee4e2b,0.00,2.3
10:34:15,keen_kowalevski,101.09,14.4
10:34:20,keen_kowalevski,140.90,79.5
10:34:20,busy_jepsen,0.03,21.3
10:34:20,testcontainers-ryuk-621b84f5-97fc-4335-b38e-b84681c6deff,0.00,2.4
10:34:25,keen_kowalevski,59.62,364.9
10:34:25,busy_jepsen,27.98,80.0
10:34:25,testcontainers-ryuk-621b84f5-97fc-4335-b38e-b84681c6deff,0.00,2.4
10:34:31,keen_kowalevski,56.61,381.1
10:34:31,busy_jepsen,24.71,81.4
10:34:31,testcontainers-ryuk-621b84f5-97fc-4335-b38e-b84681c6deff,0.00,2.4
10:34:36,keen_kowalevski,44.93,386.4
10:34:36,busy_jepsen,33.17,85.7
10:34:36,testcontainers-ryuk-621b84f5-97fc-4335-b38e-b84681c6deff,0.00,2.4
10:34:41,keen_kowalevski,17.64,391.7
10:34:41,busy_jepsen,28.16,86.5
10:34:41,testcontainers-ryuk-621b84f5-97fc-4335-b38e-b84681c6deff,0.00,2.4
10:34:46,keen_kowalevski,15.79,394.9
10:34:46,busy_jepsen,18.74,88.3
10:34:46,testcontainers-ryuk-621b84f5-97fc-4335-b38e-b84681c6deff,0.00,2.4
10:34:51,keen_kowalevski,16.56,393.7
10:34:51,busy_jepsen,19.70,88.8
10:34:51,testcontainers-ryuk-621b84f5-97fc-4335-b38e-b84681c6deff,0.00,2.4
10:34:56,keen_kowalevski,11.23,394.3
10:34:56,busy_jepsen,17.95,89.8
10:34:56,testcontainers-ryuk-621b84f5-97fc-4335-b38e-b84681c6deff,0.00,2.4
10:35:01,keen_kowalevski,31.86,396.9
10:35:01,busy_jepsen,18.06,91.2
10:35:01,testcontainers-ryuk-621b84f5-97fc-4335-b38e-b84681c6deff,0.00,2.4
10:35:06,keen_kowalevski,11.53,400.3
10:35:06,busy_jepsen,19.62,93.9
10:35:06,testcontainers-ryuk-621b84f5-97fc-4335-b38e-b84681c6deff,0.00,2.4
10:35:11,keen_kowalevski,15.20,401.6
10:35:11,busy_jepsen,30.72,95.6
10:35:11,testcontainers-ryuk-621b84f5-97fc-4335-b38e-b84681c6deff,0.00,2.4
10:35:17,keen_kowalevski,30.79,402.8
10:35:17,busy_jepsen,30.35,97.9
10:35:17,testcontainers-ryuk-621b84f5-97fc-4335-b38e-b84681c6deff,0.00,2.4
10:35:22,keen_kowalevski,48.63,412.6
10:35:22,busy_jepsen,30.93,99.7
10:35:22,testcontainers-ryuk-621b84f5-97fc-4335-b38e-b84681c6deff,0.00,2.4
10:35:27,keen_kowalevski,68.10,413.4
10:35:27,busy_jepsen,32.52,103.6
10:35:27,testcontainers-ryuk-621b84f5-97fc-4335-b38e-b84681c6deff,0.00,2.4
10:35:32,keen_kowalevski,21.31,413.7
10:35:32,busy_jepsen,30.16,105.9
10:35:32,testcontainers-ryuk-621b84f5-97fc-4335-b38e-b84681c6deff,0.00,2.4
10:35:37,keen_kowalevski,11.77,405.6
10:35:37,busy_jepsen,29.09,108.0
10:35:37,testcontainers-ryuk-621b84f5-97fc-4335-b38e-b84681c6deff,0.00,2.4
10:35:42,keen_kowalevski,11.86,405.7
10:35:42,busy_jepsen,29.81,110.2
10:35:42,testcontainers-ryuk-621b84f5-97fc-4335-b38e-b84681c6deff,0.00,2.4
10:35:47,keen_kowalevski,11.74,406.8
10:35:47,busy_jepsen,29.46,111.8
10:35:47,testcontainers-ryuk-621b84f5-97fc-4335-b38e-b84681c6deff,0.00,2.4
10:35:52,keen_kowalevski,12.07,406.7
10:35:52,busy_jepsen,28.47,111.7
10:35:52,testcontainers-ryuk-621b84f5-97fc-4335-b38e-b84681c6deff,0.00,2.4
10:35:57,keen_kowalevski,17.30,407.8
10:35:57,busy_jepsen,55.75,113.0
10:35:57,testcontainers-ryuk-621b84f5-97fc-4335-b38e-b84681c6deff,0.00,2.4
10:36:02,keen_kowalevski,18.75,408.5
10:36:02,busy_jepsen,49.46,119.7
10:36:02,testcontainers-ryuk-621b84f5-97fc-4335-b38e-b84681c6deff,0.00,2.4
10:36:08,keen_kowalevski,19.04,409.7
10:36:08,busy_jepsen,50.30,124.6
10:36:08,testcontainers-ryuk-621b84f5-97fc-4335-b38e-b84681c6deff,0.00,2.4
10:36:13,keen_kowalevski,16.67,410.0
10:36:13,busy_jepsen,54.42,130.8
10:36:13,testcontainers-ryuk-621b84f5-97fc-4335-b38e-b84681c6deff,0.00,2.4
10:36:17,keen_kowalevski,17.77,411.5
10:36:17,busy_jepsen,51.47,136.1
10:36:17,testcontainers-ryuk-621b84f5-97fc-4335-b38e-b84681c6deff,0.00,2.4
10:36:22,keen_kowalevski,22.05,411.9
10:36:22,busy_jepsen,50.82,140.9
10:36:22,testcontainers-ryuk-621b84f5-97fc-4335-b38e-b84681c6deff,0.00,2.4
10:36:27,keen_kowalevski,19.94,412.3
10:36:27,busy_jepsen,50.66,146.2
10:36:27,testcontainers-ryuk-621b84f5-97fc-4335-b38e-b84681c6deff,0.00,2.4
10:36:32,keen_kowalevski,19.47,413.2
10:36:32,busy_jepsen,51.62,154.9
10:36:32,testcontainers-ryuk-621b84f5-97fc-4335-b38e-b84681c6deff,0.00,2.4
10:36:37,keen_kowalevski,17.83,413.7
10:36:37,busy_jepsen,50.90,159.8
10:36:37,testcontainers-ryuk-621b84f5-97fc-4335-b38e-b84681c6deff,0.00,2.4
10:36:42,keen_kowalevski,22.81,414.5
10:36:42,busy_jepsen,86.48,177.2
10:36:42,testcontainers-ryuk-621b84f5-97fc-4335-b38e-b84681c6deff,0.00,2.4
10:36:48,keen_kowalevski,20.19,415.6
10:36:48,busy_jepsen,96.69,186.1
10:36:48,testcontainers-ryuk-621b84f5-97fc-4335-b38e-b84681c6deff,0.00,2.4
10:36:53,keen_kowalevski,26.26,416.7
10:36:53,busy_jepsen,84.78,186.0
10:36:53,testcontainers-ryuk-621b84f5-97fc-4335-b38e-b84681c6deff,0.00,2.4
10:36:58,keen_kowalevski,24.79,417.3
10:36:58,busy_jepsen,78.61,196.0
10:36:58,testcontainers-ryuk-621b84f5-97fc-4335-b38e-b84681c6deff,0.00,2.4
10:37:03,keen_kowalevski,14.76,418.2
10:37:03,busy_jepsen,80.91,205.6
10:37:03,testcontainers-ryuk-621b84f5-97fc-4335-b38e-b84681c6deff,0.00,2.4
10:37:09,keen_kowalevski,24.57,419.1
10:37:09,busy_jepsen,83.32,220.1
10:37:09,testcontainers-ryuk-621b84f5-97fc-4335-b38e-b84681c6deff,0.00,2.4
10:37:14,keen_kowalevski,25.56,419.9
10:37:14,busy_jepsen,84.41,232.3
10:37:14,testcontainers-ryuk-621b84f5-97fc-4335-b38e-b84681c6deff,0.00,2.4
10:37:19,keen_kowalevski,24.60,420.6
10:37:19,busy_jepsen,81.84,241.7
10:37:19,testcontainers-ryuk-621b84f5-97fc-4335-b38e-b84681c6deff,0.00,2.4
10:37:24,keen_kowalevski,23.27,421.1
10:37:24,busy_jepsen,82.70,242.5
10:37:24,testcontainers-ryuk-621b84f5-97fc-4335-b38e-b84681c6deff,0.00,2.4
10:37:29,keen_kowalevski,17.03,421.6
10:37:29,busy_jepsen,90.92,244.4
10:37:29,testcontainers-ryuk-621b84f5-97fc-4335-b38e-b84681c6deff,0.00,2.4
10:37:35,keen_kowalevski,20.70,422.0
10:37:35,busy_jepsen,84.98,245.1
10:37:35,testcontainers-ryuk-621b84f5-97fc-4335-b38e-b84681c6deff,0.00,2.4
10:37:40,keen_kowalevski,23.45,422.7
10:37:40,busy_jepsen,93.03,246.1
10:37:40,testcontainers-ryuk-621b84f5-97fc-4335-b38e-b84681c6deff,0.00,2.4
10:37:45,keen_kowalevski,23.03,423.6
10:37:45,busy_jepsen,96.80,249.2
10:37:45,testcontainers-ryuk-621b84f5-97fc-4335-b38e-b84681c6deff,0.00,2.4
10:37:50,keen_kowalevski,22.97,424.0
10:37:50,busy_jepsen,91.78,251.2
10:37:50,testcontainers-ryuk-621b84f5-97fc-4335-b38e-b84681c6deff,0.00,2.4
10:37:56,keen_kowalevski,16.12,424.7
10:37:56,busy_jepsen,109.14,316.4
10:37:56,testcontainers-ryuk-621b84f5-97fc-4335-b38e-b84681c6deff,0.00,2.4
10:38:01,keen_kowalevski,18.61,425.4
10:38:01,busy_jepsen,101.94,251.8
10:38:01,testcontainers-ryuk-621b84f5-97fc-4335-b38e-b84681c6deff,0.00,2.4
10:38:06,keen_kowalevski,24.54,426.0
10:38:06,busy_jepsen,95.51,252.4
10:38:06,testcontainers-ryuk-621b84f5-97fc-4335-b38e-b84681c6deff,0.00,2.4
10:38:11,keen_kowalevski,20.86,426.4
10:38:11,busy_jepsen,89.85,253.5
10:38:11,testcontainers-ryuk-621b84f5-97fc-4335-b38e-b84681c6deff,0.00,2.4
10:38:16,keen_kowalevski,21.08,426.7
10:38:16,busy_jepsen,83.93,254.2
10:38:16,testcontainers-ryuk-621b84f5-97fc-4335-b38e-b84681c6deff,0.00,2.4
10:38:22,keen_kowalevski,21.19,427.6
10:38:22,busy_jepsen,98.67,255.7
10:38:22,testcontainers-ryuk-621b84f5-97fc-4335-b38e-b84681c6deff,0.00,2.4
10:38:27,keen_kowalevski,20.60,428.3
10:38:27,busy_jepsen,97.28,256.9
10:38:27,testcontainers-ryuk-621b84f5-97fc-4335-b38e-b84681c6deff,0.00,2.4
10:38:32,keen_kowalevski,17.65,428.9
10:38:32,busy_jepsen,96.22,258.3
10:38:32,testcontainers-ryuk-621b84f5-97fc-4335-b38e-b84681c6deff,0.00,2.4
10:38:37,keen_kowalevski,23.56,429.8
10:38:37,busy_jepsen,95.07,260.2
10:38:37,testcontainers-ryuk-621b84f5-97fc-4335-b38e-b84681c6deff,0.00,2.4
10:38:43,keen_kowalevski,18.69,430.0
10:38:43,busy_jepsen,97.99,261.6
10:38:43,testcontainers-ryuk-621b84f5-97fc-4335-b38e-b84681c6deff,0.00,2.4
10:38:48,keen_kowalevski,20.84,430.7
10:38:48,busy_jepsen,100.00,265.0
10:38:48,testcontainers-ryuk-621b84f5-97fc-4335-b38e-b84681c6deff,0.00,2.4
10:38:53,keen_kowalevski,17.45,431.1
10:38:53,busy_jepsen,101.20,267.6
10:38:53,testcontainers-ryuk-621b84f5-97fc-4335-b38e-b84681c6deff,0.00,2.4
10:38:58,keen_kowalevski,16.99,431.6
10:38:58,busy_jepsen,92.02,270.3
10:38:58,testcontainers-ryuk-621b84f5-97fc-4335-b38e-b84681c6deff,0.00,2.4
10:39:03,keen_kowalevski,16.19,432.0
10:39:03,busy_jepsen,100.25,272.4
10:39:03,testcontainers-ryuk-621b84f5-97fc-4335-b38e-b84681c6deff,0.00,2.4
10:39:08,keen_kowalevski,18.08,432.7
10:39:08,busy_jepsen,101.40,274.8
10:39:08,testcontainers-ryuk-621b84f5-97fc-4335-b38e-b84681c6deff,0.00,2.4
10:39:14,keen_kowalevski,14.19,432.8
10:39:14,busy_jepsen,102.91,273.8
10:39:14,testcontainers-ryuk-621b84f5-97fc-4335-b38e-b84681c6deff,0.00,2.4
10:39:19,keen_kowalevski,16.04,433.5
10:39:19,busy_jepsen,101.40,275.2
10:39:19,testcontainers-ryuk-621b84f5-97fc-4335-b38e-b84681c6deff,0.00,2.4
10:39:24,keen_kowalevski,16.91,433.9
10:39:24,busy_jepsen,92.44,276.3
10:39:24,testcontainers-ryuk-621b84f5-97fc-4335-b38e-b84681c6deff,0.00,2.4
10:39:30,keen_kowalevski,14.03,434.4
10:39:30,busy_jepsen,98.06,277.6
10:39:30,testcontainers-ryuk-621b84f5-97fc-4335-b38e-b84681c6deff,0.00,2.4
10:39:35,keen_kowalevski,17.38,434.7
10:39:35,busy_jepsen,91.71,277.4
10:39:35,testcontainers-ryuk-621b84f5-97fc-4335-b38e-b84681c6deff,0.00,2.4
10:39:40,keen_kowalevski,17.88,435.3
10:39:40,busy_jepsen,99.14,277.7
10:39:40,testcontainers-ryuk-621b84f5-97fc-4335-b38e-b84681c6deff,0.00,2.4
10:39:45,keen_kowalevski,17.36,436.1
10:39:45,busy_jepsen,102.93,279.5
10:39:45,testcontainers-ryuk-621b84f5-97fc-4335-b38e-b84681c6deff,0.00,2.4
10:39:50,keen_kowalevski,16.28,436.4
10:39:50,busy_jepsen,103.82,280.0
10:39:50,testcontainers-ryuk-621b84f5-97fc-4335-b38e-b84681c6deff,0.00,2.4
10:39:56,keen_kowalevski,16.38,437.0
10:39:56,busy_jepsen,103.47,281.5
10:39:56,testcontainers-ryuk-621b84f5-97fc-4335-b38e-b84681c6deff,0.00,2.4
10:40:01,keen_kowalevski,13.52,437.3
10:40:01,busy_jepsen,89.94,282.2
10:40:01,testcontainers-ryuk-621b84f5-97fc-4335-b38e-b84681c6deff,0.00,2.4
10:40:06,keen_kowalevski,19.72,437.8
10:40:06,busy_jepsen,93.18,282.3
10:40:06,testcontainers-ryuk-621b84f5-97fc-4335-b38e-b84681c6deff,0.00,2.4
10:40:11,keen_kowalevski,20.62,438.2
10:40:11,busy_jepsen,103.99,283.0
10:40:11,testcontainers-ryuk-621b84f5-97fc-4335-b38e-b84681c6deff,0.00,2.4
10:40:16,keen_kowalevski,18.72,438.9
10:40:16,busy_jepsen,100.59,284.0
10:40:16,testcontainers-ryuk-621b84f5-97fc-4335-b38e-b84681c6deff,0.00,2.4
10:40:21,keen_kowalevski,15.91,439.3
10:40:21,busy_jepsen,108.19,343.9
10:40:21,testcontainers-ryuk-621b84f5-97fc-4335-b38e-b84681c6deff,0.00,2.4
10:40:27,keen_kowalevski,8.57,439.8
10:40:27,busy_jepsen,94.53,282.8
10:40:27,testcontainers-ryuk-621b84f5-97fc-4335-b38e-b84681c6deff,0.00,2.4
10:40:32,keen_kowalevski,13.12,440.8
10:40:32,busy_jepsen,19.46,262.7
10:40:32,testcontainers-ryuk-621b84f5-97fc-4335-b38e-b84681c6deff,0.00,2.4
10:40:37,keen_kowalevski,19.15,444.5
10:40:37,busy_jepsen,20.52,262.7
10:40:37,testcontainers-ryuk-621b84f5-97fc-4335-b38e-b84681c6deff,0.00,2.4
10:40:42,keen_kowalevski,9.05,444.5
10:40:42,busy_jepsen,20.92,262.6
10:40:42,testcontainers-ryuk-621b84f5-97fc-4335-b38e-b84681c6deff,0.00,2.4
10:40:47,keen_kowalevski,6.88,444.5
10:40:47,busy_jepsen,27.50,263.8
10:40:47,testcontainers-ryuk-621b84f5-97fc-4335-b38e-b84681c6deff,0.00,2.4
10:40:52,keen_kowalevski,7.01,444.8
10:40:52,busy_jepsen,30.29,263.6
10:40:52,testcontainers-ryuk-621b84f5-97fc-4335-b38e-b84681c6deff,0.00,2.4
10:40:57,keen_kowalevski,10.88,444.9
10:40:57,busy_jepsen,61.25,263.4
10:40:57,testcontainers-ryuk-621b84f5-97fc-4335-b38e-b84681c6deff,0.00,2.4
10:41:02,keen_kowalevski,20.42,445.1
10:41:02,busy_jepsen,70.46,263.4
10:41:02,testcontainers-ryuk-621b84f5-97fc-4335-b38e-b84681c6deff,0.00,2.4
10:41:07,keen_kowalevski,14.97,445.1
10:41:07,busy_jepsen,86.57,263.8
10:41:07,testcontainers-ryuk-621b84f5-97fc-4335-b38e-b84681c6deff,0.00,2.4
10:41:13,keen_kowalevski,11.97,445.5
10:41:13,busy_jepsen,91.30,263.9
10:41:13,testcontainers-ryuk-621b84f5-97fc-4335-b38e-b84681c6deff,0.00,2.4
10:41:18,keen_kowalevski,11.88,445.7
10:41:18,busy_jepsen,111.08,264.7
10:41:18,testcontainers-ryuk-621b84f5-97fc-4335-b38e-b84681c6deff,0.00,2.4
10:41:23,keen_kowalevski,15.25,445.9
10:41:23,busy_jepsen,133.13,264.4
10:41:23,testcontainers-ryuk-621b84f5-97fc-4335-b38e-b84681c6deff,0.00,2.4
10:41:28,keen_kowalevski,14.75,446.2
10:41:28,busy_jepsen,136.78,264.8
10:41:28,testcontainers-ryuk-621b84f5-97fc-4335-b38e-b84681c6deff,0.00,2.4
10:41:33,keen_kowalevski,18.00,446.5
10:41:33,busy_jepsen,138.00,265.6
10:41:33,testcontainers-ryuk-621b84f5-97fc-4335-b38e-b84681c6deff,0.00,2.4
10:41:38,keen_kowalevski,14.29,446.5
10:41:38,busy_jepsen,138.49,265.8
10:41:38,testcontainers-ryuk-621b84f5-97fc-4335-b38e-b84681c6deff,0.00,2.4
10:41:43,keen_kowalevski,16.59,447.1
10:41:43,busy_jepsen,133.79,267.5
10:41:43,testcontainers-ryuk-621b84f5-97fc-4335-b38e-b84681c6deff,0.00,2.4
10:41:48,keen_kowalevski,19.54,447.7
10:41:48,busy_jepsen,98.14,265.7
10:41:48,testcontainers-ryuk-621b84f5-97fc-4335-b38e-b84681c6deff,0.00,2.4
10:41:53,keen_kowalevski,18.78,448.1
10:41:53,busy_jepsen,115.80,266.2
10:41:53,testcontainers-ryuk-621b84f5-97fc-4335-b38e-b84681c6deff,0.00,2.4
10:41:59,keen_kowalevski,16.86,448.7
10:41:59,busy_jepsen,108.35,266.7
10:41:59,testcontainers-ryuk-621b84f5-97fc-4335-b38e-b84681c6deff,0.00,2.4
10:42:04,keen_kowalevski,18.59,449.4
10:42:04,busy_jepsen,120.41,266.5
10:42:04,testcontainers-ryuk-621b84f5-97fc-4335-b38e-b84681c6deff,0.00,2.4
10:42:09,keen_kowalevski,12.90,449.9
10:42:09,busy_jepsen,114.34,268.4
10:42:09,testcontainers-ryuk-621b84f5-97fc-4335-b38e-b84681c6deff,0.00,2.4
10:42:14,keen_kowalevski,12.78,450.4
10:42:14,busy_jepsen,121.66,268.4
10:42:14,testcontainers-ryuk-621b84f5-97fc-4335-b38e-b84681c6deff,0.00,2.4
10:42:19,keen_kowalevski,11.46,451.0
10:42:19,busy_jepsen,135.28,268.6
10:42:19,testcontainers-ryuk-621b84f5-97fc-4335-b38e-b84681c6deff,0.00,2.4
10:42:25,keen_kowalevski,12.34,451.3
10:42:25,busy_jepsen,119.30,269.4
10:42:25,testcontainers-ryuk-621b84f5-97fc-4335-b38e-b84681c6deff,0.00,2.4
10:42:30,keen_kowalevski,11.14,451.8
10:42:30,busy_jepsen,129.69,272.2
10:42:30,testcontainers-ryuk-621b84f5-97fc-4335-b38e-b84681c6deff,0.00,2.4
10:42:35,keen_kowalevski,10.44,452.1
10:42:35,busy_jepsen,122.55,272.4
10:42:35,testcontainers-ryuk-621b84f5-97fc-4335-b38e-b84681c6deff,0.00,2.4
10:42:40,keen_kowalevski,12.82,452.7
10:42:40,busy_jepsen,124.16,272.0
10:42:40,testcontainers-ryuk-621b84f5-97fc-4335-b38e-b84681c6deff,0.00,2.4
10:42:45,keen_kowalevski,12.69,453.2
10:42:45,busy_jepsen,143.21,274.4
10:42:45,testcontainers-ryuk-621b84f5-97fc-4335-b38e-b84681c6deff,0.00,2.4
10:42:50,keen_kowalevski,21.84,453.5
10:42:50,busy_jepsen,101.51,273.3
10:42:50,testcontainers-ryuk-621b84f5-97fc-4335-b38e-b84681c6deff,0.00,2.4
10:42:55,keen_kowalevski,18.50,453.7
10:42:55,busy_jepsen,132.06,333.1
10:42:55,testcontainers-ryuk-621b84f5-97fc-4335-b38e-b84681c6deff,0.00,2.4
10:43:01,keen_kowalevski,18.78,454.4
10:43:01,busy_jepsen,101.88,270.9
10:43:01,testcontainers-ryuk-621b84f5-97fc-4335-b38e-b84681c6deff,0.00,2.4
10:43:06,keen_kowalevski,18.98,454.3
10:43:06,busy_jepsen,89.65,270.6
10:43:06,testcontainers-ryuk-621b84f5-97fc-4335-b38e-b84681c6deff,0.00,2.4
10:43:11,keen_kowalevski,19.87,454.9
10:43:11,busy_jepsen,88.04,270.7
10:43:11,testcontainers-ryuk-621b84f5-97fc-4335-b38e-b84681c6deff,0.00,2.4
10:43:16,keen_kowalevski,18.25,455.0
10:43:16,busy_jepsen,88.14,270.8
10:43:16,testcontainers-ryuk-621b84f5-97fc-4335-b38e-b84681c6deff,0.00,2.4
10:43:21,keen_kowalevski,21.43,455.6
10:43:21,busy_jepsen,84.99,270.7
10:43:21,testcontainers-ryuk-621b84f5-97fc-4335-b38e-b84681c6deff,0.00,2.4
10:43:26,keen_kowalevski,18.42,456.0
10:43:26,busy_jepsen,87.71,270.6
10:43:26,testcontainers-ryuk-621b84f5-97fc-4335-b38e-b84681c6deff,0.00,2.4
10:43:31,keen_kowalevski,19.69,456.1
10:43:31,busy_jepsen,84.71,270.7
10:43:31,testcontainers-ryuk-621b84f5-97fc-4335-b38e-b84681c6deff,0.00,2.4
10:43:37,keen_kowalevski,18.40,456.7
10:43:37,busy_jepsen,80.92,270.9
10:43:37,testcontainers-ryuk-621b84f5-97fc-4335-b38e-b84681c6deff,0.00,2.4
10:43:42,keen_kowalevski,19.42,457.5
10:43:42,busy_jepsen,87.02,270.9
10:43:42,testcontainers-ryuk-621b84f5-97fc-4335-b38e-b84681c6deff,0.00,2.4
10:43:47,keen_kowalevski,15.43,458.0
10:43:47,busy_jepsen,95.83,285.4
10:43:47,testcontainers-ryuk-621b84f5-97fc-4335-b38e-b84681c6deff,0.00,2.4
10:43:52,keen_kowalevski,21.85,458.3
10:43:52,busy_jepsen,94.51,271.1
10:43:52,testcontainers-ryuk-621b84f5-97fc-4335-b38e-b84681c6deff,0.00,2.4
10:43:57,keen_kowalevski,16.01,458.9
10:43:57,busy_jepsen,93.22,270.8
10:43:57,testcontainers-ryuk-621b84f5-97fc-4335-b38e-b84681c6deff,0.00,2.4
10:44:02,keen_kowalevski,22.38,458.9
10:44:02,busy_jepsen,93.97,270.8
10:44:02,testcontainers-ryuk-621b84f5-97fc-4335-b38e-b84681c6deff,0.00,2.4
10:44:07,keen_kowalevski,19.65,459.2
10:44:07,busy_jepsen,71.27,270.8
10:44:07,testcontainers-ryuk-621b84f5-97fc-4335-b38e-b84681c6deff,0.00,2.4
10:44:13,keen_kowalevski,19.53,459.8
10:44:13,busy_jepsen,81.69,271.1
10:44:13,testcontainers-ryuk-621b84f5-97fc-4335-b38e-b84681c6deff,0.00,2.4
10:44:18,keen_kowalevski,18.68,460.1
10:44:18,busy_jepsen,83.83,270.9
10:44:18,testcontainers-ryuk-621b84f5-97fc-4335-b38e-b84681c6deff,0.00,2.4
10:44:23,keen_kowalevski,24.84,460.9
10:44:23,busy_jepsen,81.30,271.0
10:44:23,testcontainers-ryuk-621b84f5-97fc-4335-b38e-b84681c6deff,0.00,2.4
10:44:28,keen_kowalevski,18.52,461.5
10:44:28,busy_jepsen,77.23,270.8
10:44:28,testcontainers-ryuk-621b84f5-97fc-4335-b38e-b84681c6deff,0.00,2.4
10:44:33,keen_kowalevski,19.81,461.4
10:44:33,busy_jepsen,93.03,270.9
10:44:33,testcontainers-ryuk-621b84f5-97fc-4335-b38e-b84681c6deff,0.00,2.4
10:44:38,keen_kowalevski,21.55,462.0
10:44:38,busy_jepsen,93.13,270.9
10:44:38,testcontainers-ryuk-621b84f5-97fc-4335-b38e-b84681c6deff,0.00,2.4
10:44:44,keen_kowalevski,18.59,462.4
10:44:44,busy_jepsen,94.07,271.0
10:44:44,testcontainers-ryuk-621b84f5-97fc-4335-b38e-b84681c6deff,0.00,2.4
10:44:49,keen_kowalevski,22.53,462.8
10:44:49,busy_jepsen,92.95,273.4
10:44:49,testcontainers-ryuk-621b84f5-97fc-4335-b38e-b84681c6deff,0.00,2.4
10:44:54,keen_kowalevski,21.84,463.1
10:44:54,busy_jepsen,87.65,271.4
10:44:54,testcontainers-ryuk-621b84f5-97fc-4335-b38e-b84681c6deff,0.00,2.4
10:44:59,keen_kowalevski,23.44,463.7
10:44:59,busy_jepsen,91.13,271.2
10:44:59,testcontainers-ryuk-621b84f5-97fc-4335-b38e-b84681c6deff,0.00,2.4
10:45:04,keen_kowalevski,21.71,463.9
10:45:04,busy_jepsen,84.05,271.0
10:45:04,testcontainers-ryuk-621b84f5-97fc-4335-b38e-b84681c6deff,0.00,2.4
10:45:09,keen_kowalevski,19.63,464.4
10:45:09,busy_jepsen,84.28,271.3
10:45:09,testcontainers-ryuk-621b84f5-97fc-4335-b38e-b84681c6deff,0.00,2.4
10:45:14,keen_kowalevski,18.93,464.8
10:45:14,busy_jepsen,91.58,271.4
10:45:14,testcontainers-ryuk-621b84f5-97fc-4335-b38e-b84681c6deff,0.00,2.4
10:45:20,keen_kowalevski,21.20,465.1
10:45:20,busy_jepsen,91.87,271.7
10:45:20,testcontainers-ryuk-621b84f5-97fc-4335-b38e-b84681c6deff,0.00,2.4
10:45:25,keen_kowalevski,27.74,465.5
10:45:25,busy_jepsen,85.32,271.9
10:45:25,testcontainers-ryuk-621b84f5-97fc-4335-b38e-b84681c6deff,0.00,2.4
10:45:30,keen_kowalevski,21.10,465.9
10:45:30,busy_jepsen,86.06,272.3
10:45:30,testcontainers-ryuk-621b84f5-97fc-4335-b38e-b84681c6deff,0.00,2.4
10:45:35,keen_kowalevski,21.78,466.1
10:45:35,busy_jepsen,89.87,272.3
10:45:35,testcontainers-ryuk-621b84f5-97fc-4335-b38e-b84681c6deff,0.00,2.4
10:45:40,keen_kowalevski,17.66,466.5
10:45:40,busy_jepsen,95.23,272.6
10:45:40,testcontainers-ryuk-621b84f5-97fc-4335-b38e-b84681c6deff,0.00,2.4
10:45:45,keen_kowalevski,21.54,466.7
10:45:45,busy_jepsen,103.69,274.6
10:45:45,testcontainers-ryuk-621b84f5-97fc-4335-b38e-b84681c6deff,0.00,2.4
10:45:50,keen_kowalevski,18.07,467.3
10:45:50,busy_jepsen,96.90,275.0
10:45:50,testcontainers-ryuk-621b84f5-97fc-4335-b38e-b84681c6deff,0.00,2.4
10:45:56,keen_kowalevski,12.94,467.4
10:45:56,busy_jepsen,129.60,336.2
10:45:56,testcontainers-ryuk-621b84f5-97fc-4335-b38e-b84681c6deff,0.00,2.4
10:46:01,keen_kowalevski,14.22,467.9
10:46:01,busy_jepsen,118.68,273.9
10:46:01,testcontainers-ryuk-621b84f5-97fc-4335-b38e-b84681c6deff,0.00,2.4
10:46:06,keen_kowalevski,20.96,468.2
10:46:06,busy_jepsen,124.13,274.1
10:46:06,testcontainers-ryuk-621b84f5-97fc-4335-b38e-b84681c6deff,0.00,2.4
10:46:11,keen_kowalevski,17.26,468.4
10:46:11,busy_jepsen,126.73,274.3
10:46:11,testcontainers-ryuk-621b84f5-97fc-4335-b38e-b84681c6deff,0.00,2.4
10:46:16,keen_kowalevski,14.72,468.6
10:46:16,busy_jepsen,39.24,264.0
10:46:16,testcontainers-ryuk-621b84f5-97fc-4335-b38e-b84681c6deff,0.00,2.4
10:46:21,keen_kowalevski,8.25,469.0
10:46:21,busy_jepsen,58.91,263.8
10:46:21,testcontainers-ryuk-621b84f5-97fc-4335-b38e-b84681c6deff,0.00,2.4
10:46:26,keen_kowalevski,5.79,469.1
10:46:26,busy_jepsen,37.39,263.9
10:46:26,testcontainers-ryuk-621b84f5-97fc-4335-b38e-b84681c6deff,0.00,2.4
10:46:32,keen_kowalevski,5.78,468.9
10:46:32,busy_jepsen,35.24,263.7
10:46:32,testcontainers-ryuk-621b84f5-97fc-4335-b38e-b84681c6deff,0.00,2.4
10:46:37,keen_kowalevski,6.26,469.0
10:46:37,busy_jepsen,23.14,263.9
10:46:37,testcontainers-ryuk-621b84f5-97fc-4335-b38e-b84681c6deff,0.00,2.4
10:46:42,keen_kowalevski,8.84,469.6
10:46:42,busy_jepsen,116.26,264.3
10:46:42,testcontainers-ryuk-621b84f5-97fc-4335-b38e-b84681c6deff,0.00,2.4
10:46:47,keen_kowalevski,8.34,469.5
10:46:47,busy_jepsen,96.34,265.7
10:46:47,testcontainers-ryuk-621b84f5-97fc-4335-b38e-b84681c6deff,0.00,2.4
10:46:53,keen_kowalevski,10.25,470.3
10:46:53,busy_jepsen,98.86,266.8
10:46:53,testcontainers-ryuk-621b84f5-97fc-4335-b38e-b84681c6deff,0.00,2.4
10:46:58,keen_kowalevski,8.63,470.5
10:46:58,busy_jepsen,101.85,267.8
10:46:58,testcontainers-ryuk-621b84f5-97fc-4335-b38e-b84681c6deff,0.00,2.4
10:47:03,keen_kowalevski,10.27,471.3
10:47:03,busy_jepsen,108.45,267.7
10:47:03,testcontainers-ryuk-621b84f5-97fc-4335-b38e-b84681c6deff,0.00,2.4
10:47:08,keen_kowalevski,5.53,471.4
10:47:08,busy_jepsen,111.44,268.8
10:47:08,testcontainers-ryuk-621b84f5-97fc-4335-b38e-b84681c6deff,0.00,2.4
10:47:13,keen_kowalevski,8.75,472.2
10:47:13,busy_jepsen,115.93,270.0
10:47:13,testcontainers-ryuk-621b84f5-97fc-4335-b38e-b84681c6deff,0.00,2.4
10:47:18,keen_kowalevski,5.21,472.7
10:47:18,busy_jepsen,113.88,270.2
10:47:18,testcontainers-ryuk-621b84f5-97fc-4335-b38e-b84681c6deff,0.00,2.4
10:47:23,keen_kowalevski,5.90,473.3
10:47:23,busy_jepsen,105.61,272.5
10:47:23,testcontainers-ryuk-621b84f5-97fc-4335-b38e-b84681c6deff,0.00,2.4
10:47:29,keen_kowalevski,5.58,473.5
10:47:29,busy_jepsen,120.44,272.0
10:47:29,testcontainers-ryuk-621b84f5-97fc-4335-b38e-b84681c6deff,0.00,2.4
10:47:34,keen_kowalevski,4.01,473.8
10:47:34,busy_jepsen,117.75,274.4
10:47:34,testcontainers-ryuk-621b84f5-97fc-4335-b38e-b84681c6deff,0.00,2.4
10:47:39,keen_kowalevski,7.45,474.3
10:47:39,busy_jepsen,117.21,274.9
10:47:39,testcontainers-ryuk-621b84f5-97fc-4335-b38e-b84681c6deff,0.00,2.4
10:47:44,keen_kowalevski,4.38,474.4
10:47:44,busy_jepsen,118.62,278.5
10:47:44,testcontainers-ryuk-621b84f5-97fc-4335-b38e-b84681c6deff,0.00,2.4
10:47:49,keen_kowalevski,2.25,474.6
10:47:49,busy_jepsen,117.26,280.8
10:47:49,testcontainers-ryuk-621b84f5-97fc-4335-b38e-b84681c6deff,0.00,2.4
10:47:54,keen_kowalevski,2.22,474.7
10:47:54,busy_jepsen,120.05,282.5
10:47:54,testcontainers-ryuk-621b84f5-97fc-4335-b38e-b84681c6deff,0.00,2.4
10:48:00,keen_kowalevski,3.87,474.0
10:48:00,busy_jepsen,124.18,277.7
10:48:00,testcontainers-ryuk-621b84f5-97fc-4335-b38e-b84681c6deff,0.00,2.4
10:48:05,keen_kowalevski,6.35,474.2
10:48:05,busy_jepsen,119.11,279.3
10:48:05,testcontainers-ryuk-621b84f5-97fc-4335-b38e-b84681c6deff,0.00,2.4
10:48:10,keen_kowalevski,7.48,474.1
10:48:10,busy_jepsen,121.32,279.3
10:48:10,testcontainers-ryuk-621b84f5-97fc-4335-b38e-b84681c6deff,0.00,2.4
10:48:15,keen_kowalevski,2.15,474.6
10:48:15,busy_jepsen,121.77,338.8
10:48:15,testcontainers-ryuk-621b84f5-97fc-4335-b38e-b84681c6deff,0.00,2.4
10:48:20,keen_kowalevski,1.67,474.3
10:48:20,busy_jepsen,127.97,342.9
10:48:20,testcontainers-ryuk-621b84f5-97fc-4335-b38e-b84681c6deff,0.00,2.4
10:48:25,keen_kowalevski,4.74,474.6
10:48:25,busy_jepsen,110.87,275.2
10:48:25,testcontainers-ryuk-621b84f5-97fc-4335-b38e-b84681c6deff,0.00,2.4
10:48:30,keen_kowalevski,1.62,474.6
10:48:30,busy_jepsen,122.49,275.2
10:48:30,testcontainers-ryuk-621b84f5-97fc-4335-b38e-b84681c6deff,0.00,2.4
10:48:35,keen_kowalevski,2.58,474.6
10:48:35,busy_jepsen,120.95,275.0
10:48:35,testcontainers-ryuk-621b84f5-97fc-4335-b38e-b84681c6deff,0.00,2.4
10:48:41,keen_kowalevski,1.14,474.8
10:48:41,busy_jepsen,125.07,275.9
10:48:41,testcontainers-ryuk-621b84f5-97fc-4335-b38e-b84681c6deff,0.00,2.4
10:48:46,keen_kowalevski,1.16,474.7
10:48:46,busy_jepsen,124.98,277.9
10:48:46,testcontainers-ryuk-621b84f5-97fc-4335-b38e-b84681c6deff,0.00,2.4
10:48:51,keen_kowalevski,1.08,474.6
10:48:51,busy_jepsen,126.00,280.3
10:48:51,testcontainers-ryuk-621b84f5-97fc-4335-b38e-b84681c6deff,0.00,2.4
10:48:56,keen_kowalevski,0.86,474.6
10:48:56,busy_jepsen,129.00,277.8
10:48:56,testcontainers-ryuk-621b84f5-97fc-4335-b38e-b84681c6deff,0.00,2.4
10:49:01,keen_kowalevski,1.45,474.8
10:49:01,busy_jepsen,126.02,336.4
10:49:01,testcontainers-ryuk-621b84f5-97fc-4335-b38e-b84681c6deff,0.00,2.4
10:49:06,keen_kowalevski,1.43,475.0
10:49:06,busy_jepsen,127.89,342.0
10:49:06,testcontainers-ryuk-621b84f5-97fc-4335-b38e-b84681c6deff,0.00,2.4
10:49:11,keen_kowalevski,4.00,475.0
10:49:11,busy_jepsen,121.05,276.6
10:49:11,testcontainers-ryuk-621b84f5-97fc-4335-b38e-b84681c6deff,0.00,2.4
10:49:16,keen_kowalevski,15.01,474.9
10:49:16,busy_jepsen,123.01,282.0
10:49:16,testcontainers-ryuk-621b84f5-97fc-4335-b38e-b84681c6deff,0.00,2.4
10:49:21,keen_kowalevski,0.97,474.9
10:49:21,busy_jepsen,123.72,278.5
10:49:21,testcontainers-ryuk-621b84f5-97fc-4335-b38e-b84681c6deff,0.00,2.4
10:49:27,keen_kowalevski,1.09,475.1
10:49:27,busy_jepsen,126.25,280.2
10:49:27,testcontainers-ryuk-621b84f5-97fc-4335-b38e-b84681c6deff,0.00,2.4
10:49:32,keen_kowalevski,2.28,475.0
10:49:32,busy_jepsen,121.12,280.1
10:49:32,testcontainers-ryuk-621b84f5-97fc-4335-b38e-b84681c6deff,0.00,2.4
10:49:37,keen_kowalevski,0.77,475.2
10:49:37,busy_jepsen,130.44,282.0
10:49:37,testcontainers-ryuk-621b84f5-97fc-4335-b38e-b84681c6deff,0.00,2.4
10:49:42,keen_kowalevski,0.90,475.2
10:49:42,busy_jepsen,131.46,292.1
10:49:42,testcontainers-ryuk-621b84f5-97fc-4335-b38e-b84681c6deff,0.00,2.4
10:49:47,keen_kowalevski,2.17,475.2
10:49:47,busy_jepsen,195.11,291.8
10:49:47,testcontainers-ryuk-621b84f5-97fc-4335-b38e-b84681c6deff,0.00,2.4
10:49:52,keen_kowalevski,1.37,475.2
10:49:52,busy_jepsen,194.12,288.3
10:49:52,testcontainers-ryuk-621b84f5-97fc-4335-b38e-b84681c6deff,0.00,2.4
10:49:57,keen_kowalevski,2.26,475.3
10:49:57,busy_jepsen,196.35,287.6
10:49:57,testcontainers-ryuk-621b84f5-97fc-4335-b38e-b84681c6deff,0.00,2.4
10:50:02,keen_kowalevski,2.27,475.7
10:50:02,busy_jepsen,182.25,289.9
10:50:02,testcontainers-ryuk-621b84f5-97fc-4335-b38e-b84681c6deff,0.00,2.4
10:50:07,keen_kowalevski,1.60,475.7
10:50:07,busy_jepsen,195.26,287.2
10:50:07,testcontainers-ryuk-621b84f5-97fc-4335-b38e-b84681c6deff,0.00,2.4
10:50:12,keen_kowalevski,2.38,475.8
10:50:12,busy_jepsen,193.63,289.8
10:50:12,testcontainers-ryuk-621b84f5-97fc-4335-b38e-b84681c6deff,0.00,2.4
10:50:18,keen_kowalevski,1.82,475.8
10:50:18,busy_jepsen,195.54,287.6
10:50:18,testcontainers-ryuk-621b84f5-97fc-4335-b38e-b84681c6deff,0.00,2.4
10:50:23,keen_kowalevski,1.97,476.1
10:50:23,busy_jepsen,194.38,286.9
10:50:23,testcontainers-ryuk-621b84f5-97fc-4335-b38e-b84681c6deff,0.00,2.4
10:50:28,keen_kowalevski,2.05,476.1
10:50:28,busy_jepsen,193.70,287.0
10:50:28,testcontainers-ryuk-621b84f5-97fc-4335-b38e-b84681c6deff,0.00,2.4
10:50:33,keen_kowalevski,1.59,476.2
10:50:33,busy_jepsen,194.93,291.1
10:50:33,testcontainers-ryuk-621b84f5-97fc-4335-b38e-b84681c6deff,0.00,2.4
10:50:38,keen_kowalevski,1.80,476.4
10:50:38,busy_jepsen,193.78,291.1
10:50:38,testcontainers-ryuk-621b84f5-97fc-4335-b38e-b84681c6deff,0.00,2.4
10:50:43,keen_kowalevski,5.37,476.4
10:50:43,busy_jepsen,196.01,291.4
10:50:43,testcontainers-ryuk-621b84f5-97fc-4335-b38e-b84681c6deff,0.00,2.4
10:50:48,keen_kowalevski,2.63,476.5
10:50:48,busy_jepsen,192.63,287.6
10:50:48,testcontainers-ryuk-621b84f5-97fc-4335-b38e-b84681c6deff,0.00,2.4
10:50:53,keen_kowalevski,1.95,476.6
10:50:53,busy_jepsen,195.06,292.1
10:50:53,testcontainers-ryuk-621b84f5-97fc-4335-b38e-b84681c6deff,0.00,2.4
10:50:58,keen_kowalevski,2.26,476.8
10:50:58,busy_jepsen,195.70,287.1
10:50:58,testcontainers-ryuk-621b84f5-97fc-4335-b38e-b84681c6deff,0.00,2.4
10:51:03,keen_kowalevski,1.91,476.8
10:51:03,busy_jepsen,187.36,291.6
10:51:03,testcontainers-ryuk-621b84f5-97fc-4335-b38e-b84681c6deff,0.00,2.4
10:51:08,keen_kowalevski,7.22,476.9
10:51:08,busy_jepsen,187.29,290.6
10:51:08,testcontainers-ryuk-621b84f5-97fc-4335-b38e-b84681c6deff,0.00,2.4
10:51:14,keen_kowalevski,1.29,476.9
10:51:14,busy_jepsen,195.10,287.5
10:51:14,testcontainers-ryuk-621b84f5-97fc-4335-b38e-b84681c6deff,0.00,2.4
10:51:19,keen_kowalevski,1.08,477.1
10:51:19,busy_jepsen,193.31,287.1
10:51:19,testcontainers-ryuk-621b84f5-97fc-4335-b38e-b84681c6deff,0.00,2.4
10:51:24,keen_kowalevski,2.46,476.9
10:51:24,busy_jepsen,195.12,288.0
10:51:24,testcontainers-ryuk-621b84f5-97fc-4335-b38e-b84681c6deff,0.00,2.4
10:51:29,keen_kowalevski,1.34,477.1
10:51:29,busy_jepsen,184.74,287.7
10:51:29,testcontainers-ryuk-621b84f5-97fc-4335-b38e-b84681c6deff,0.00,2.4
10:51:34,keen_kowalevski,1.67,477.0
10:51:34,busy_jepsen,194.40,291.0
10:51:34,testcontainers-ryuk-621b84f5-97fc-4335-b38e-b84681c6deff,0.00,2.4
10:51:39,keen_kowalevski,1.90,477.3
10:51:39,busy_jepsen,194.17,287.6
10:51:39,testcontainers-ryuk-621b84f5-97fc-4335-b38e-b84681c6deff,0.00,2.4
10:51:44,keen_kowalevski,1.26,477.2
10:51:44,busy_jepsen,196.40,291.2
10:51:44,testcontainers-ryuk-621b84f5-97fc-4335-b38e-b84681c6deff,0.00,2.4
10:51:49,keen_kowalevski,1.26,477.4
10:51:49,busy_jepsen,195.59,293.9
10:51:49,testcontainers-ryuk-621b84f5-97fc-4335-b38e-b84681c6deff,0.00,2.4
10:51:54,keen_kowalevski,2.45,477.5
10:51:54,busy_jepsen,192.92,349.2
10:51:54,testcontainers-ryuk-621b84f5-97fc-4335-b38e-b84681c6deff,0.00,2.4
10:51:59,keen_kowalevski,1.46,477.6
10:51:59,busy_jepsen,194.77,291.5
10:51:59,testcontainers-ryuk-621b84f5-97fc-4335-b38e-b84681c6deff,0.00,2.4
10:52:04,keen_kowalevski,1.83,477.5
10:52:04,busy_jepsen,193.69,288.4
10:52:04,testcontainers-ryuk-621b84f5-97fc-4335-b38e-b84681c6deff,0.00,2.4
10:52:09,keen_kowalevski,2.22,477.7
10:52:09,busy_jepsen,194.70,291.6
10:52:09,testcontainers-ryuk-621b84f5-97fc-4335-b38e-b84681c6deff,0.00,2.4
10:52:15,keen_kowalevski,0.90,477.5
10:52:15,busy_jepsen,196.57,288.3
10:52:15,testcontainers-ryuk-621b84f5-97fc-4335-b38e-b84681c6deff,0.00,2.4
10:52:20,keen_kowalevski,1.62,477.7
10:52:20,busy_jepsen,196.22,295.3
10:52:20,testcontainers-ryuk-621b84f5-97fc-4335-b38e-b84681c6deff,0.00,2.4
10:52:25,keen_kowalevski,6.23,478.1
10:52:25,busy_jepsen,194.99,288.2
10:52:25,testcontainers-ryuk-621b84f5-97fc-4335-b38e-b84681c6deff,0.00,2.4
10:52:30,keen_kowalevski,2.31,478.2
10:52:30,busy_jepsen,194.25,294.4
10:52:30,testcontainers-ryuk-621b84f5-97fc-4335-b38e-b84681c6deff,0.00,2.4
10:52:35,keen_kowalevski,1.52,478.1
10:52:35,busy_jepsen,194.11,288.1
10:52:35,testcontainers-ryuk-621b84f5-97fc-4335-b38e-b84681c6deff,0.00,2.4
10:52:40,keen_kowalevski,1.94,478.1
10:52:40,busy_jepsen,192.90,291.8
10:52:40,testcontainers-ryuk-621b84f5-97fc-4335-b38e-b84681c6deff,0.00,2.4
10:52:45,keen_kowalevski,1.27,478.9
10:52:45,busy_jepsen,189.03,291.9
10:52:45,testcontainers-ryuk-621b84f5-97fc-4335-b38e-b84681c6deff,0.00,2.4
10:52:50,keen_kowalevski,2.21,478.6
10:52:50,busy_jepsen,193.81,288.7
10:52:50,testcontainers-ryuk-621b84f5-97fc-4335-b38e-b84681c6deff,0.00,2.4
10:52:55,keen_kowalevski,2.69,479.0
10:52:55,busy_jepsen,198.48,292.1
10:52:55,testcontainers-ryuk-621b84f5-97fc-4335-b38e-b84681c6deff,0.00,2.4
10:53:00,keen_kowalevski,1.45,478.9
10:53:00,busy_jepsen,194.76,288.6
10:53:00,testcontainers-ryuk-621b84f5-97fc-4335-b38e-b84681c6deff,0.00,2.4
10:53:05,keen_kowalevski,1.22,478.8
10:53:05,busy_jepsen,195.31,288.6
10:53:05,testcontainers-ryuk-621b84f5-97fc-4335-b38e-b84681c6deff,0.00,2.4
10:53:11,keen_kowalevski,2.28,479.5
10:53:11,busy_jepsen,192.71,289.8
10:53:11,testcontainers-ryuk-621b84f5-97fc-4335-b38e-b84681c6deff,0.00,2.4
10:53:16,keen_kowalevski,1.69,479.8
10:53:16,busy_jepsen,196.35,292.3
10:53:16,testcontainers-ryuk-621b84f5-97fc-4335-b38e-b84681c6deff,0.00,2.4
10:53:21,keen_kowalevski,1.62,479.9
10:53:21,busy_jepsen,195.99,288.0
10:53:21,testcontainers-ryuk-621b84f5-97fc-4335-b38e-b84681c6deff,0.00,2.4
10:53:26,keen_kowalevski,1.66,479.7
10:53:26,busy_jepsen,196.37,292.2
10:53:26,testcontainers-ryuk-621b84f5-97fc-4335-b38e-b84681c6deff,0.00,2.4
10:53:31,keen_kowalevski,11.50,480.0
10:53:31,busy_jepsen,186.81,288.9
10:53:31,testcontainers-ryuk-621b84f5-97fc-4335-b38e-b84681c6deff,0.00,2.4
10:53:36,keen_kowalevski,2.22,481.0
10:53:36,busy_jepsen,194.69,287.3
10:53:36,testcontainers-ryuk-621b84f5-97fc-4335-b38e-b84681c6deff,0.00,2.4
10:53:41,keen_kowalevski,1.75,481.0
10:53:41,busy_jepsen,195.39,287.8
10:53:41,testcontainers-ryuk-621b84f5-97fc-4335-b38e-b84681c6deff,0.00,2.4
10:53:46,keen_kowalevski,1.84,481.1
10:53:46,busy_jepsen,196.19,291.6
10:53:46,testcontainers-ryuk-621b84f5-97fc-4335-b38e-b84681c6deff,0.00,2.4
10:53:51,keen_kowalevski,2.21,481.2
10:53:51,busy_jepsen,195.34,294.1
10:53:51,testcontainers-ryuk-621b84f5-97fc-4335-b38e-b84681c6deff,0.00,2.4
10:53:56,keen_kowalevski,1.51,481.1
10:53:56,busy_jepsen,194.88,290.3
10:53:56,testcontainers-ryuk-621b84f5-97fc-4335-b38e-b84681c6deff,0.00,2.4
10:54:02,keen_kowalevski,1.24,481.2
10:54:02,busy_jepsen,193.51,291.5
10:54:02,testcontainers-ryuk-621b84f5-97fc-4335-b38e-b84681c6deff,0.00,2.4
10:54:07,keen_kowalevski,2.36,481.4
10:54:07,busy_jepsen,193.49,291.6
10:54:07,testcontainers-ryuk-621b84f5-97fc-4335-b38e-b84681c6deff,0.00,2.4
10:54:12,keen_kowalevski,2.22,481.6
10:54:12,busy_jepsen,193.17,287.4
10:54:12,testcontainers-ryuk-621b84f5-97fc-4335-b38e-b84681c6deff,0.00,2.4
10:54:16,keen_kowalevski,2.03,481.4
10:54:16,busy_jepsen,195.13,292.2
10:54:16,testcontainers-ryuk-621b84f5-97fc-4335-b38e-b84681c6deff,0.00,2.4
10:54:21,keen_kowalevski,2.43,482.3
10:54:21,busy_jepsen,194.50,287.5
10:54:21,testcontainers-ryuk-621b84f5-97fc-4335-b38e-b84681c6deff,0.00,2.4
10:54:26,keen_kowalevski,2.11,482.1
10:54:26,busy_jepsen,196.14,291.8
10:54:26,testcontainers-ryuk-621b84f5-97fc-4335-b38e-b84681c6deff,0.00,2.4
10:54:31,keen_kowalevski,2.20,482.1
10:54:31,busy_jepsen,193.62,287.7
10:54:31,testcontainers-ryuk-621b84f5-97fc-4335-b38e-b84681c6deff,0.00,2.4
10:54:36,keen_kowalevski,1.02,482.5
10:54:36,busy_jepsen,192.42,290.9
10:54:36,testcontainers-ryuk-621b84f5-97fc-4335-b38e-b84681c6deff,0.00,2.4
10:54:41,keen_kowalevski,1.44,482.9
10:54:41,busy_jepsen,195.50,288.4
10:54:41,testcontainers-ryuk-621b84f5-97fc-4335-b38e-b84681c6deff,0.00,2.4
10:54:45,keen_kowalevski,1.60,483.1
10:54:45,busy_jepsen,196.17,321.3
10:54:45,testcontainers-ryuk-621b84f5-97fc-4335-b38e-b84681c6deff,0.00,2.4
10:54:50,keen_kowalevski,2.72,483.2
10:54:50,busy_jepsen,192.17,289.8
10:54:50,testcontainers-ryuk-621b84f5-97fc-4335-b38e-b84681c6deff,0.00,2.4
10:54:56,keen_kowalevski,2.18,483.3
10:54:56,busy_jepsen,194.59,291.8
10:54:56,testcontainers-ryuk-621b84f5-97fc-4335-b38e-b84681c6deff,0.00,2.4
10:55:01,keen_kowalevski,2.06,483.4
10:55:01,busy_jepsen,195.27,287.7
10:55:01,testcontainers-ryuk-621b84f5-97fc-4335-b38e-b84681c6deff,0.00,2.4
10:55:06,keen_kowalevski,1.86,483.9
10:55:06,busy_jepsen,196.29,291.7
10:55:06,testcontainers-ryuk-621b84f5-97fc-4335-b38e-b84681c6deff,0.00,2.4
10:55:11,keen_kowalevski,2.38,483.9
10:55:11,busy_jepsen,192.55,287.6
10:55:11,testcontainers-ryuk-621b84f5-97fc-4335-b38e-b84681c6deff,0.00,2.4
10:55:16,keen_kowalevski,1.36,484.1
10:55:16,busy_jepsen,197.32,292.5
10:55:16,testcontainers-ryuk-621b84f5-97fc-4335-b38e-b84681c6deff,0.00,2.4
10:55:21,keen_kowalevski,2.05,484.1
10:55:21,busy_jepsen,195.98,288.1
10:55:21,testcontainers-ryuk-621b84f5-97fc-4335-b38e-b84681c6deff,0.00,2.4
10:55:26,keen_kowalevski,2.94,484.7
10:55:26,busy_jepsen,181.05,287.5
10:55:26,testcontainers-ryuk-621b84f5-97fc-4335-b38e-b84681c6deff,0.00,2.4
10:55:31,keen_kowalevski,1.40,484.9
10:55:31,busy_jepsen,176.83,292.1
10:55:31,testcontainers-ryuk-621b84f5-97fc-4335-b38e-b84681c6deff,0.00,2.4
10:55:36,keen_kowalevski,1.98,484.8
10:55:36,busy_jepsen,194.25,287.9
10:55:36,testcontainers-ryuk-621b84f5-97fc-4335-b38e-b84681c6deff,0.00,2.4
10:55:41,keen_kowalevski,2.08,485.0
10:55:41,busy_jepsen,194.34,292.7
10:55:41,testcontainers-ryuk-621b84f5-97fc-4335-b38e-b84681c6deff,0.00,2.4
10:55:47,keen_kowalevski,3.77,485.6
10:55:47,busy_jepsen,189.93,289.3
10:55:47,testcontainers-ryuk-621b84f5-97fc-4335-b38e-b84681c6deff,0.00,2.4
10:55:52,keen_kowalevski,1.25,485.4
10:55:52,busy_jepsen,197.39,290.0
10:55:52,testcontainers-ryuk-621b84f5-97fc-4335-b38e-b84681c6deff,0.00,2.4
10:55:57,keen_kowalevski,0.76,485.7
10:55:57,busy_jepsen,192.38,293.2
10:55:57,testcontainers-ryuk-621b84f5-97fc-4335-b38e-b84681c6deff,0.00,2.4
10:56:02,keen_kowalevski,2.53,485.7
10:56:02,busy_jepsen,193.66,287.8
10:56:02,testcontainers-ryuk-621b84f5-97fc-4335-b38e-b84681c6deff,0.00,2.4
10:56:07,keen_kowalevski,1.57,485.7
10:56:07,busy_jepsen,194.16,292.9
10:56:07,testcontainers-ryuk-621b84f5-97fc-4335-b38e-b84681c6deff,0.00,2.4
10:56:12,keen_kowalevski,1.53,486.6
10:56:12,busy_jepsen,194.68,291.4
10:56:12,testcontainers-ryuk-621b84f5-97fc-4335-b38e-b84681c6deff,0.00,2.4
10:56:17,keen_kowalevski,2.84,486.7
10:56:17,busy_jepsen,193.38,287.9
10:56:17,testcontainers-ryuk-621b84f5-97fc-4335-b38e-b84681c6deff,0.00,2.4
10:56:22,keen_kowalevski,2.25,486.5
10:56:22,busy_jepsen,194.14,289.6
10:56:22,testcontainers-ryuk-621b84f5-97fc-4335-b38e-b84681c6deff,0.00,2.4
10:56:27,keen_kowalevski,1.55,486.4
10:56:27,busy_jepsen,195.87,291.6
10:56:27,testcontainers-ryuk-621b84f5-97fc-4335-b38e-b84681c6deff,0.00,2.4
10:56:32,keen_kowalevski,2.37,486.8
10:56:32,busy_jepsen,179.36,287.7
10:56:32,testcontainers-ryuk-621b84f5-97fc-4335-b38e-b84681c6deff,0.00,2.4
10:56:37,keen_kowalevski,1.35,487.2
10:56:37,busy_jepsen,193.72,291.3
10:56:37,testcontainers-ryuk-621b84f5-97fc-4335-b38e-b84681c6deff,0.00,2.4
10:56:43,keen_kowalevski,1.82,487.2
10:56:43,busy_jepsen,193.83,291.8
10:56:43,testcontainers-ryuk-621b84f5-97fc-4335-b38e-b84681c6deff,0.00,2.4
10:56:48,keen_kowalevski,2.04,487.2
10:56:48,busy_jepsen,195.23,287.5
10:56:48,testcontainers-ryuk-621b84f5-97fc-4335-b38e-b84681c6deff,0.00,2.4
10:56:53,keen_kowalevski,1.42,487.9
10:56:53,busy_jepsen,192.26,287.5
10:56:53,testcontainers-ryuk-621b84f5-97fc-4335-b38e-b84681c6deff,0.00,2.4
10:56:58,keen_kowalevski,3.13,488.0
10:56:58,busy_jepsen,188.96,291.2
10:56:58,testcontainers-ryuk-621b84f5-97fc-4335-b38e-b84681c6deff,0.00,2.4
10:57:03,keen_kowalevski,4.87,488.0
10:57:03,busy_jepsen,196.44,289.0
10:57:03,testcontainers-ryuk-621b84f5-97fc-4335-b38e-b84681c6deff,0.00,2.4
10:57:08,keen_kowalevski,4.15,489.0
10:57:08,busy_jepsen,189.80,288.5
10:57:08,testcontainers-ryuk-621b84f5-97fc-4335-b38e-b84681c6deff,0.00,2.4
10:57:13,keen_kowalevski,2.05,489.1
10:57:13,busy_jepsen,191.69,291.2
10:57:13,testcontainers-ryuk-621b84f5-97fc-4335-b38e-b84681c6deff,0.00,2.4
10:57:18,keen_kowalevski,2.55,489.2
10:57:18,busy_jepsen,193.54,287.6
10:57:18,testcontainers-ryuk-621b84f5-97fc-4335-b38e-b84681c6deff,0.00,2.4
10:57:23,keen_kowalevski,2.11,489.5
10:57:23,busy_jepsen,192.74,296.2
10:57:23,testcontainers-ryuk-621b84f5-97fc-4335-b38e-b84681c6deff,0.00,2.4
10:57:28,keen_kowalevski,1.96,489.7
10:57:28,busy_jepsen,191.73,291.4
10:57:28,testcontainers-ryuk-621b84f5-97fc-4335-b38e-b84681c6deff,0.00,2.4
10:57:33,keen_kowalevski,1.75,489.6
10:57:33,busy_jepsen,185.99,287.6
10:57:33,testcontainers-ryuk-621b84f5-97fc-4335-b38e-b84681c6deff,0.00,2.4
10:57:39,keen_kowalevski,1.90,489.7
10:57:39,busy_jepsen,195.10,289.0
10:57:39,testcontainers-ryuk-621b84f5-97fc-4335-b38e-b84681c6deff,0.00,2.4
10:57:44,keen_kowalevski,1.88,489.7
10:57:44,busy_jepsen,191.51,287.5
10:57:44,testcontainers-ryuk-621b84f5-97fc-4335-b38e-b84681c6deff,0.00,2.4
10:57:49,keen_kowalevski,1.34,490.3
10:57:49,busy_jepsen,193.58,289.3
10:57:49,testcontainers-ryuk-621b84f5-97fc-4335-b38e-b84681c6deff,0.00,2.4
10:57:54,keen_kowalevski,1.91,490.4
10:57:54,busy_jepsen,194.20,289.9
10:57:54,testcontainers-ryuk-621b84f5-97fc-4335-b38e-b84681c6deff,0.00,2.4
10:57:59,keen_kowalevski,1.85,490.6
10:57:59,busy_jepsen,195.15,290.0
10:57:59,testcontainers-ryuk-621b84f5-97fc-4335-b38e-b84681c6deff,0.00,2.4
10:58:04,keen_kowalevski,7.91,491.1
10:58:04,busy_jepsen,182.72,288.2
10:58:04,testcontainers-ryuk-621b84f5-97fc-4335-b38e-b84681c6deff,0.00,2.4
10:58:09,keen_kowalevski,7.32,491.6
10:58:09,busy_jepsen,181.18,287.6
10:58:09,testcontainers-ryuk-621b84f5-97fc-4335-b38e-b84681c6deff,0.00,2.4
10:58:14,keen_kowalevski,3.74,491.7
10:58:14,busy_jepsen,188.97,287.7
10:58:14,testcontainers-ryuk-621b84f5-97fc-4335-b38e-b84681c6deff,0.00,2.4
10:58:19,keen_kowalevski,1.52,492.0
10:58:19,busy_jepsen,191.20,287.4
10:58:19,testcontainers-ryuk-621b84f5-97fc-4335-b38e-b84681c6deff,0.00,2.4
10:58:24,keen_kowalevski,2.10,492.6
10:58:24,busy_jepsen,190.95,287.3
10:58:24,testcontainers-ryuk-621b84f5-97fc-4335-b38e-b84681c6deff,0.00,2.4
10:58:29,keen_kowalevski,1.50,492.5
10:58:29,busy_jepsen,139.40,287.3
10:58:29,testcontainers-ryuk-621b84f5-97fc-4335-b38e-b84681c6deff,0.00,2.4
10:58:35,keen_kowalevski,1.32,492.4
10:58:35,busy_jepsen,141.51,287.3
10:58:35,testcontainers-ryuk-621b84f5-97fc-4335-b38e-b84681c6deff,0.00,2.4
10:58:40,keen_kowalevski,1.26,492.4
10:58:40,busy_jepsen,140.60,287.5
10:58:40,testcontainers-ryuk-621b84f5-97fc-4335-b38e-b84681c6deff,0.00,2.4
10:58:45,keen_kowalevski,1.38,492.5
10:58:45,busy_jepsen,103.32,343.1
10:58:45,testcontainers-ryuk-621b84f5-97fc-4335-b38e-b84681c6deff,0.00,2.4
10:58:50,keen_kowalevski,4.60,492.7
10:58:50,busy_jepsen,20.65,268.6
10:58:50,testcontainers-ryuk-621b84f5-97fc-4335-b38e-b84681c6deff,0.00,2.4
10:58:55,keen_kowalevski,4.58,493.6
10:58:55,busy_jepsen,20.05,268.6
10:58:55,testcontainers-ryuk-621b84f5-97fc-4335-b38e-b84681c6deff,0.00,2.4
10:59:00,keen_kowalevski,4.66,493.7
10:59:00,busy_jepsen,21.31,268.9
10:59:00,testcontainers-ryuk-621b84f5-97fc-4335-b38e-b84681c6deff,0.00,2.4
10:59:05,keen_kowalevski,4.65,493.6
10:59:05,busy_jepsen,21.53,268.8
10:59:05,testcontainers-ryuk-621b84f5-97fc-4335-b38e-b84681c6deff,0.00,2.4
10:59:10,keen_kowalevski,7.71,495.1
10:59:10,busy_jepsen,21.92,268.7
10:59:10,testcontainers-ryuk-621b84f5-97fc-4335-b38e-b84681c6deff,0.00,2.4
10:59:15,keen_kowalevski,4.48,495.1
10:59:15,busy_jepsen,23.46,268.9
10:59:15,testcontainers-ryuk-621b84f5-97fc-4335-b38e-b84681c6deff,0.00,2.4
10:59:20,keen_kowalevski,4.71,495.2
10:59:20,busy_jepsen,22.20,268.9
10:59:20,testcontainers-ryuk-621b84f5-97fc-4335-b38e-b84681c6deff,0.00,2.4
10:59:25,keen_kowalevski,4.88,495.1
10:59:25,busy_jepsen,22.70,269.1
10:59:25,testcontainers-ryuk-621b84f5-97fc-4335-b38e-b84681c6deff,0.00,2.4
10:59:31,keen_kowalevski,4.62,496.3
10:59:31,busy_jepsen,21.32,269.1
10:59:31,testcontainers-ryuk-621b84f5-97fc-4335-b38e-b84681c6deff,0.00,2.4
10:59:36,keen_kowalevski,4.66,496.4
10:59:36,busy_jepsen,21.71,268.7
10:59:36,testcontainers-ryuk-621b84f5-97fc-4335-b38e-b84681c6deff,0.00,2.4
10:59:41,keen_kowalevski,4.87,496.2
10:59:41,busy_jepsen,22.50,268.7
10:59:41,testcontainers-ryuk-621b84f5-97fc-4335-b38e-b84681c6deff,0.00,2.4
10:59:46,keen_kowalevski,4.14,498.1
10:59:46,busy_jepsen,23.07,268.7
10:59:46,testcontainers-ryuk-621b84f5-97fc-4335-b38e-b84681c6deff,0.00,2.4
10:59:51,keen_kowalevski,5.23,498.2
10:59:51,busy_jepsen,25.56,268.7
10:59:51,testcontainers-ryuk-621b84f5-97fc-4335-b38e-b84681c6deff,0.00,2.4
10:59:56,keen_kowalevski,4.53,498.3
10:59:56,busy_jepsen,29.54,269.0
10:59:56,testcontainers-ryuk-621b84f5-97fc-4335-b38e-b84681c6deff,0.00,2.4
11:00:01,keen_kowalevski,4.92,498.4
11:00:01,busy_jepsen,31.39,268.9
11:00:01,testcontainers-ryuk-621b84f5-97fc-4335-b38e-b84681c6deff,0.00,2.4
11:00:06,keen_kowalevski,4.54,498.5
11:00:06,busy_jepsen,31.28,269.4
11:00:06,testcontainers-ryuk-621b84f5-97fc-4335-b38e-b84681c6deff,0.00,2.4
11:00:11,keen_kowalevski,4.62,498.4
11:00:11,busy_jepsen,32.24,268.9
11:00:11,testcontainers-ryuk-621b84f5-97fc-4335-b38e-b84681c6deff,0.00,2.4
11:00:16,keen_kowalevski,4.47,498.5
11:00:16,busy_jepsen,10.07,269.2
11:00:16,testcontainers-ryuk-621b84f5-97fc-4335-b38e-b84681c6deff,0.00,2.4
11:00:21,keen_kowalevski,1.19,498.6
11:00:21,busy_jepsen,3.12,269.2
11:00:21,testcontainers-ryuk-621b84f5-97fc-4335-b38e-b84681c6deff,0.00,2.4
11:00:26,keen_kowalevski,1.07,498.6
11:00:26,busy_jepsen,3.05,268.9
11:00:26,testcontainers-ryuk-621b84f5-97fc-4335-b38e-b84681c6deff,0.00,2.4
11:00:31,keen_kowalevski,1.03,498.6
11:00:31,busy_jepsen,3.16,269.2
11:00:31,testcontainers-ryuk-621b84f5-97fc-4335-b38e-b84681c6deff,0.00,2.4
11:00:36,keen_kowalevski,1.10,498.5
11:00:36,busy_jepsen,3.22,269.2
11:00:36,testcontainers-ryuk-621b84f5-97fc-4335-b38e-b84681c6deff,0.00,2.4
11:00:41,keen_kowalevski,1.00,498.5
11:00:41,busy_jepsen,3.05,269.1
11:00:41,testcontainers-ryuk-621b84f5-97fc-4335-b38e-b84681c6deff,0.00,2.4
11:00:47,keen_kowalevski,1.01,499.8
11:00:47,busy_jepsen,3.08,269.1
11:00:47,testcontainers-ryuk-621b84f5-97fc-4335-b38e-b84681c6deff,0.00,2.4
11:00:52,keen_kowalevski,1.03,499.8
11:00:52,busy_jepsen,3.03,268.9
11:00:52,testcontainers-ryuk-621b84f5-97fc-4335-b38e-b84681c6deff,0.00,2.4
11:00:57,keen_kowalevski,1.29,499.8
11:00:57,busy_jepsen,3.15,269.0
11:00:57,testcontainers-ryuk-621b84f5-97fc-4335-b38e-b84681c6deff,0.00,2.4
11:01:02,keen_kowalevski,1.30,499.7
11:01:02,busy_jepsen,3.09,268.9
11:01:02,testcontainers-ryuk-621b84f5-97fc-4335-b38e-b84681c6deff,0.00,2.4
11:01:07,keen_kowalevski,1.08,500.0
11:01:07,busy_jepsen,3.07,269.1
11:01:07,testcontainers-ryuk-621b84f5-97fc-4335-b38e-b84681c6deff,0.00,2.4
11:01:12,keen_kowalevski,1.01,500.1
11:01:12,busy_jepsen,3.12,269.2
11:01:12,testcontainers-ryuk-621b84f5-97fc-4335-b38e-b84681c6deff,0.00,2.4
11:01:17,keen_kowalevski,11.98,500.1
11:01:17,busy_jepsen,75.88,269.7
11:01:17,testcontainers-ryuk-621b84f5-97fc-4335-b38e-b84681c6deff,0.00,2.4
11:01:22,keen_kowalevski,4.35,500.2
11:01:22,busy_jepsen,101.63,269.4
11:01:22,testcontainers-ryuk-621b84f5-97fc-4335-b38e-b84681c6deff,0.00,2.4
11:01:27,keen_kowalevski,5.02,501.7
11:01:27,busy_jepsen,104.48,269.6
11:01:27,testcontainers-ryuk-621b84f5-97fc-4335-b38e-b84681c6deff,0.00,2.4
11:01:32,keen_kowalevski,4.65,501.6
11:01:32,busy_jepsen,109.94,269.8
11:01:32,testcontainers-ryuk-621b84f5-97fc-4335-b38e-b84681c6deff,0.00,2.4
11:01:37,keen_kowalevski,5.08,501.7
11:01:37,busy_jepsen,114.21,269.5
11:01:37,testcontainers-ryuk-621b84f5-97fc-4335-b38e-b84681c6deff,0.00,2.4
11:01:42,keen_kowalevski,4.10,502.6
11:01:42,busy_jepsen,106.08,269.5
11:01:42,testcontainers-ryuk-621b84f5-97fc-4335-b38e-b84681c6deff,0.00,2.4
11:01:47,keen_kowalevski,4.50,502.8
11:01:47,busy_jepsen,20.94,269.5
11:01:47,testcontainers-ryuk-621b84f5-97fc-4335-b38e-b84681c6deff,0.00,2.4
11:01:52,keen_kowalevski,4.77,502.7
11:01:52,busy_jepsen,22.72,269.4
11:01:52,testcontainers-ryuk-621b84f5-97fc-4335-b38e-b84681c6deff,0.00,2.4
11:01:58,keen_kowalevski,7.21,503.5
11:01:58,busy_jepsen,21.53,269.5
11:01:58,testcontainers-ryuk-621b84f5-97fc-4335-b38e-b84681c6deff,0.00,2.4
11:02:03,keen_kowalevski,4.29,503.4
11:02:03,busy_jepsen,21.70,269.2
11:02:03,testcontainers-ryuk-621b84f5-97fc-4335-b38e-b84681c6deff,0.00,2.4
11:02:08,keen_kowalevski,4.59,503.7
11:02:08,busy_jepsen,22.20,269.3
11:02:08,testcontainers-ryuk-621b84f5-97fc-4335-b38e-b84681c6deff,0.00,2.4
11:02:13,keen_kowalevski,4.65,503.4
11:02:13,busy_jepsen,20.70,269.3
11:02:13,testcontainers-ryuk-621b84f5-97fc-4335-b38e-b84681c6deff,0.00,2.4
11:02:18,keen_kowalevski,4.50,505.0
11:02:18,busy_jepsen,23.44,269.5
11:02:18,testcontainers-ryuk-621b84f5-97fc-4335-b38e-b84681c6deff,0.00,2.4
11:02:23,keen_kowalevski,4.54,504.8
11:02:23,busy_jepsen,20.76,269.6
11:02:23,testcontainers-ryuk-621b84f5-97fc-4335-b38e-b84681c6deff,0.00,2.4
11:02:28,keen_kowalevski,4.63,504.8
11:02:28,busy_jepsen,21.55,269.4
11:02:28,testcontainers-ryuk-621b84f5-97fc-4335-b38e-b84681c6deff,0.00,2.4
11:02:33,keen_kowalevski,4.35,504.9
11:02:33,busy_jepsen,21.45,269.3
11:02:33,testcontainers-ryuk-621b84f5-97fc-4335-b38e-b84681c6deff,0.00,2.4
11:02:38,keen_kowalevski,4.43,506.9
11:02:38,busy_jepsen,24.59,269.4
11:02:38,testcontainers-ryuk-621b84f5-97fc-4335-b38e-b84681c6deff,0.00,2.4
11:02:43,keen_kowalevski,4.27,507.1
11:02:43,busy_jepsen,21.64,269.6
11:02:43,testcontainers-ryuk-621b84f5-97fc-4335-b38e-b84681c6deff,0.00,2.4
11:02:48,keen_kowalevski,11.27,507.2
11:02:48,busy_jepsen,24.46,269.0
11:02:48,testcontainers-ryuk-621b84f5-97fc-4335-b38e-b84681c6deff,0.00,2.4
11:02:53,keen_kowalevski,4.26,507.0
11:02:53,busy_jepsen,20.60,269.0
11:02:53,testcontainers-ryuk-621b84f5-97fc-4335-b38e-b84681c6deff,0.00,2.4
11:02:58,keen_kowalevski,4.37,511.7
11:02:58,busy_jepsen,21.56,268.8
11:02:58,testcontainers-ryuk-621b84f5-97fc-4335-b38e-b84681c6deff,0.00,2.4
11:03:04,keen_kowalevski,4.94,511.6
11:03:04,busy_jepsen,20.66,268.7
11:03:04,testcontainers-ryuk-621b84f5-97fc-4335-b38e-b84681c6deff,0.00,2.4
11:03:09,keen_kowalevski,4.18,511.7
11:03:09,busy_jepsen,21.25,268.9
11:03:09,testcontainers-ryuk-621b84f5-97fc-4335-b38e-b84681c6deff,0.00,2.4
11:03:14,keen_kowalevski,4.54,511.7
11:03:14,busy_jepsen,20.55,268.9
11:03:14,testcontainers-ryuk-621b84f5-97fc-4335-b38e-b84681c6deff,0.00,2.4
11:03:19,keen_kowalevski,4.68,517.1
11:03:19,busy_jepsen,21.14,268.8
11:03:19,testcontainers-ryuk-621b84f5-97fc-4335-b38e-b84681c6deff,0.00,2.4
11:03:24,keen_kowalevski,4.47,517.3
11:03:24,busy_jepsen,20.28,268.9
11:03:24,testcontainers-ryuk-621b84f5-97fc-4335-b38e-b84681c6deff,0.00,2.4
11:03:29,keen_kowalevski,4.40,517.4
11:03:29,busy_jepsen,21.56,269.1
11:03:29,testcontainers-ryuk-621b84f5-97fc-4335-b38e-b84681c6deff,0.00,2.4
11:03:34,keen_kowalevski,4.31,517.4
11:03:34,busy_jepsen,20.32,268.7
11:03:34,testcontainers-ryuk-621b84f5-97fc-4335-b38e-b84681c6deff,0.00,2.4
11:03:39,keen_kowalevski,4.43,517.3
11:03:39,busy_jepsen,23.81,269.1
11:03:39,testcontainers-ryuk-621b84f5-97fc-4335-b38e-b84681c6deff,0.00,2.4
11:03:44,keen_kowalevski,4.50,519.5
11:03:44,busy_jepsen,21.93,261.8
11:03:44,testcontainers-ryuk-621b84f5-97fc-4335-b38e-b84681c6deff,0.00,2.4
11:03:49,keen_kowalevski,4.01,519.7
11:03:49,busy_jepsen,21.95,261.7
11:03:49,testcontainers-ryuk-621b84f5-97fc-4335-b38e-b84681c6deff,0.00,2.4
11:03:54,keen_kowalevski,5.13,519.8
11:03:54,busy_jepsen,25.48,256.0
11:03:54,testcontainers-ryuk-621b84f5-97fc-4335-b38e-b84681c6deff,0.00,2.4
11:03:59,keen_kowalevski,6.74,519.5
11:03:59,busy_jepsen,23.98,247.9
11:03:59,testcontainers-ryuk-621b84f5-97fc-4335-b38e-b84681c6deff,0.00,2.4
11:04:04,keen_kowalevski,4.43,520.7
11:04:04,busy_jepsen,25.84,245.5
11:04:04,testcontainers-ryuk-621b84f5-97fc-4335-b38e-b84681c6deff,0.00,2.4
11:04:10,keen_kowalevski,4.48,520.9
11:04:10,busy_jepsen,33.25,240.7
11:04:10,testcontainers-ryuk-621b84f5-97fc-4335-b38e-b84681c6deff,0.00,2.4
11:04:15,keen_kowalevski,4.70,520.7
11:04:15,busy_jepsen,32.56,234.9
11:04:15,testcontainers-ryuk-621b84f5-97fc-4335-b38e-b84681c6deff,0.00,2.4
11:04:20,keen_kowalevski,4.37,520.7
11:04:20,busy_jepsen,32.07,234.0
11:04:20,testcontainers-ryuk-621b84f5-97fc-4335-b38e-b84681c6deff,0.00,2.4
11:04:25,keen_kowalevski,4.16,521.5
11:04:25,busy_jepsen,18.34,231.0
11:04:25,testcontainers-ryuk-621b84f5-97fc-4335-b38e-b84681c6deff,0.00,2.4
11:04:30,keen_kowalevski,4.46,521.6
11:04:30,busy_jepsen,17.95,232.8
11:04:30,testcontainers-ryuk-621b84f5-97fc-4335-b38e-b84681c6deff,0.00,2.4
11:04:35,keen_kowalevski,4.54,521.6
11:04:35,busy_jepsen,18.46,232.7
11:04:35,testcontainers-ryuk-621b84f5-97fc-4335-b38e-b84681c6deff,0.00,2.4
11:04:40,keen_kowalevski,4.52,521.7
11:04:40,busy_jepsen,19.52,232.8
11:04:40,testcontainers-ryuk-621b84f5-97fc-4335-b38e-b84681c6deff,0.00,2.4
11:04:45,keen_kowalevski,7.86,522.6
11:04:45,busy_jepsen,30.31,233.1
11:04:45,testcontainers-ryuk-621b84f5-97fc-4335-b38e-b84681c6deff,0.00,2.4
11:04:50,keen_kowalevski,4.14,522.6
11:04:50,busy_jepsen,15.41,233.1
11:04:50,testcontainers-ryuk-621b84f5-97fc-4335-b38e-b84681c6deff,0.00,2.4
11:04:55,keen_kowalevski,4.29,522.8
11:04:55,busy_jepsen,19.74,233.0
11:04:55,testcontainers-ryuk-621b84f5-97fc-4335-b38e-b84681c6deff,0.00,2.4
11:05:00,keen_kowalevski,4.48,522.6
11:05:00,busy_jepsen,20.09,233.0
11:05:00,testcontainers-ryuk-621b84f5-97fc-4335-b38e-b84681c6deff,0.00,2.4
11:05:05,keen_kowalevski,4.25,522.4
11:05:05,busy_jepsen,20.38,233.0
11:05:05,testcontainers-ryuk-621b84f5-97fc-4335-b38e-b84681c6deff,0.00,2.4
11:05:10,keen_kowalevski,4.36,523.7
11:05:10,busy_jepsen,21.06,233.0
11:05:10,testcontainers-ryuk-621b84f5-97fc-4335-b38e-b84681c6deff,0.00,2.4
11:05:15,keen_kowalevski,4.20,523.6
11:05:15,busy_jepsen,18.45,233.2
11:05:15,testcontainers-ryuk-621b84f5-97fc-4335-b38e-b84681c6deff,0.00,2.4
11:05:21,keen_kowalevski,4.22,523.5
11:05:21,busy_jepsen,16.99,233.3
11:05:21,testcontainers-ryuk-621b84f5-97fc-4335-b38e-b84681c6deff,0.00,2.4
11:05:26,keen_kowalevski,4.69,523.8
11:05:26,busy_jepsen,17.42,233.3
11:05:26,testcontainers-ryuk-621b84f5-97fc-4335-b38e-b84681c6deff,0.00,2.4
11:05:31,keen_kowalevski,4.42,524.4
11:05:31,busy_jepsen,18.07,233.3
11:05:31,testcontainers-ryuk-621b84f5-97fc-4335-b38e-b84681c6deff,0.00,2.4
11:05:36,keen_kowalevski,4.44,524.5
11:05:36,busy_jepsen,18.24,233.1
11:05:36,testcontainers-ryuk-621b84f5-97fc-4335-b38e-b84681c6deff,0.00,2.4
11:05:41,keen_kowalevski,4.47,524.9
11:05:41,busy_jepsen,17.75,233.3
11:05:41,testcontainers-ryuk-621b84f5-97fc-4335-b38e-b84681c6deff,0.00,2.4
11:05:46,keen_kowalevski,4.49,524.7
11:05:46,busy_jepsen,21.30,233.2
11:05:46,testcontainers-ryuk-621b84f5-97fc-4335-b38e-b84681c6deff,0.00,2.4
11:05:51,keen_kowalevski,12.93,524.8
11:05:51,busy_jepsen,18.52,238.4
11:05:51,testcontainers-ryuk-621b84f5-97fc-4335-b38e-b84681c6deff,0.00,2.4
11:05:56,keen_kowalevski,3.54,525.0
11:05:56,busy_jepsen,16.52,238.8
11:05:56,testcontainers-ryuk-621b84f5-97fc-4335-b38e-b84681c6deff,0.00,2.4
11:06:01,keen_kowalevski,4.64,525.4
11:06:01,busy_jepsen,16.95,240.1
11:06:01,testcontainers-ryuk-621b84f5-97fc-4335-b38e-b84681c6deff,0.00,2.4
11:06:06,keen_kowalevski,4.96,525.3
11:06:06,busy_jepsen,17.56,239.9
11:06:06,testcontainers-ryuk-621b84f5-97fc-4335-b38e-b84681c6deff,0.00,2.4
11:06:11,keen_kowalevski,4.63,527.0
11:06:11,busy_jepsen,17.28,240.0
11:06:11,testcontainers-ryuk-621b84f5-97fc-4335-b38e-b84681c6deff,0.00,2.4
11:06:16,keen_kowalevski,5.04,527.0
11:06:16,busy_jepsen,17.78,240.1
11:06:16,testcontainers-ryuk-621b84f5-97fc-4335-b38e-b84681c6deff,0.00,2.4
11:06:21,keen_kowalevski,9.04,526.9
11:06:21,busy_jepsen,17.46,239.4
11:06:21,testcontainers-ryuk-621b84f5-97fc-4335-b38e-b84681c6deff,0.00,2.4
11:06:27,keen_kowalevski,4.79,527.8
11:06:27,busy_jepsen,17.66,239.8
11:06:27,testcontainers-ryuk-621b84f5-97fc-4335-b38e-b84681c6deff,0.00,2.4
11:06:32,keen_kowalevski,4.54,527.9
11:06:32,busy_jepsen,17.36,240.0
11:06:32,testcontainers-ryuk-621b84f5-97fc-4335-b38e-b84681c6deff,0.00,2.4
11:06:37,keen_kowalevski,4.96,528.0
11:06:37,busy_jepsen,16.88,240.0
11:06:37,testcontainers-ryuk-621b84f5-97fc-4335-b38e-b84681c6deff,0.00,2.4
11:06:42,keen_kowalevski,4.26,528.9
11:06:42,busy_jepsen,16.41,239.9
11:06:42,testcontainers-ryuk-621b84f5-97fc-4335-b38e-b84681c6deff,0.00,2.4
11:06:47,keen_kowalevski,4.94,528.6
11:06:47,busy_jepsen,20.78,240.0
11:06:47,testcontainers-ryuk-621b84f5-97fc-4335-b38e-b84681c6deff,0.00,2.4
11:06:52,keen_kowalevski,4.64,528.8
11:06:52,busy_jepsen,23.64,241.0
11:06:52,testcontainers-ryuk-621b84f5-97fc-4335-b38e-b84681c6deff,0.00,2.4
11:06:57,keen_kowalevski,4.92,528.7
11:06:57,busy_jepsen,27.25,241.0
11:06:57,testcontainers-ryuk-621b84f5-97fc-4335-b38e-b84681c6deff,0.00,2.4
11:07:02,keen_kowalevski,4.74,529.6
11:07:02,busy_jepsen,29.21,241.0
11:07:02,testcontainers-ryuk-621b84f5-97fc-4335-b38e-b84681c6deff,0.00,2.4
11:07:07,keen_kowalevski,5.16,529.5
11:07:07,busy_jepsen,32.05,240.8
11:07:07,testcontainers-ryuk-621b84f5-97fc-4335-b38e-b84681c6deff,0.00,2.4
11:07:12,keen_kowalevski,4.68,529.7
11:07:12,busy_jepsen,34.20,241.3
11:07:12,testcontainers-ryuk-621b84f5-97fc-4335-b38e-b84681c6deff,0.00,2.4
11:07:17,keen_kowalevski,4.66,530.6
11:07:17,busy_jepsen,33.66,241.0
11:07:17,testcontainers-ryuk-621b84f5-97fc-4335-b38e-b84681c6deff,0.00,2.4
11:07:22,keen_kowalevski,4.84,530.5
11:07:22,busy_jepsen,36.10,240.8
11:07:22,testcontainers-ryuk-621b84f5-97fc-4335-b38e-b84681c6deff,0.00,2.4
11:07:27,keen_kowalevski,5.51,530.6
11:07:27,busy_jepsen,39.80,240.8
11:07:27,testcontainers-ryuk-621b84f5-97fc-4335-b38e-b84681c6deff,0.00,2.4
11:07:33,keen_kowalevski,7.66,530.6
11:07:33,busy_jepsen,40.57,241.0
11:07:33,testcontainers-ryuk-621b84f5-97fc-4335-b38e-b84681c6deff,0.00,2.4
11:07:38,keen_kowalevski,4.71,530.6
11:07:38,busy_jepsen,39.79,241.1
11:07:38,testcontainers-ryuk-621b84f5-97fc-4335-b38e-b84681c6deff,0.00,2.4
11:07:43,keen_kowalevski,5.00,530.4
11:07:43,busy_jepsen,44.96,241.3
11:07:43,testcontainers-ryuk-621b84f5-97fc-4335-b38e-b84681c6deff,0.00,2.4
11:07:48,keen_kowalevski,29.64,530.5
11:07:48,busy_jepsen,33.20,240.7
11:07:48,testcontainers-ryuk-621b84f5-97fc-4335-b38e-b84681c6deff,0.00,2.4
11:07:53,keen_kowalevski,4.60,531.4
11:07:53,busy_jepsen,30.06,240.4
11:07:53,testcontainers-ryuk-621b84f5-97fc-4335-b38e-b84681c6deff,0.00,2.4
11:07:58,keen_kowalevski,4.68,531.5
11:07:58,busy_jepsen,29.79,240.6
11:07:58,testcontainers-ryuk-621b84f5-97fc-4335-b38e-b84681c6deff,0.00,2.4
11:08:03,keen_kowalevski,4.77,531.3
11:08:03,busy_jepsen,29.83,240.3
11:08:03,testcontainers-ryuk-621b84f5-97fc-4335-b38e-b84681c6deff,0.00,2.4
11:08:08,keen_kowalevski,5.01,532.0
11:08:08,busy_jepsen,31.51,240.6
11:08:08,testcontainers-ryuk-621b84f5-97fc-4335-b38e-b84681c6deff,0.00,2.4
11:08:13,keen_kowalevski,5.14,532.0
11:08:13,busy_jepsen,31.36,240.7
11:08:13,testcontainers-ryuk-621b84f5-97fc-4335-b38e-b84681c6deff,0.00,2.4
11:08:18,keen_kowalevski,4.76,532.2
11:08:18,busy_jepsen,29.68,240.5
11:08:18,testcontainers-ryuk-621b84f5-97fc-4335-b38e-b84681c6deff,0.00,2.4
11:08:23,keen_kowalevski,7.57,532.6
11:08:23,busy_jepsen,29.94,240.5
11:08:23,testcontainers-ryuk-621b84f5-97fc-4335-b38e-b84681c6deff,0.00,2.4
11:08:28,keen_kowalevski,28.55,534.4
11:08:28,busy_jepsen,30.41,240.4
11:08:28,testcontainers-ryuk-621b84f5-97fc-4335-b38e-b84681c6deff,0.00,2.4
11:08:33,keen_kowalevski,4.53,534.4
11:08:33,busy_jepsen,29.20,240.7
11:08:33,testcontainers-ryuk-621b84f5-97fc-4335-b38e-b84681c6deff,0.00,2.4
11:08:39,keen_kowalevski,4.99,534.5
11:08:39,busy_jepsen,29.58,240.5
11:08:39,testcontainers-ryuk-621b84f5-97fc-4335-b38e-b84681c6deff,0.00,2.4
11:08:44,keen_kowalevski,12.22,535.3
11:08:44,busy_jepsen,31.66,240.6
11:08:44,testcontainers-ryuk-621b84f5-97fc-4335-b38e-b84681c6deff,0.00,2.4
11:08:49,keen_kowalevski,5.39,530.9
11:08:49,busy_jepsen,35.63,240.7
11:08:49,testcontainers-ryuk-621b84f5-97fc-4335-b38e-b84681c6deff,0.00,2.4
11:08:54,keen_kowalevski,5.13,530.9
11:08:54,busy_jepsen,34.90,240.6
11:08:54,testcontainers-ryuk-621b84f5-97fc-4335-b38e-b84681c6deff,0.00,2.4
11:08:59,keen_kowalevski,3.29,531.8
11:08:59,busy_jepsen,35.30,240.9
11:08:59,testcontainers-ryuk-621b84f5-97fc-4335-b38e-b84681c6deff,0.00,2.4
