time	cpu_speed_limit	sched_limit	load1	container	cpu_pct	mem_used	mem_pct	net_io	block_io
23:42:17	48	100	17.64	focused_galileo	130.93%	1.004GiB / 7.75GiB	12.96%	397MB / 405MB	0B / 322MB
23:42:17	48	100	17.64	elegant_northcutt	397.89%	329.4MiB / 7.75GiB	4.15%	592MB / 657MB	111kB / 2.85GB
23:42:17	48	100	17.64	testcontainers-ryuk-d7047879-6e09-43f2-899f-747da32cecdf	0.00%	5.25MiB / 7.75GiB	0.07%	3.98kB / 2.35kB	0B / 0B
23:43:20	53	100	18.64	focused_galileo	76.83%	1.011GiB / 7.75GiB	13.04%	508MB / 519MB	0B / 444MB
23:43:20	53	100	18.64	elegant_northcutt	412.79%	336.1MiB / 7.75GiB	4.23%	753MB / 830MB	111kB / 4.01GB
23:43:20	53	100	18.64	testcontainers-ryuk-d7047879-6e09-43f2-899f-747da32cecdf	0.00%	5.25MiB / 7.75GiB	0.07%	4.37kB / 2.74kB	0B / 0B
23:44:23	55	100	21.27	focused_galileo	11.25%	1.015GiB / 7.75GiB	13.09%	576MB / 588MB	0B / 529MB
23:44:23	55	100	21.27	elegant_northcutt	1487.55%	335.8MiB / 7.75GiB	4.23%	901MB / 947MB	115kB / 5.56GB
23:44:23	55	100	21.27	testcontainers-ryuk-d7047879-6e09-43f2-899f-747da32cecdf	0.00%	5.25MiB / 7.75GiB	0.07%	4.79kB / 3.16kB	0B / 0B
23:45:25	58	100	24.04	focused_galileo	6.19%	1.015GiB / 7.75GiB	13.10%	576MB / 589MB	0B / 530MB
23:45:25	58	100	24.04	elegant_northcutt	1081.81%	405.2MiB / 7.75GiB	5.11%	1.03GB / 977MB	115kB / 6.7GB
23:45:25	58	100	24.04	testcontainers-ryuk-d7047879-6e09-43f2-899f-747da32cecdf	0.00%	5.25MiB / 7.75GiB	0.07%	5.26kB / 3.55kB	0B / 0B
23:50:29	100	100	11.46	upbeat_payne	25.48%	568MiB / 7.75GiB	7.16%	29.4MB / 29.5MB	0B / 19.4MB
23:50:29	100	100	11.46	hungry_cannon	61.72%	181.8MiB / 7.75GiB	2.29%	46.8MB / 62.7MB	0B / 133MB
23:50:29	100	100	11.46	testcontainers-ryuk-a6585c9a-421f-4355-8378-441094764d73	0.00%	5.219MiB / 7.75GiB	0.07%	2.29kB / 660B	0B / 0B
23:51:31	86	100	7.65	upbeat_payne	22.01%	642.4MiB / 7.75GiB	8.09%	69.2MB / 69.7MB	0B / 54.1MB
23:51:31	86	100	7.65	hungry_cannon	57.72%	228.9MiB / 7.75GiB	2.88%	108MB / 142MB	0B / 244MB
23:51:31	86	100	7.65	testcontainers-ryuk-a6585c9a-421f-4355-8378-441094764d73	0.00%	5.219MiB / 7.75GiB	0.07%	2.75kB / 1.12kB	0B / 0B
23:52:34	74	100	5.72	upbeat_payne	20.71%	670MiB / 7.75GiB	8.44%	109MB / 110MB	0B / 89MB
23:52:34	74	100	5.72	hungry_cannon	61.58%	274.5MiB / 7.75GiB	3.46%	170MB / 222MB	0B / 384MB
23:52:34	74	100	5.72	testcontainers-ryuk-a6585c9a-421f-4355-8378-441094764d73	0.00%	5.219MiB / 7.75GiB	0.07%	3.13kB / 1.51kB	0B / 0B
23:53:36	65	100	4.72	upbeat_payne	25.54%	835.2MiB / 7.75GiB	10.52%	149MB / 150MB	0B / 124MB
23:53:36	65	100	4.72	hungry_cannon	75.08%	289.6MiB / 7.75GiB	3.65%	232MB / 300MB	0B / 561MB
23:53:36	65	100	4.72	testcontainers-ryuk-a6585c9a-421f-4355-8378-441094764d73	0.00%	5.219MiB / 7.75GiB	0.07%	3.52kB / 1.9kB	0B / 0B
23:54:38	69	100	4.72	upbeat_payne	25.09%	865MiB / 7.75GiB	10.90%	189MB / 190MB	0B / 167MB
23:54:38	69	100	4.72	hungry_cannon	71.62%	294.6MiB / 7.75GiB	3.71%	294MB / 380MB	0B / 788MB
23:54:38	69	100	4.72	testcontainers-ryuk-a6585c9a-421f-4355-8378-441094764d73	0.00%	5.219MiB / 7.75GiB	0.07%	3.92kB / 2.29kB	0B / 0B
23:55:41	74	100	4.25	upbeat_payne	26.51%	977MiB / 7.75GiB	12.31%	228MB / 230MB	0B / 202MB
23:55:41	74	100	4.25	hungry_cannon	64.16%	300.8MiB / 7.75GiB	3.79%	355MB / 459MB	0B / 1.09GB
23:55:41	74	100	4.25	testcontainers-ryuk-a6585c9a-421f-4355-8378-441094764d73	0.00%	5.219MiB / 7.75GiB	0.07%	4.26kB / 2.63kB	0B / 0B
23:56:43	74	100	4.53	upbeat_payne	21.90%	1.017GiB / 7.75GiB	13.13%	269MB / 271MB	0B / 237MB
23:56:43	74	100	4.53	hungry_cannon	61.25%	305.3MiB / 7.75GiB	3.85%	417MB / 539MB	0B / 1.32GB
23:56:43	74	100	4.53	testcontainers-ryuk-a6585c9a-421f-4355-8378-441094764d73	0.00%	5.219MiB / 7.75GiB	0.07%	4.61kB / 2.98kB	0B / 0B
23:57:45	74	100	4.46	upbeat_payne	75.57%	1.036GiB / 7.75GiB	13.37%	309MB / 311MB	0B / 272MB
23:57:45	74	100	4.46	hungry_cannon	222.34%	310.9MiB / 7.75GiB	3.92%	477MB / 616MB	0B / 1.55GB
23:57:45	74	100	4.46	testcontainers-ryuk-a6585c9a-421f-4355-8378-441094764d73	0.00%	5.219MiB / 7.75GiB	0.07%	5.04kB / 3.41kB	0B / 0B
23:58:48	65	100	14.59	upbeat_payne	28.82%	1.04GiB / 7.75GiB	13.42%	348MB / 351MB	0B / 307MB
23:58:48	65	100	14.59	hungry_cannon	88.91%	314.8MiB / 7.75GiB	3.97%	540MB / 697MB	0B / 1.8GB
23:58:48	65	100	14.59	testcontainers-ryuk-a6585c9a-421f-4355-8378-441094764d73	0.00%	5.219MiB / 7.75GiB	0.07%	5.39kB / 3.76kB	0B / 0B
23:59:50	62	100	8.45	upbeat_payne	28.91%	1.042GiB / 7.75GiB	13.44%	388MB / 391MB	0B / 342MB
23:59:50	62	100	8.45	hungry_cannon	76.19%	316.1MiB / 7.75GiB	3.98%	602MB / 776MB	0B / 2.05GB
23:59:50	62	100	8.45	testcontainers-ryuk-a6585c9a-421f-4355-8378-441094764d73	0.00%	5.219MiB / 7.75GiB	0.07%	5.78kB / 4.15kB	0B / 0B
00:00:52	67	100	7.22	upbeat_payne	31.34%	1.043GiB / 7.75GiB	13.46%	429MB / 432MB	0B / 376MB
00:00:52	67	100	7.22	hungry_cannon	76.35%	392.9MiB / 7.75GiB	4.95%	662MB / 853MB	69MB / 2.44GB
00:00:52	67	100	7.22	testcontainers-ryuk-a6585c9a-421f-4355-8378-441094764d73	0.00%	5.219MiB / 7.75GiB	0.07%	6.13kB / 4.5kB	0B / 0B
00:01:55	74	100	7.39	upbeat_payne	18.66%	1.044GiB / 7.75GiB	13.47%	468MB / 472MB	0B / 411MB
00:01:55	74	100	7.39	hungry_cannon	63.27%	398.8MiB / 7.75GiB	5.03%	725MB / 933MB	69MB / 2.82GB
00:01:55	74	100	7.39	testcontainers-ryuk-a6585c9a-421f-4355-8378-441094764d73	0.00%	5.219MiB / 7.75GiB	0.07%	6.52kB / 4.89kB	0B / 0B
00:02:57	76	100	6.81	upbeat_payne	20.76%	1.046GiB / 7.75GiB	13.49%	508MB / 512MB	0B / 446MB
00:02:57	76	100	6.81	hungry_cannon	64.79%	403MiB / 7.75GiB	5.08%	786MB / 1.01GB	69MB / 3.21GB
00:02:57	76	100	6.81	testcontainers-ryuk-a6585c9a-421f-4355-8378-441094764d73	0.00%	5.219MiB / 7.75GiB	0.07%	6.91kB / 5.28kB	0B / 0B
00:03:59	74	100	7.03	upbeat_payne	22.03%	1.049GiB / 7.75GiB	13.53%	548MB / 553MB	0B / 481MB
00:03:59	74	100	7.03	hungry_cannon	62.11%	412.2MiB / 7.75GiB	5.19%	848MB / 1.09GB	69MB / 3.63GB
00:03:59	74	100	7.03	testcontainers-ryuk-a6585c9a-421f-4355-8378-441094764d73	0.00%	5.219MiB / 7.75GiB	0.07%	7.26kB / 5.63kB	0B / 0B
00:05:01	67	100	6.12	upbeat_payne	23.13%	1.051GiB / 7.75GiB	13.56%	588MB / 593MB	0B / 516MB
00:05:01	67	100	6.12	hungry_cannon	80.32%	414.7MiB / 7.75GiB	5.23%	909MB / 1.17GB	69MB / 4.19GB
00:05:01	67	100	6.12	testcontainers-ryuk-a6585c9a-421f-4355-8378-441094764d73	0.00%	5.219MiB / 7.75GiB	0.07%	7.65kB / 6.02kB	0B / 0B
00:06:03	62	100	5.55	upbeat_payne	45.32%	1.063GiB / 7.75GiB	13.71%	628MB / 633MB	0B / 551MB
00:06:03	62	100	5.55	hungry_cannon	93.07%	415.1MiB / 7.75GiB	5.23%	971MB / 1.25GB	69MB / 4.62GB
00:06:03	62	100	5.55	testcontainers-ryuk-a6585c9a-421f-4355-8378-441094764d73	0.00%	5.219MiB / 7.75GiB	0.07%	8.04kB / 6.41kB	0B / 0B
00:07:06	67	100	4.73	upbeat_payne	26.55%	1.075GiB / 7.75GiB	13.87%	669MB / 674MB	0B / 586MB
00:07:06	67	100	4.73	hungry_cannon	90.07%	415.6MiB / 7.75GiB	5.24%	1.03GB / 1.33GB	69MB / 5.12GB
00:07:06	67	100	4.73	testcontainers-ryuk-a6585c9a-421f-4355-8378-441094764d73	0.00%	5.219MiB / 7.75GiB	0.07%	8.43kB / 6.8kB	0B / 0B
00:08:09	74	100	4.65	upbeat_payne	21.36%	1.078GiB / 7.75GiB	13.92%	708MB / 714MB	0B / 621MB
00:08:09	74	100	4.65	hungry_cannon	66.59%	415.2MiB / 7.75GiB	5.23%	1.09GB / 1.41GB	69MB / 5.86GB
00:08:09	74	100	4.65	testcontainers-ryuk-a6585c9a-421f-4355-8378-441094764d73	0.00%	5.219MiB / 7.75GiB	0.07%	8.82kB / 7.19kB	0B / 0B
00:09:11	72	100	5.82	upbeat_payne	22.13%	1.098GiB / 7.75GiB	14.16%	748MB / 754MB	0B / 656MB
00:09:11	72	100	5.82	hungry_cannon	109.41%	474MiB / 7.75GiB	5.97%	1.16GB / 1.49GB	69MB / 6.46GB
00:09:11	72	100	5.82	testcontainers-ryuk-a6585c9a-421f-4355-8378-441094764d73	0.00%	5.219MiB / 7.75GiB	0.07%	9.27kB / 7.64kB	0B / 0B
00:10:13	58	100	47.07	upbeat_payne	46.72%	1.098GiB / 7.75GiB	14.17%	781MB / 787MB	0B / 688MB
00:10:13	58	100	47.07	hungry_cannon	209.34%	430.1MiB / 7.75GiB	5.42%	1.21GB / 1.55GB	69MB / 7.03GB
00:10:13	58	100	47.07	testcontainers-ryuk-a6585c9a-421f-4355-8378-441094764d73	0.00%	5.219MiB / 7.75GiB	0.07%	9.66kB / 8.03kB	0B / 0B
00:11:16	58	100	24.21	upbeat_payne	30.83%	1.102GiB / 7.75GiB	14.22%	821MB / 828MB	0B / 720MB
00:11:16	58	100	24.21	hungry_cannon	103.03%	433.1MiB / 7.75GiB	5.46%	1.27GB / 1.63GB	71.6MB / 7.71GB
00:11:16	58	100	24.21	testcontainers-ryuk-a6585c9a-421f-4355-8378-441094764d73	0.00%	5.219MiB / 7.75GiB	0.07%	10.1kB / 8.42kB	0B / 0B
00:12:18	67	100	11.39	upbeat_payne	23.62%	1.103GiB / 7.75GiB	14.23%	861MB / 868MB	0B / 755MB
00:12:18	67	100	11.39	hungry_cannon	67.79%	432.1MiB / 7.75GiB	5.45%	1.33GB / 1.71GB	71.6MB / 8.24GB
00:12:18	67	100	11.39	testcontainers-ryuk-a6585c9a-421f-4355-8378-441094764d73	0.00%	5.219MiB / 7.75GiB	0.07%	10.4kB / 8.81kB	0B / 0B
00:13:21	69	100	6.38	upbeat_payne	21.49%	1.104GiB / 7.75GiB	14.25%	901MB / 909MB	0B / 790MB
00:13:21	69	100	6.38	hungry_cannon	72.86%	432.6MiB / 7.75GiB	5.45%	1.39GB / 1.79GB	71.6MB / 8.72GB
00:13:21	69	100	6.38	testcontainers-ryuk-a6585c9a-421f-4355-8378-441094764d73	0.00%	5.219MiB / 7.75GiB	0.07%	10.8kB / 9.2kB	0B / 0B
00:14:23	74	100	5.45	upbeat_payne	20.83%	1.11GiB / 7.75GiB	14.32%	942MB / 949MB	0B / 834MB
00:14:23	74	100	5.45	hungry_cannon	67.51%	432.9MiB / 7.75GiB	5.46%	1.45GB / 1.87GB	71.6MB / 9.3GB
00:14:23	74	100	5.45	testcontainers-ryuk-a6585c9a-421f-4355-8378-441094764d73	0.00%	5.219MiB / 7.75GiB	0.07%	11.3kB / 9.64kB	0B / 0B
00:15:25	72	100	5.41	upbeat_payne	20.40%	1.115GiB / 7.75GiB	14.38%	982MB / 990MB	0B / 869MB
00:15:25	72	100	5.41	hungry_cannon	65.38%	433MiB / 7.75GiB	5.46%	1.52GB / 1.95GB	71.6MB / 9.74GB
00:15:25	72	100	5.41	testcontainers-ryuk-a6585c9a-421f-4355-8378-441094764d73	0.00%	5.219MiB / 7.75GiB	0.07%	11.7kB / 10kB	0B / 0B
00:16:27	72	100	5.84	upbeat_payne	24.26%	1.116GiB / 7.75GiB	14.40%	1.02GB / 1.03GB	0B / 904MB
00:16:27	72	100	5.84	hungry_cannon	79.42%	432.9MiB / 7.75GiB	5.46%	1.58GB / 2.03GB	71.6MB / 10.3GB
00:16:27	72	100	5.84	testcontainers-ryuk-a6585c9a-421f-4355-8378-441094764d73	0.00%	5.219MiB / 7.75GiB	0.07%	12kB / 10.4kB	0B / 0B
00:17:30	67	100	6.38	upbeat_payne	20.53%	1.119GiB / 7.75GiB	14.44%	1.06GB / 1.07GB	0B / 939MB
00:17:30	67	100	6.38	hungry_cannon	67.53%	432.6MiB / 7.75GiB	5.45%	1.64GB / 2.11GB	71.6MB / 11GB
00:17:30	67	100	6.38	testcontainers-ryuk-a6585c9a-421f-4355-8378-441094764d73	0.00%	5.219MiB / 7.75GiB	0.07%	12.4kB / 10.8kB	0B / 0B
00:18:32	55	100	9.83	upbeat_payne	38.66%	1.122GiB / 7.75GiB	14.48%	1.1GB / 1.11GB	0B / 974MB
00:18:32	55	100	9.83	hungry_cannon	137.49%	433.1MiB / 7.75GiB	5.46%	1.7GB / 2.18GB	71.6MB / 11.5GB
00:18:32	55	100	9.83	testcontainers-ryuk-a6585c9a-421f-4355-8378-441094764d73	0.00%	5.219MiB / 7.75GiB	0.07%	12.8kB / 11.2kB	0B / 0B
00:19:35	69	100	7.84	upbeat_payne	191.47%	1.126GiB / 7.75GiB	14.53%	1.14GB / 1.15GB	0B / 1.01GB
00:19:35	69	100	7.84	hungry_cannon	1931.47%	371.8MiB / 7.75GiB	4.69%	1.76GB / 2.26GB	71.6MB / 12.5GB
00:19:35	69	100	7.84	testcontainers-ryuk-a6585c9a-421f-4355-8378-441094764d73	0.00%	5.219MiB / 7.75GiB	0.07%	13.2kB / 11.5kB	0B / 0B
00:20:38	65	100	9.24	upbeat_payne	25.60%	1.133GiB / 7.75GiB	14.62%	1.18GB / 1.19GB	0B / 1.04GB
00:20:38	65	100	9.24	hungry_cannon	96.53%	384.2MiB / 7.75GiB	4.84%	1.82GB / 2.34GB	71.6MB / 13.1GB
00:20:38	65	100	9.24	testcontainers-ryuk-a6585c9a-421f-4355-8378-441094764d73	0.00%	5.219MiB / 7.75GiB	0.07%	13.6kB / 11.9kB	0B / 0B
00:21:40	69	100	8.75	upbeat_payne	46.54%	1.134GiB / 7.75GiB	14.64%	1.22GB / 1.23GB	0B / 1.08GB
00:21:40	69	100	8.75	hungry_cannon	198.56%	399.1MiB / 7.75GiB	5.03%	1.89GB / 2.42GB	71.6MB / 13.6GB
00:21:40	69	100	8.75	testcontainers-ryuk-a6585c9a-421f-4355-8378-441094764d73	0.00%	5.219MiB / 7.75GiB	0.07%	13.9kB / 12.3kB	0B / 0B
00:22:43	67	100	6.41	upbeat_payne	24.97%	1.136GiB / 7.75GiB	14.66%	1.26GB / 1.27GB	0B / 1.11GB
00:22:43	67	100	6.41	hungry_cannon	101.33%	403.6MiB / 7.75GiB	5.09%	1.95GB / 2.5GB	71.6MB / 14.3GB
00:22:43	67	100	6.41	testcontainers-ryuk-a6585c9a-421f-4355-8378-441094764d73	0.00%	5.219MiB / 7.75GiB	0.07%	14.3kB / 12.6kB	0B / 0B
00:23:45	62	100	5.90	upbeat_payne	32.67%	1.153GiB / 7.75GiB	14.88%	1.3GB / 1.31GB	0B / 1.15GB
00:23:45	62	100	5.90	hungry_cannon	116.46%	407.7MiB / 7.75GiB	5.14%	2GB / 2.57GB	71.6MB / 14.9GB
00:23:45	62	100	5.90	testcontainers-ryuk-a6585c9a-421f-4355-8378-441094764d73	0.00%	5.219MiB / 7.75GiB	0.07%	14.6kB / 13kB	0B / 0B
00:24:47	65	100	4.87	upbeat_payne	27.09%	1.154GiB / 7.75GiB	14.89%	1.34GB / 1.35GB	0B / 1.18GB
00:24:47	65	100	4.87	hungry_cannon	93.44%	408.1MiB / 7.75GiB	5.14%	2.07GB / 2.65GB	71.6MB / 15.5GB
00:24:47	65	100	4.87	testcontainers-ryuk-a6585c9a-421f-4355-8378-441094764d73	0.00%	5.219MiB / 7.75GiB	0.07%	15kB / 13.3kB	0B / 0B
00:25:50	72	100	6.94	upbeat_payne	25.11%	1.155GiB / 7.75GiB	14.91%	1.38GB / 1.39GB	0B / 1.22GB
00:25:50	72	100	6.94	hungry_cannon	88.14%	412.5MiB / 7.75GiB	5.20%	2.13GB / 2.73GB	71.6MB / 16.1GB
00:25:50	72	100	6.94	testcontainers-ryuk-a6585c9a-421f-4355-8378-441094764d73	0.00%	5.219MiB / 7.75GiB	0.07%	15.4kB / 13.8kB	0B / 0B
00:26:52	76	100	7.34	upbeat_payne	20.44%	1.167GiB / 7.75GiB	15.06%	1.42GB / 1.43GB	0B / 1.25GB
00:26:52	76	100	7.34	hungry_cannon	72.25%	413.1MiB / 7.75GiB	5.21%	2.19GB / 2.8GB	71.6MB / 16.7GB
00:26:52	76	100	7.34	testcontainers-ryuk-a6585c9a-421f-4355-8378-441094764d73	0.00%	5.219MiB / 7.75GiB	0.07%	15.8kB / 14.2kB	0B / 0B
00:27:54	72	100	7.65	upbeat_payne	19.34%	1.168GiB / 7.75GiB	15.07%	1.46GB / 1.47GB	0B / 1.29GB
00:27:54	72	100	7.65	hungry_cannon	67.45%	418MiB / 7.75GiB	5.27%	2.25GB / 2.88GB	71.6MB / 17.4GB
00:27:54	72	100	7.65	testcontainers-ryuk-a6585c9a-421f-4355-8378-441094764d73	0.00%	5.219MiB / 7.75GiB	0.07%	16.2kB / 14.6kB	0B / 0B
00:28:56	65	100	5.67	upbeat_payne	26.46%	1.169GiB / 7.75GiB	15.09%	1.5GB / 1.51GB	0B / 1.33GB
00:28:56	65	100	5.67	hungry_cannon	88.11%	418.7MiB / 7.75GiB	5.28%	2.31GB / 2.96GB	71.6MB / 18.2GB
00:28:56	65	100	5.67	testcontainers-ryuk-a6585c9a-421f-4355-8378-441094764d73	0.00%	5.219MiB / 7.75GiB	0.07%	16.6kB / 15kB	0B / 0B
00:29:59	62	100	11.74	upbeat_payne	39.28%	1.17GiB / 7.75GiB	15.10%	1.54GB / 1.55GB	0B / 1.36GB
00:29:59	62	100	11.74	hungry_cannon	116.32%	423.7MiB / 7.75GiB	5.34%	2.37GB / 3.04GB	71.6MB / 18.9GB
00:29:59	62	100	11.74	testcontainers-ryuk-a6585c9a-421f-4355-8378-441094764d73	0.00%	5.219MiB / 7.75GiB	0.07%	17.1kB / 15.4kB	0B / 0B
00:31:02	62	100	20.28	upbeat_payne	38.02%	1.173GiB / 7.75GiB	15.14%	1.58GB / 1.59GB	0B / 1.4GB
00:31:02	62	100	20.28	hungry_cannon	168.84%	428MiB / 7.75GiB	5.39%	2.43GB / 3.12GB	71.6MB / 20GB
00:31:02	62	100	20.28	testcontainers-ryuk-a6585c9a-421f-4355-8378-441094764d73	0.00%	5.219MiB / 7.75GiB	0.07%	17.4kB / 15.8kB	0B / 0B
00:32:04	74	100	13.43	upbeat_payne	19.11%	1.182GiB / 7.75GiB	15.25%	1.62GB / 1.63GB	0B / 1.43GB
00:32:04	74	100	13.43	hungry_cannon	72.32%	432.3MiB / 7.75GiB	5.45%	2.5GB / 3.19GB	71.6MB / 20.7GB
00:32:04	74	100	13.43	testcontainers-ryuk-a6585c9a-421f-4355-8378-441094764d73	0.00%	5.219MiB / 7.75GiB	0.07%	17.8kB / 16.2kB	0B / 0B
00:33:07	76	100	7.38	upbeat_payne	20.86%	1.185GiB / 7.75GiB	15.30%	1.66GB / 1.67GB	0B / 1.47GB
00:33:07	76	100	7.38	hungry_cannon	82.67%	433MiB / 7.75GiB	5.46%	2.56GB / 3.27GB	71.6MB / 21.4GB
00:33:07	76	100	7.38	testcontainers-ryuk-a6585c9a-421f-4355-8378-441094764d73	0.00%	5.219MiB / 7.75GiB	0.07%	18.1kB / 16.5kB	0B / 0B
00:34:09	67	100	5.91	upbeat_payne	34.41%	1.194GiB / 7.75GiB	15.41%	1.7GB / 1.71GB	0B / 1.5GB
00:34:09	67	100	5.91	hungry_cannon	117.27%	443.7MiB / 7.75GiB	5.59%	2.62GB / 3.35GB	71.6MB / 22.2GB
00:34:09	67	100	5.91	testcontainers-ryuk-a6585c9a-421f-4355-8378-441094764d73	0.00%	5.219MiB / 7.75GiB	0.07%	18.5kB / 16.9kB	0B / 0B
00:35:12	69	100	5.30	upbeat_payne	23.18%	1.196GiB / 7.75GiB	15.43%	1.74GB / 1.75GB	0B / 1.54GB
00:35:12	69	100	5.30	hungry_cannon	78.13%	448.4MiB / 7.75GiB	5.65%	2.68GB / 3.43GB	71.6MB / 22.8GB
00:35:12	69	100	5.30	testcontainers-ryuk-a6585c9a-421f-4355-8378-441094764d73	0.00%	5.219MiB / 7.75GiB	0.07%	18.9kB / 17.3kB	0B / 0B
00:36:14	67	100	5.73	upbeat_payne	28.81%	1.197GiB / 7.75GiB	15.45%	1.78GB / 1.79GB	0B / 1.57GB
00:36:14	67	100	5.73	hungry_cannon	132.83%	509.4MiB / 7.75GiB	6.42%	2.74GB / 3.51GB	71.6MB / 23.6GB
00:36:14	67	100	5.73	testcontainers-ryuk-a6585c9a-421f-4355-8378-441094764d73	0.00%	5.219MiB / 7.75GiB	0.07%	19.3kB / 17.7kB	0B / 0B
00:37:16	69	100	4.57	upbeat_payne	22.54%	1.2GiB / 7.75GiB	15.49%	1.82GB / 1.83GB	0B / 1.61GB
00:37:16	69	100	4.57	hungry_cannon	107.04%	456.4MiB / 7.75GiB	5.75%	2.8GB / 3.58GB	71.6MB / 24.2GB
00:37:16	69	100	4.57	testcontainers-ryuk-a6585c9a-421f-4355-8378-441094764d73	0.00%	5.219MiB / 7.75GiB	0.07%	19.7kB / 18.1kB	0B / 0B
00:38:19	72	100	3.76	upbeat_payne	24.98%	1.203GiB / 7.75GiB	15.52%	1.86GB / 1.87GB	0B / 1.64GB
00:38:19	72	100	3.76	hungry_cannon	67.51%	456.1MiB / 7.75GiB	5.75%	2.86GB / 3.66GB	71.6MB / 24.7GB
00:38:19	72	100	3.76	testcontainers-ryuk-a6585c9a-421f-4355-8378-441094764d73	0.00%	5.219MiB / 7.75GiB	0.07%	20.1kB / 18.5kB	0B / 0B
00:39:21	76	100	4.64	upbeat_payne	19.47%	1.207GiB / 7.75GiB	15.57%	1.9GB / 1.91GB	0B / 1.68GB
00:39:21	76	100	4.64	hungry_cannon	65.26%	456.4MiB / 7.75GiB	5.75%	2.92GB / 3.74GB	71.6MB / 25.4GB
00:39:21	76	100	4.64	testcontainers-ryuk-a6585c9a-421f-4355-8378-441094764d73	0.00%	5.219MiB / 7.75GiB	0.07%	20.5kB / 18.9kB	0B / 0B
00:40:23	76	100	5.15	upbeat_payne	18.97%	1.209GiB / 7.75GiB	15.60%	1.94GB / 1.95GB	0B / 1.71GB
00:40:23	76	100	5.15	hungry_cannon	64.34%	456.9MiB / 7.75GiB	5.76%	2.99GB / 3.82GB	71.6MB / 26GB
00:40:23	76	100	5.15	testcontainers-ryuk-a6585c9a-421f-4355-8378-441094764d73	0.00%	5.219MiB / 7.75GiB	0.07%	20.9kB / 19.3kB	0B / 0B
00:41:26	67	100	5.38	upbeat_payne	25.05%	1.212GiB / 7.75GiB	15.64%	1.98GB / 1.99GB	0B / 1.75GB
00:41:26	67	100	5.38	hungry_cannon	153.13%	457.1MiB / 7.75GiB	5.76%	3.05GB / 3.9GB	71.6MB / 26.7GB
00:41:26	67	100	5.38	testcontainers-ryuk-a6585c9a-421f-4355-8378-441094764d73	0.00%	5.219MiB / 7.75GiB	0.07%	21.3kB / 19.7kB	0B / 0B
00:42:28	67	100	4.65	upbeat_payne	28.85%	1.214GiB / 7.75GiB	15.67%	2.02GB / 2.03GB	0B / 1.78GB
00:42:28	67	100	4.65	hungry_cannon	262.82%	458MiB / 7.75GiB	5.77%	3.11GB / 3.98GB	71.6MB / 27.5GB
00:42:28	67	100	4.65	testcontainers-ryuk-a6585c9a-421f-4355-8378-441094764d73	0.00%	5.219MiB / 7.75GiB	0.07%	21.8kB / 20.2kB	0B / 0B
00:43:30	69	100	7.17	upbeat_payne	28.72%	1.218GiB / 7.75GiB	15.71%	2.06GB / 2.07GB	0B / 1.82GB
00:43:30	69	100	7.17	hungry_cannon	204.76%	461.7MiB / 7.75GiB	5.82%	3.17GB / 4.05GB	71.6MB / 28.4GB
00:43:30	69	100	7.17	testcontainers-ryuk-a6585c9a-421f-4355-8378-441094764d73	0.00%	5.219MiB / 7.75GiB	0.07%	22.2kB / 20.6kB	0B / 0B
00:44:33	74	100	6.44	upbeat_payne	26.86%	1.231GiB / 7.75GiB	15.88%	2.1GB / 2.11GB	0B / 1.85GB
00:44:33	74	100	6.44	hungry_cannon	145.82%	461.9MiB / 7.75GiB	5.82%	3.23GB / 4.13GB	71.6MB / 29.1GB
00:44:33	74	100	6.44	testcontainers-ryuk-a6585c9a-421f-4355-8378-441094764d73	0.00%	5.219MiB / 7.75GiB	0.07%	22.6kB / 21kB	0B / 0B
00:45:36	76	100	4.75	upbeat_payne	29.91%	1.232GiB / 7.75GiB	15.89%	2.14GB / 2.15GB	0B / 1.89GB
00:45:36	76	100	4.75	hungry_cannon	62.14%	461.9MiB / 7.75GiB	5.82%	3.29GB / 4.21GB	71.6MB / 29.8GB
00:45:36	76	100	4.75	testcontainers-ryuk-a6585c9a-421f-4355-8378-441094764d73	0.00%	5.219MiB / 7.75GiB	0.07%	23kB / 21.3kB	0B / 0B
00:46:38	72	100	5.59	upbeat_payne	25.30%	1.235GiB / 7.75GiB	15.94%	2.18GB / 2.2GB	0B / 1.93GB
00:46:38	72	100	5.59	hungry_cannon	80.00%	461.8MiB / 7.75GiB	5.82%	3.36GB / 4.29GB	71.6MB / 30.7GB
00:46:38	72	100	5.59	testcontainers-ryuk-a6585c9a-421f-4355-8378-441094764d73	0.00%	5.219MiB / 7.75GiB	0.07%	23.4kB / 21.7kB	0B / 0B
00:47:40	69	100	7.04	upbeat_payne	25.57%	1.237GiB / 7.75GiB	15.96%	2.22GB / 2.24GB	0B / 1.97GB
00:47:40	69	100	7.04	hungry_cannon	76.84%	462.3MiB / 7.75GiB	5.83%	3.42GB / 4.37GB	71.6MB / 31.5GB
00:47:40	69	100	7.04	testcontainers-ryuk-a6585c9a-421f-4355-8378-441094764d73	0.00%	5.219MiB / 7.75GiB	0.07%	23.8kB / 22.1kB	0B / 0B
00:48:43	65	100	6.26	upbeat_payne	25.48%	1.242GiB / 7.75GiB	16.02%	2.26GB / 2.28GB	0B / 2GB
00:48:43	65	100	6.26	hungry_cannon	96.10%	432.2MiB / 7.75GiB	5.45%	3.48GB / 4.45GB	71.6MB / 32.4GB
00:48:43	65	100	6.26	testcontainers-ryuk-a6585c9a-421f-4355-8378-441094764d73	0.00%	5.219MiB / 7.75GiB	0.07%	24.1kB / 22.5kB	0B / 0B
00:49:45	69	100	4.60	upbeat_payne	23.70%	1.251GiB / 7.75GiB	16.14%	2.3GB / 2.32GB	8.19kB / 2.04GB
00:49:45	69	100	4.60	hungry_cannon	74.81%	385MiB / 7.75GiB	4.85%	3.54GB / 4.53GB	71.6MB / 33GB
00:49:45	69	100	4.60	testcontainers-ryuk-a6585c9a-421f-4355-8378-441094764d73	0.00%	5.219MiB / 7.75GiB	0.07%	24.5kB / 22.9kB	0B / 0B
00:50:47	79	100	4.12	upbeat_payne	18.64%	1.254GiB / 7.75GiB	16.19%	2.34GB / 2.36GB	8.19kB / 2.07GB
00:50:47	79	100	4.12	hungry_cannon	74.35%	386.7MiB / 7.75GiB	4.87%	3.6GB / 4.6GB	71.6MB / 33.7GB
00:50:47	79	100	4.12	testcontainers-ryuk-a6585c9a-421f-4355-8378-441094764d73	0.00%	5.219MiB / 7.75GiB	0.07%	24.9kB / 23.3kB	0B / 0B
00:51:50	76	100	5.29	upbeat_payne	18.80%	1.257GiB / 7.75GiB	16.22%	2.38GB / 2.4GB	8.19kB / 2.11GB
00:51:50	76	100	5.29	hungry_cannon	63.70%	405.3MiB / 7.75GiB	5.11%	3.66GB / 4.68GB	71.6MB / 34.5GB
00:51:50	76	100	5.29	testcontainers-ryuk-a6585c9a-421f-4355-8378-441094764d73	0.00%	5.219MiB / 7.75GiB	0.07%	25.3kB / 23.7kB	0B / 0B
00:52:52	76	100	4.90	upbeat_payne	19.78%	1.258GiB / 7.75GiB	16.24%	2.42GB / 2.44GB	8.19kB / 2.14GB
00:52:52	76	100	4.90	hungry_cannon	58.22%	405.5MiB / 7.75GiB	5.11%	3.72GB / 4.76GB	71.6MB / 35.1GB
00:52:52	76	100	4.90	testcontainers-ryuk-a6585c9a-421f-4355-8378-441094764d73	0.00%	5.219MiB / 7.75GiB	0.07%	25.7kB / 24.1kB	0B / 0B
00:53:54	69	100	4.69	upbeat_payne	20.00%	1.262GiB / 7.75GiB	16.28%	2.46GB / 2.48GB	8.19kB / 2.18GB
00:53:54	69	100	4.69	hungry_cannon	66.54%	405.9MiB / 7.75GiB	5.12%	3.79GB / 4.84GB	71.6MB / 35.9GB
00:53:54	69	100	4.69	testcontainers-ryuk-a6585c9a-421f-4355-8378-441094764d73	0.00%	5.219MiB / 7.75GiB	0.07%	26.1kB / 24.5kB	0B / 0B
00:54:56	67	100	6.28	upbeat_payne	24.38%	1.264GiB / 7.75GiB	16.32%	2.5GB / 2.52GB	8.19kB / 2.21GB
00:54:56	67	100	6.28	hungry_cannon	75.13%	406.4MiB / 7.75GiB	5.12%	3.85GB / 4.92GB	71.6MB / 36.5GB
00:54:56	67	100	6.28	testcontainers-ryuk-a6585c9a-421f-4355-8378-441094764d73	0.00%	5.219MiB / 7.75GiB	0.07%	26.5kB / 24.9kB	0B / 0B
00:55:59	76	100	5.96	upbeat_payne	20.88%	1.268GiB / 7.75GiB	16.36%	2.54GB / 2.56GB	8.19kB / 2.25GB
00:55:59	76	100	5.96	hungry_cannon	66.77%	406.1MiB / 7.75GiB	5.12%	3.91GB / 4.99GB	71.6MB / 37.1GB
00:55:59	76	100	5.96	testcontainers-ryuk-a6585c9a-421f-4355-8378-441094764d73	0.00%	5.219MiB / 7.75GiB	0.07%	26.9kB / 25.2kB	0B / 0B
00:57:01	72	100	7.11	upbeat_payne	31.13%	1.274GiB / 7.75GiB	16.44%	2.58GB / 2.6GB	8.19kB / 2.28GB
00:57:01	72	100	7.11	hungry_cannon	96.29%	428.1MiB / 7.75GiB	5.39%	3.97GB / 5.07GB	71.6MB / 38GB
00:57:01	72	100	7.11	testcontainers-ryuk-a6585c9a-421f-4355-8378-441094764d73	0.00%	5.219MiB / 7.75GiB	0.07%	27.3kB / 25.6kB	0B / 0B
00:58:04	79	100	5.52	upbeat_payne	23.05%	1.277GiB / 7.75GiB	16.47%	2.62GB / 2.64GB	8.19kB / 2.32GB
00:58:04	79	100	5.52	hungry_cannon	76.34%	435.6MiB / 7.75GiB	5.49%	4.03GB / 5.15GB	71.6MB / 38.7GB
00:58:04	79	100	5.52	testcontainers-ryuk-a6585c9a-421f-4355-8378-441094764d73	0.00%	5.219MiB / 7.75GiB	0.07%	27.7kB / 26kB	0B / 0B
00:59:06	74	100	6.31	upbeat_payne	19.69%	1.28GiB / 7.75GiB	16.51%	2.66GB / 2.68GB	8.19kB / 2.35GB
00:59:06	74	100	6.31	hungry_cannon	71.15%	435.9MiB / 7.75GiB	5.49%	4.09GB / 5.23GB	71.6MB / 39.8GB
00:59:06	74	100	6.31	testcontainers-ryuk-a6585c9a-421f-4355-8378-441094764d73	0.00%	5.219MiB / 7.75GiB	0.07%	28.1kB / 26.5kB	0B / 0B
01:00:08	67	100	5.97	upbeat_payne	22.80%	1.28GiB / 7.75GiB	16.52%	2.69GB / 2.72GB	8.19kB / 2.39GB
01:00:08	67	100	5.97	hungry_cannon	104.66%	436.5MiB / 7.75GiB	5.50%	4.15GB / 5.3GB	71.6MB / 40.3GB
01:00:08	67	100	5.97	testcontainers-ryuk-a6585c9a-421f-4355-8378-441094764d73	0.00%	5.219MiB / 7.75GiB	0.07%	28.5kB / 26.9kB	0B / 0B
01:01:10	69	100	5.19	upbeat_payne	21.25%	1.281GiB / 7.75GiB	16.53%	2.73GB / 2.76GB	8.19kB / 2.42GB
01:01:10	69	100	5.19	hungry_cannon	74.20%	436.6MiB / 7.75GiB	5.50%	4.21GB / 5.38GB	71.6MB / 41.3GB
01:01:10	69	100	5.19	testcontainers-ryuk-a6585c9a-421f-4355-8378-441094764d73	0.00%	5.219MiB / 7.75GiB	0.07%	28.9kB / 27.3kB	0B / 0B
01:02:12	76	100	5.43	upbeat_payne	20.30%	1.283GiB / 7.75GiB	16.55%	2.77GB / 2.8GB	8.19kB / 2.46GB
01:02:12	76	100	5.43	hungry_cannon	69.12%	436MiB / 7.75GiB	5.49%	4.28GB / 5.46GB	71.6MB / 42.1GB
01:02:12	76	100	5.43	testcontainers-ryuk-a6585c9a-421f-4355-8378-441094764d73	0.00%	5.219MiB / 7.75GiB	0.07%	29.4kB / 27.7kB	0B / 0B
01:03:14	79	100	6.27	upbeat_payne	21.42%	1.285GiB / 7.75GiB	16.57%	2.81GB / 2.84GB	8.19kB / 2.49GB
01:03:14	79	100	6.27	hungry_cannon	64.67%	436.2MiB / 7.75GiB	5.50%	4.34GB / 5.54GB	71.6MB / 43GB
01:03:14	79	100	6.27	testcontainers-ryuk-a6585c9a-421f-4355-8378-441094764d73	0.00%	5.219MiB / 7.75GiB	0.07%	29.8kB / 28.1kB	0B / 0B
01:04:17	79	100	4.89	upbeat_payne	20.67%	1.285GiB / 7.75GiB	16.58%	2.85GB / 2.88GB	8.19kB / 2.53GB
01:04:17	79	100	4.89	hungry_cannon	114.30%	497.5MiB / 7.75GiB	6.27%	4.4GB / 5.62GB	71.6MB / 44GB
01:04:17	79	100	4.89	testcontainers-ryuk-a6585c9a-421f-4355-8378-441094764d73	0.00%	5.219MiB / 7.75GiB	0.07%	30.1kB / 28.5kB	0B / 0B
01:05:19	74	100	4.58	upbeat_payne	22.82%	1.286GiB / 7.75GiB	16.59%	2.89GB / 2.92GB	8.19kB / 2.57GB
01:05:19	74	100	4.58	hungry_cannon	77.31%	437.6MiB / 7.75GiB	5.51%	4.46GB / 5.69GB	71.6MB / 45.1GB
01:05:19	74	100	4.58	testcontainers-ryuk-a6585c9a-421f-4355-8378-441094764d73	0.00%	5.219MiB / 7.75GiB	0.07%	30.6kB / 28.9kB	0B / 0B
01:06:21	65	100	5.44	upbeat_payne	24.20%	1.287GiB / 7.75GiB	16.61%	2.93GB / 2.96GB	8.19kB / 2.6GB
01:06:21	65	100	5.44	hungry_cannon	75.73%	435.4MiB / 7.75GiB	5.49%	4.52GB / 5.77GB	71.6MB / 45.7GB
01:06:21	65	100	5.44	testcontainers-ryuk-a6585c9a-421f-4355-8378-441094764d73	0.00%	5.219MiB / 7.75GiB	0.07%	30.9kB / 29.3kB	0B / 0B
01:07:24	74	100	4.90	upbeat_payne	19.90%	1.29GiB / 7.75GiB	16.65%	2.97GB / 3GB	8.19kB / 2.64GB
01:07:24	74	100	4.90	hungry_cannon	71.19%	435.2MiB / 7.75GiB	5.48%	4.58GB / 5.85GB	71.6MB / 46.3GB
01:07:24	74	100	4.90	testcontainers-ryuk-a6585c9a-421f-4355-8378-441094764d73	0.00%	5.219MiB / 7.75GiB	0.07%	31.4kB / 29.7kB	0B / 0B
01:08:26	81	100	3.93	upbeat_payne	18.84%	1.291GiB / 7.75GiB	16.66%	3.01GB / 3.04GB	8.19kB / 2.67GB
01:08:26	81	100	3.93	hungry_cannon	61.20%	434.9MiB / 7.75GiB	5.48%	4.64GB / 5.93GB	71.6MB / 47.5GB
01:08:26	81	100	3.93	testcontainers-ryuk-a6585c9a-421f-4355-8378-441094764d73	0.00%	5.219MiB / 7.75GiB	0.07%	31.7kB / 30.1kB	0B / 0B
01:09:28	76	100	5.28	upbeat_payne	19.98%	1.308GiB / 7.75GiB	16.88%	3.05GB / 3.08GB	8.19kB / 2.71GB
01:09:28	76	100	5.28	hungry_cannon	66.63%	440MiB / 7.75GiB	5.54%	4.7GB / 6.01GB	71.6MB / 48.3GB
01:09:28	76	100	5.28	testcontainers-ryuk-a6585c9a-421f-4355-8378-441094764d73	0.00%	5.219MiB / 7.75GiB	0.07%	32kB / 30.4kB	0B / 0B
01:10:30	76	100	6.16	upbeat_payne	53.09%	1.309GiB / 7.75GiB	16.89%	3.09GB / 3.12GB	8.19kB / 2.74GB
01:10:30	76	100	6.16	hungry_cannon	65.98%	442.2MiB / 7.75GiB	5.57%	4.77GB / 6.08GB	71.6MB / 49GB
01:10:30	76	100	6.16	testcontainers-ryuk-a6585c9a-421f-4355-8378-441094764d73	0.00%	5.219MiB / 7.75GiB	0.07%	32.5kB / 30.9kB	0B / 0B
01:11:33	69	100	6.11	upbeat_payne	23.49%	1.31GiB / 7.75GiB	16.91%	3.13GB / 3.16GB	8.19kB / 2.78GB
01:11:33	69	100	6.11	hungry_cannon	75.29%	442.4MiB / 7.75GiB	5.58%	4.83GB / 6.16GB	71.6MB / 49.8GB
01:11:33	69	100	6.11	testcontainers-ryuk-a6585c9a-421f-4355-8378-441094764d73	0.00%	5.219MiB / 7.75GiB	0.07%	32.9kB / 31.2kB	0B / 0B
01:12:35	67	100	5.78	upbeat_payne	38.14%	1.313GiB / 7.75GiB	16.94%	3.17GB / 3.2GB	8.19kB / 2.81GB
01:12:35	67	100	5.78	hungry_cannon	76.45%	446.5MiB / 7.75GiB	5.63%	4.89GB / 6.24GB	71.6MB / 50.7GB
01:12:35	67	100	5.78	testcontainers-ryuk-a6585c9a-421f-4355-8378-441094764d73	0.00%	5.219MiB / 7.75GiB	0.07%	33.3kB / 31.6kB	0B / 0B
01:13:37	74	100	5.87	upbeat_payne	24.86%	1.315GiB / 7.75GiB	16.96%	3.21GB / 3.24GB	8.19kB / 2.85GB
01:13:37	74	100	5.87	hungry_cannon	80.08%	447.1MiB / 7.75GiB	5.63%	4.95GB / 6.32GB	71.6MB / 51.1GB
01:13:37	74	100	5.87	testcontainers-ryuk-a6585c9a-421f-4355-8378-441094764d73	0.00%	5.219MiB / 7.75GiB	0.07%	33.7kB / 32kB	0B / 0B
01:14:39	81	100	7.00	upbeat_payne	19.83%	1.317GiB / 7.75GiB	17.00%	3.25GB / 3.28GB	8.19kB / 2.89GB
01:14:39	81	100	7.00	hungry_cannon	65.87%	447.2MiB / 7.75GiB	5.63%	5.01GB / 6.4GB	71.6MB / 51.8GB
01:14:39	81	100	7.00	testcontainers-ryuk-a6585c9a-421f-4355-8378-441094764d73	0.00%	5.219MiB / 7.75GiB	0.07%	34kB / 32.4kB	0B / 0B
01:15:42	79	100	6.27	upbeat_payne	20.25%	1.318GiB / 7.75GiB	17.01%	3.29GB / 3.32GB	8.19kB / 2.92GB
01:15:42	79	100	6.27	hungry_cannon	62.92%	447.4MiB / 7.75GiB	5.64%	5.07GB / 6.47GB	71.6MB / 52.5GB
01:15:42	79	100	6.27	testcontainers-ryuk-a6585c9a-421f-4355-8378-441094764d73	0.00%	5.219MiB / 7.75GiB	0.07%	34.4kB / 32.8kB	0B / 0B
01:16:44	76	100	6.86	upbeat_payne	19.82%	1.321GiB / 7.75GiB	17.05%	3.33GB / 3.36GB	8.19kB / 2.96GB
01:16:44	76	100	6.86	hungry_cannon	63.53%	447.4MiB / 7.75GiB	5.64%	5.13GB / 6.55GB	71.6MB / 53.3GB
01:16:44	76	100	6.86	testcontainers-ryuk-a6585c9a-421f-4355-8378-441094764d73	0.00%	5.219MiB / 7.75GiB	0.07%	34.8kB / 33.1kB	0B / 0B
01:17:46	69	100	6.39	upbeat_payne	21.01%	1.322GiB / 7.75GiB	17.06%	3.37GB / 3.4GB	8.19kB / 2.99GB
01:17:46	69	100	6.39	hungry_cannon	69.77%	452.5MiB / 7.75GiB	5.70%	5.2GB / 6.63GB	71.6MB / 54.5GB
01:17:46	69	100	6.39	testcontainers-ryuk-a6585c9a-421f-4355-8378-441094764d73	0.00%	5.219MiB / 7.75GiB	0.07%	35.1kB / 33.5kB	0B / 0B
01:18:48	62	100	6.21	upbeat_payne	30.46%	1.325GiB / 7.75GiB	17.10%	3.41GB / 3.44GB	8.19kB / 3.03GB
01:18:48	62	100	6.21	hungry_cannon	89.65%	385.7MiB / 7.75GiB	4.86%	5.26GB / 6.71GB	71.6MB / 55.2GB
01:18:48	62	100	6.21	testcontainers-ryuk-a6585c9a-421f-4355-8378-441094764d73	0.00%	5.219MiB / 7.75GiB	0.07%	35.5kB / 33.9kB	0B / 0B
01:19:51	76	100	5.21	upbeat_payne	21.44%	1.327GiB / 7.75GiB	17.13%	3.45GB / 3.48GB	8.19kB / 3.06GB
01:19:51	76	100	5.21	hungry_cannon	59.79%	373.1MiB / 7.75GiB	4.70%	5.32GB / 6.79GB	71.6MB / 56.2GB
01:19:51	76	100	5.21	testcontainers-ryuk-a6585c9a-421f-4355-8378-441094764d73	0.00%	5.219MiB / 7.75GiB	0.07%	35.9kB / 34.3kB	0B / 0B
01:20:53	79	100	5.22	upbeat_payne	20.04%	1.346GiB / 7.75GiB	17.37%	3.49GB / 3.52GB	8.19kB / 3.1GB
01:20:53	79	100	5.22	hungry_cannon	67.95%	373.8MiB / 7.75GiB	4.71%	5.38GB / 6.86GB	71.6MB / 56.9GB
01:20:53	79	100	5.22	testcontainers-ryuk-a6585c9a-421f-4355-8378-441094764d73	0.00%	5.219MiB / 7.75GiB	0.07%	36.3kB / 34.6kB	0B / 0B
01:21:55	79	100	6.44	upbeat_payne	19.56%	1.408GiB / 7.75GiB	18.16%	3.53GB / 3.56GB	8.19kB / 3.13GB
01:21:55	79	100	6.44	hungry_cannon	59.30%	398.1MiB / 7.75GiB	5.02%	5.44GB / 6.94GB	71.6MB / 57.5GB
01:21:55	79	100	6.44	testcontainers-ryuk-a6585c9a-421f-4355-8378-441094764d73	0.00%	5.219MiB / 7.75GiB	0.07%	36.7kB / 35kB	0B / 0B
01:22:57	76	100	5.81	upbeat_payne	21.60%	1.469GiB / 7.75GiB	18.95%	3.57GB / 3.6GB	8.19kB / 3.17GB
01:22:57	76	100	5.81	hungry_cannon	65.09%	405MiB / 7.75GiB	5.10%	5.5GB / 7.02GB	71.6MB / 58.4GB
01:22:57	76	100	5.81	testcontainers-ryuk-a6585c9a-421f-4355-8378-441094764d73	0.00%	5.219MiB / 7.75GiB	0.07%	37kB / 35.4kB	0B / 0B
01:24:00	65	100	9.41	upbeat_payne	24.23%	1.536GiB / 7.75GiB	19.82%	3.61GB / 3.64GB	8.19kB / 3.2GB
01:24:00	65	100	9.41	hungry_cannon	79.48%	424.7MiB / 7.75GiB	5.35%	5.56GB / 7.1GB	71.6MB / 59.2GB
01:24:00	65	100	9.41	testcontainers-ryuk-a6585c9a-421f-4355-8378-441094764d73	0.00%	5.219MiB / 7.75GiB	0.07%	37.4kB / 35.8kB	0B / 0B
01:25:02	67	100	9.43	upbeat_payne	22.71%	1.6GiB / 7.75GiB	20.65%	3.65GB / 3.68GB	8.19kB / 3.24GB
01:25:02	67	100	9.43	hungry_cannon	87.54%	431.5MiB / 7.75GiB	5.44%	5.62GB / 7.18GB	71.6MB / 60.4GB
01:25:02	67	100	9.43	testcontainers-ryuk-a6585c9a-421f-4355-8378-441094764d73	0.00%	5.219MiB / 7.75GiB	0.07%	37.8kB / 36.2kB	0B / 0B
01:26:04	74	100	5.88	upbeat_payne	21.22%	1.727GiB / 7.75GiB	22.28%	3.69GB / 3.72GB	8.19kB / 3.27GB
01:26:04	74	100	5.88	hungry_cannon	79.56%	454.4MiB / 7.75GiB	5.73%	5.69GB / 7.25GB	71.6MB / 61.1GB
01:26:04	74	100	5.88	testcontainers-ryuk-a6585c9a-421f-4355-8378-441094764d73	0.00%	5.219MiB / 7.75GiB	0.07%	38.2kB / 36.6kB	0B / 0B
01:27:07	76	100	4.40	upbeat_payne	21.44%	1.855GiB / 7.75GiB	23.93%	3.73GB / 3.76GB	8.19kB / 3.31GB
01:27:07	76	100	4.40	hungry_cannon	74.10%	476.4MiB / 7.75GiB	6.00%	5.75GB / 7.33GB	71.6MB / 62GB
01:27:07	76	100	4.40	testcontainers-ryuk-a6585c9a-421f-4355-8378-441094764d73	0.00%	5.219MiB / 7.75GiB	0.07%	38.5kB / 36.9kB	0B / 0B
01:28:09	79	100	5.47	upbeat_payne	20.47%	1.981GiB / 7.75GiB	25.56%	3.77GB / 3.8GB	8.19kB / 3.34GB
01:28:09	79	100	5.47	hungry_cannon	76.70%	479MiB / 7.75GiB	6.04%	5.81GB / 7.41GB	71.6MB / 62.8GB
01:28:09	79	100	5.47	testcontainers-ryuk-a6585c9a-421f-4355-8378-441094764d73	0.00%	5.219MiB / 7.75GiB	0.07%	38.9kB / 37.3kB	0B / 0B
01:29:11	65	100	17.82	upbeat_payne	708.09%	2.173GiB / 7.75GiB	28.04%	3.81GB / 3.84GB	24.6kB / 3.38GB
01:29:11	65	100	17.82	hungry_cannon	252.41%	524.3MiB / 7.75GiB	6.61%	5.87GB / 7.49GB	71.6MB / 63.5GB
01:29:11	65	100	17.82	testcontainers-ryuk-a6585c9a-421f-4355-8378-441094764d73	0.00%	5.219MiB / 7.75GiB	0.07%	39.2kB / 37.6kB	0B / 0B
01:30:14	60	100	11.90	upbeat_payne	31.71%	2.302GiB / 7.75GiB	29.70%	3.85GB / 3.88GB	36.9kB / 3.41GB
01:30:14	60	100	11.90	hungry_cannon	112.38%	537.9MiB / 7.75GiB	6.78%	5.93GB / 7.57GB	71.6MB / 64.4GB
01:30:14	60	100	11.90	testcontainers-ryuk-a6585c9a-421f-4355-8378-441094764d73	0.00%	5.219MiB / 7.75GiB	0.07%	39.6kB / 38kB	0B / 0B
01:31:16	72	100	7.57	upbeat_payne	24.17%	2.561GiB / 7.75GiB	33.05%	3.89GB / 3.92GB	61.4kB / 3.45GB
01:31:16	72	100	7.57	hungry_cannon	75.68%	571.6MiB / 7.75GiB	7.20%	5.99GB / 7.64GB	71.7MB / 65.2GB
01:31:16	72	100	7.57	testcontainers-ryuk-a6585c9a-421f-4355-8378-441094764d73	0.00%	5.219MiB / 7.75GiB	0.07%	39.9kB / 38.3kB	0B / 0B
01:32:18	76	100	6.17	upbeat_payne	25.72%	2.814GiB / 7.75GiB	36.31%	3.93GB / 3.97GB	81.9kB / 3.48GB
01:32:18	76	100	6.17	hungry_cannon	81.00%	604.2MiB / 7.75GiB	7.61%	6.05GB / 7.72GB	71.7MB / 66.1GB
01:32:18	76	100	6.17	testcontainers-ryuk-a6585c9a-421f-4355-8378-441094764d73	0.00%	5.219MiB / 7.75GiB	0.07%	40.3kB / 38.6kB	0B / 0B
01:33:21	76	100	6.95	upbeat_payne	21.29%	2.878GiB / 7.75GiB	37.13%	3.97GB / 4.01GB	86kB / 3.53GB
01:33:21	76	100	6.95	hungry_cannon	130.42%	604.3MiB / 7.75GiB	7.61%	6.12GB / 7.8GB	71.7MB / 66.9GB
01:33:21	76	100	6.95	testcontainers-ryuk-a6585c9a-421f-4355-8378-441094764d73	0.00%	5.219MiB / 7.75GiB	0.07%	40.6kB / 39kB	0B / 0B
01:34:23	76	100	5.27	upbeat_payne	21.67%	2.942GiB / 7.75GiB	37.97%	4.01GB / 4.05GB	90.1kB / 3.56GB
01:34:23	76	100	5.27	hungry_cannon	92.97%	626.9MiB / 7.75GiB	7.90%	6.18GB / 7.88GB	71.7MB / 67.8GB
01:34:23	76	100	5.27	testcontainers-ryuk-a6585c9a-421f-4355-8378-441094764d73	0.00%	5.219MiB / 7.75GiB	0.07%	41kB / 39.4kB	0B / 0B
01:35:25	69	100	4.06	upbeat_payne	19.57%	3.264GiB / 7.75GiB	42.12%	4.05GB / 4.09GB	98.3kB / 3.6GB
01:35:25	69	100	4.06	hungry_cannon	68.44%	636.2MiB / 7.75GiB	8.02%	6.24GB / 7.96GB	71.8MB / 68.7GB
01:35:25	69	100	4.06	testcontainers-ryuk-a6585c9a-421f-4355-8378-441094764d73	0.00%	5.219MiB / 7.75GiB	0.07%	41.4kB / 39.7kB	0B / 0B
01:36:27	67	100	4.44	upbeat_payne	25.03%	1.374GiB / 7.75GiB	17.73%	4.09GB / 4.13GB	111kB / 3.63GB
01:36:27	67	100	4.44	hungry_cannon	71.66%	654.9MiB / 7.75GiB	8.25%	6.3GB / 8.03GB	72.1MB / 69.8GB
01:36:27	67	100	4.44	testcontainers-ryuk-a6585c9a-421f-4355-8378-441094764d73	0.00%	5.219MiB / 7.75GiB	0.07%	41.7kB / 40.1kB	0B / 0B
01:37:30	79	100	5.42	upbeat_payne	21.50%	1.375GiB / 7.75GiB	17.74%	4.13GB / 4.17GB	111kB / 3.67GB
01:37:30	79	100	5.42	hungry_cannon	115.69%	670.2MiB / 7.75GiB	8.45%	6.36GB / 8.11GB	72.1MB / 70.5GB
01:37:30	79	100	5.42	testcontainers-ryuk-a6585c9a-421f-4355-8378-441094764d73	0.00%	5.219MiB / 7.75GiB	0.07%	42.2kB / 40.5kB	0B / 0B
01:38:32	79	100	5.87	upbeat_payne	21.56%	1.376GiB / 7.75GiB	17.75%	4.17GB / 4.21GB	111kB / 3.7GB
01:38:32	79	100	5.87	hungry_cannon	154.09%	736.9MiB / 7.75GiB	9.29%	6.42GB / 8.19GB	72.1MB / 71.5GB
01:38:32	79	100	5.87	testcontainers-ryuk-a6585c9a-421f-4355-8378-441094764d73	0.00%	5.219MiB / 7.75GiB	0.07%	42.6kB / 40.9kB	0B / 0B
01:39:34	79	100	4.31	upbeat_payne	26.35%	1.377GiB / 7.75GiB	17.77%	4.21GB / 4.25GB	111kB / 3.74GB
01:39:34	79	100	4.31	hungry_cannon	78.19%	768.5MiB / 7.75GiB	9.68%	6.48GB / 8.27GB	72.1MB / 72.2GB
01:39:34	79	100	4.31	testcontainers-ryuk-a6585c9a-421f-4355-8378-441094764d73	0.00%	5.219MiB / 7.75GiB	0.07%	42.9kB / 41.3kB	0B / 0B
01:40:36	76	100	6.30	upbeat_payne	20.58%	1.38GiB / 7.75GiB	17.81%	4.25GB / 4.29GB	111kB / 3.77GB
01:40:36	76	100	6.30	hungry_cannon	65.38%	855.1MiB / 7.75GiB	10.77%	6.54GB / 8.35GB	72.1MB / 73.2GB
01:40:36	76	100	6.30	testcontainers-ryuk-a6585c9a-421f-4355-8378-441094764d73	0.00%	5.219MiB / 7.75GiB	0.07%	43.3kB / 41.7kB	0B / 0B
01:41:39	69	100	6.33	upbeat_payne	23.69%	1.382GiB / 7.75GiB	17.83%	4.29GB / 4.33GB	111kB / 3.81GB
01:41:39	69	100	6.33	hungry_cannon	82.22%	854.9MiB / 7.75GiB	10.77%	6.6GB / 8.42GB	72.1MB / 74GB
01:41:39	69	100	6.33	testcontainers-ryuk-a6585c9a-421f-4355-8378-441094764d73	0.00%	5.219MiB / 7.75GiB	0.07%	43.7kB / 42.1kB	0B / 0B
01:42:41	67	100	4.30	upbeat_payne	23.78%	1.383GiB / 7.75GiB	17.84%	4.33GB / 4.37GB	111kB / 3.84GB
01:42:41	67	100	4.30	hungry_cannon	76.44%	854MiB / 7.75GiB	10.76%	6.67GB / 8.5GB	72.1MB / 74.6GB
01:42:41	67	100	4.30	testcontainers-ryuk-a6585c9a-421f-4355-8378-441094764d73	0.00%	5.219MiB / 7.75GiB	0.07%	44kB / 42.4kB	0B / 0B
01:43:43	74	100	4.89	upbeat_payne	21.99%	1.383GiB / 7.75GiB	17.85%	4.37GB / 4.41GB	111kB / 3.88GB
01:43:43	74	100	4.89	hungry_cannon	75.83%	854.2MiB / 7.75GiB	10.76%	6.73GB / 8.58GB	72.1MB / 75.4GB
01:43:43	74	100	4.89	testcontainers-ryuk-a6585c9a-421f-4355-8378-441094764d73	0.00%	5.219MiB / 7.75GiB	0.07%	44.4kB / 42.8kB	0B / 0B
01:44:45	81	100	5.89	upbeat_payne	19.78%	1.385GiB / 7.75GiB	17.86%	4.41GB / 4.45GB	111kB / 3.91GB
01:44:45	81	100	5.89	hungry_cannon	63.30%	853.5MiB / 7.75GiB	10.75%	6.79GB / 8.66GB	72.1MB / 76.2GB
01:44:45	81	100	5.89	testcontainers-ryuk-a6585c9a-421f-4355-8378-441094764d73	0.00%	5.219MiB / 7.75GiB	0.07%	44.8kB / 43.2kB	0B / 0B
01:45:48	79	100	5.03	upbeat_payne	18.79%	1.385GiB / 7.75GiB	17.87%	4.45GB / 4.49GB	111kB / 3.95GB
01:45:48	79	100	5.03	hungry_cannon	69.92%	853.3MiB / 7.75GiB	10.75%	6.85GB / 8.74GB	72.1MB / 77.2GB
01:45:48	79	100	5.03	testcontainers-ryuk-a6585c9a-421f-4355-8378-441094764d73	0.00%	5.219MiB / 7.75GiB	0.07%	45.2kB / 43.6kB	0B / 0B
01:46:50	74	100	4.38	upbeat_payne	20.55%	1.386GiB / 7.75GiB	17.89%	4.49GB / 4.53GB	111kB / 3.98GB
01:46:50	74	100	4.38	hungry_cannon	68.49%	852.1MiB / 7.75GiB	10.74%	6.91GB / 8.81GB	72.1MB / 78GB
01:46:50	74	100	4.38	testcontainers-ryuk-a6585c9a-421f-4355-8378-441094764d73	0.00%	5.219MiB / 7.75GiB	0.07%	45.6kB / 44kB	0B / 0B
01:47:52	65	100	5.43	upbeat_payne	21.35%	1.388GiB / 7.75GiB	17.91%	4.53GB / 4.57GB	111kB / 4.02GB
01:47:52	65	100	5.43	hungry_cannon	75.00%	832.7MiB / 7.75GiB	10.49%	6.97GB / 8.89GB	72.1MB / 78.9GB
01:47:52	65	100	5.43	testcontainers-ryuk-a6585c9a-421f-4355-8378-441094764d73	0.00%	5.219MiB / 7.75GiB	0.07%	46kB / 44.4kB	0B / 0B
01:48:54	69	100	4.68	upbeat_payne	24.10%	1.389GiB / 7.75GiB	17.92%	4.57GB / 4.61GB	111kB / 4.05GB
01:48:54	69	100	4.68	hungry_cannon	74.31%	803.2MiB / 7.75GiB	10.12%	7.03GB / 8.97GB	72.1MB / 79.7GB
01:48:54	69	100	4.68	testcontainers-ryuk-a6585c9a-421f-4355-8378-441094764d73	0.00%	5.219MiB / 7.75GiB	0.07%	46.4kB / 44.7kB	0B / 0B
01:49:57	76	100	4.50	upbeat_payne	44.65%	1.39GiB / 7.75GiB	17.94%	4.61GB / 4.65GB	246kB / 4.09GB
01:49:57	76	100	4.50	hungry_cannon	94.49%	813.7MiB / 7.75GiB	10.25%	7.1GB / 9.05GB	72.1MB / 80.4GB
01:49:57	76	100	4.50	testcontainers-ryuk-a6585c9a-421f-4355-8378-441094764d73	0.00%	5.219MiB / 7.75GiB	0.07%	46.8kB / 45.2kB	0B / 0B
01:50:59	79	100	6.69	upbeat_payne	21.22%	1.391GiB / 7.75GiB	17.95%	4.64GB / 4.69GB	246kB / 4.12GB
01:50:59	79	100	6.69	hungry_cannon	59.29%	818.8MiB / 7.75GiB	10.32%	7.16GB / 9.13GB	72.1MB / 81.3GB
01:50:59	79	100	6.69	testcontainers-ryuk-a6585c9a-421f-4355-8378-441094764d73	0.01%	5.219MiB / 7.75GiB	0.07%	47.2kB / 45.6kB	0B / 0B
01:52:01	76	100	5.80	upbeat_payne	18.10%	1.392GiB / 7.75GiB	17.96%	4.69GB / 4.73GB	246kB / 4.16GB
01:52:01	76	100	5.80	hungry_cannon	63.85%	818.6MiB / 7.75GiB	10.32%	7.22GB / 9.2GB	72.1MB / 82GB
01:52:01	76	100	5.80	testcontainers-ryuk-a6585c9a-421f-4355-8378-441094764d73	0.00%	5.219MiB / 7.75GiB	0.07%	47.6kB / 46kB	0B / 0B
01:53:03	72	100	3.96	upbeat_payne	23.25%	1.393GiB / 7.75GiB	17.98%	4.72GB / 4.77GB	246kB / 4.2GB
01:53:03	72	100	3.96	hungry_cannon	85.07%	820.3MiB / 7.75GiB	10.34%	7.28GB / 9.28GB	72.1MB / 83.1GB
01:53:03	72	100	3.96	testcontainers-ryuk-a6585c9a-421f-4355-8378-441094764d73	0.00%	5.219MiB / 7.75GiB	0.07%	48.1kB / 46.4kB	0B / 0B
01:54:06	69	100	4.16	upbeat_payne	22.72%	1.394GiB / 7.75GiB	17.98%	4.76GB / 4.81GB	246kB / 4.23GB
01:54:06	69	100	4.16	hungry_cannon	85.45%	819.8MiB / 7.75GiB	10.33%	7.34GB / 9.36GB	72.1MB / 83.8GB
01:54:06	69	100	4.16	testcontainers-ryuk-a6585c9a-421f-4355-8378-441094764d73	0.00%	5.219MiB / 7.75GiB	0.07%	48.5kB / 46.9kB	0B / 0B
01:55:08	72	100	4.79	upbeat_payne	24.91%	1.394GiB / 7.75GiB	17.98%	4.8GB / 4.85GB	250kB / 4.27GB
01:55:08	72	100	4.79	hungry_cannon	104.58%	401.3MiB / 7.75GiB	5.06%	7.4GB / 9.44GB	72.1MB / 84.8GB
01:55:08	72	100	4.79	testcontainers-ryuk-a6585c9a-421f-4355-8378-441094764d73	0.00%	5.219MiB / 7.75GiB	0.07%	48.9kB / 47.3kB	0B / 0B
01:56:10	79	100	4.84	upbeat_payne	20.13%	1.395GiB / 7.75GiB	18.00%	4.84GB / 4.89GB	250kB / 4.3GB
01:56:10	79	100	4.84	hungry_cannon	69.12%	403.8MiB / 7.75GiB	5.09%	7.46GB / 9.52GB	73.6MB / 85.5GB
01:56:10	79	100	4.84	testcontainers-ryuk-a6585c9a-421f-4355-8378-441094764d73	0.00%	5.219MiB / 7.75GiB	0.07%	49.4kB / 47.7kB	0B / 0B
01:57:13	76	100	5.59	upbeat_payne	20.89%	1.39GiB / 7.75GiB	17.93%	4.88GB / 4.93GB	250kB / 4.34GB
01:57:13	76	100	5.59	hungry_cannon	74.83%	411.3MiB / 7.75GiB	5.18%	7.52GB / 9.59GB	73.6MB / 86.3GB
01:57:13	76	100	5.59	testcontainers-ryuk-a6585c9a-421f-4355-8378-441094764d73	0.00%	5.219MiB / 7.75GiB	0.07%	49.8kB / 48.2kB	0B / 0B
01:58:15	76	100	6.14	upbeat_payne	20.14%	1.388GiB / 7.75GiB	17.90%	4.92GB / 4.97GB	250kB / 4.37GB
01:58:15	76	100	6.14	hungry_cannon	70.00%	414.1MiB / 7.75GiB	5.22%	7.58GB / 9.67GB	73.6MB / 87GB
01:58:15	76	100	6.14	testcontainers-ryuk-a6585c9a-421f-4355-8378-441094764d73	0.00%	5.219MiB / 7.75GiB	0.07%	50.2kB / 48.6kB	0B / 0B
01:59:17	72	100	7.07	upbeat_payne	23.21%	1.385GiB / 7.75GiB	17.87%	4.96GB / 5.01GB	250kB / 4.41GB
01:59:17	72	100	7.07	hungry_cannon	174.11%	433.7MiB / 7.75GiB	5.46%	7.65GB / 9.75GB	73.6MB / 88GB
01:59:17	72	100	7.07	testcontainers-ryuk-a6585c9a-421f-4355-8378-441094764d73	0.00%	5.219MiB / 7.75GiB	0.07%	50.6kB / 49kB	0B / 0B
02:00:19	67	100	6.53	upbeat_payne	28.29%	1.384GiB / 7.75GiB	17.85%	5GB / 5.05GB	250kB / 4.44GB
02:00:19	67	100	6.53	hungry_cannon	244.40%	415.8MiB / 7.75GiB	5.24%	7.71GB / 9.83GB	73.6MB / 88.7GB
02:00:19	67	100	6.53	testcontainers-ryuk-a6585c9a-421f-4355-8378-441094764d73	0.00%	5.219MiB / 7.75GiB	0.07%	51.1kB / 49.4kB	0B / 0B
02:01:22	72	100	5.71	upbeat_payne	21.27%	1.382GiB / 7.75GiB	17.84%	5.04GB / 5.09GB	250kB / 4.48GB
02:01:22	72	100	5.71	hungry_cannon	68.24%	416.1MiB / 7.75GiB	5.24%	7.77GB / 9.91GB	73.6MB / 89.7GB
02:01:22	72	100	5.71	testcontainers-ryuk-a6585c9a-421f-4355-8378-441094764d73	0.00%	5.219MiB / 7.75GiB	0.07%	51.5kB / 49.8kB	0B / 0B
02:02:24	74	100	6.45	upbeat_payne	20.20%	1.384GiB / 7.75GiB	17.86%	5.08GB / 5.13GB	250kB / 4.51GB
02:02:24	74	100	6.45	hungry_cannon	65.28%	417.6MiB / 7.75GiB	5.26%	7.83GB / 9.98GB	73.6MB / 90.4GB
02:02:24	74	100	6.45	testcontainers-ryuk-a6585c9a-421f-4355-8378-441094764d73	0.00%	5.219MiB / 7.75GiB	0.07%	51.8kB / 50.2kB	0B / 0B
02:03:26	76	100	5.43	upbeat_payne	23.13%	1.383GiB / 7.75GiB	17.84%	5.12GB / 5.17GB	250kB / 4.55GB
02:03:26	76	100	5.43	hungry_cannon	80.96%	417.4MiB / 7.75GiB	5.26%	7.89GB / 10.1GB	73.6MB / 91.8GB
02:03:26	76	100	5.43	testcontainers-ryuk-a6585c9a-421f-4355-8378-441094764d73	0.00%	5.219MiB / 7.75GiB	0.07%	52.3kB / 50.6kB	0B / 0B
02:04:28	76	100	4.63	upbeat_payne	24.50%	1.384GiB / 7.75GiB	17.86%	5.16GB / 5.21GB	250kB / 4.58GB
02:04:28	76	100	4.63	hungry_cannon	89.41%	417.8MiB / 7.75GiB	5.26%	7.95GB / 10.1GB	73.6MB / 92.7GB
02:04:28	76	100	4.63	testcontainers-ryuk-a6585c9a-421f-4355-8378-441094764d73	0.00%	5.219MiB / 7.75GiB	0.07%	52.7kB / 51kB	0B / 0B
02:05:30	67	100	5.17	upbeat_payne	32.96%	1.383GiB / 7.75GiB	17.85%	5.2GB / 5.25GB	250kB / 4.62GB
02:05:30	67	100	5.17	hungry_cannon	330.22%	450.3MiB / 7.75GiB	5.67%	8.01GB / 10.2GB	73.6MB / 93.4GB
02:05:30	67	100	5.17	testcontainers-ryuk-a6585c9a-421f-4355-8378-441094764d73	0.00%	5.219MiB / 7.75GiB	0.07%	53.1kB / 51.5kB	0B / 0B
02:06:33	67	100	6.88	upbeat_payne	22.95%	1.384GiB / 7.75GiB	17.86%	5.24GB / 5.29GB	250kB / 4.65GB
02:06:33	67	100	6.88	hungry_cannon	71.07%	450.3MiB / 7.75GiB	5.67%	8.08GB / 10.3GB	73.6MB / 94.5GB
02:06:33	67	100	6.88	testcontainers-ryuk-a6585c9a-421f-4355-8378-441094764d73	0.00%	5.219MiB / 7.75GiB	0.07%	53.5kB / 51.9kB	0B / 0B
02:07:35	79	100	5.96	upbeat_payne	18.59%	1.384GiB / 7.75GiB	17.86%	5.28GB / 5.33GB	250kB / 4.69GB
02:07:35	79	100	5.96	hungry_cannon	65.63%	487.6MiB / 7.75GiB	6.14%	8.14GB / 10.4GB	73.6MB / 95.2GB
02:07:35	79	100	5.96	testcontainers-ryuk-a6585c9a-421f-4355-8378-441094764d73	0.00%	5.219MiB / 7.75GiB	0.07%	53.9kB / 52.3kB	0B / 0B
02:08:37	81	100	4.44	upbeat_payne	18.48%	1.385GiB / 7.75GiB	17.87%	5.32GB / 5.37GB	250kB / 4.72GB
02:08:37	81	100	4.44	hungry_cannon	63.20%	487.8MiB / 7.75GiB	6.15%	8.2GB / 10.5GB	73.6MB / 96.1GB
02:08:37	81	100	4.44	testcontainers-ryuk-a6585c9a-421f-4355-8378-441094764d73	0.00%	5.219MiB / 7.75GiB	0.07%	54.4kB / 52.7kB	0B / 0B
02:09:39	81	100	7.26	upbeat_payne	20.29%	1.384GiB / 7.75GiB	17.85%	5.36GB / 5.41GB	250kB / 4.76GB
02:09:39	81	100	7.26	hungry_cannon	73.64%	520.5MiB / 7.75GiB	6.56%	8.26GB / 10.5GB	73.6MB / 96.7GB
02:09:39	81	100	7.26	testcontainers-ryuk-a6585c9a-421f-4355-8378-441094764d73	0.00%	5.219MiB / 7.75GiB	0.07%	54.8kB / 53.2kB	0B / 0B
02:10:42	76	100	6.70	upbeat_payne	19.90%	1.385GiB / 7.75GiB	17.87%	5.4GB / 5.45GB	250kB / 4.79GB
02:10:42	76	100	6.70	hungry_cannon	67.31%	532.1MiB / 7.75GiB	6.70%	8.32GB / 10.6GB	73.8MB / 97.7GB
02:10:42	76	100	6.70	testcontainers-ryuk-a6585c9a-421f-4355-8378-441094764d73	0.00%	5.219MiB / 7.75GiB	0.07%	55.2kB / 53.6kB	0B / 0B
02:11:44	67	100	5.45	upbeat_payne	26.18%	1.383GiB / 7.75GiB	17.85%	5.44GB / 5.49GB	250kB / 4.83GB
02:11:44	67	100	5.45	hungry_cannon	95.96%	564.2MiB / 7.75GiB	7.11%	8.38GB / 10.7GB	73.9MB / 98.3GB
02:11:44	67	100	5.45	testcontainers-ryuk-a6585c9a-421f-4355-8378-441094764d73	0.00%	5.219MiB / 7.75GiB	0.07%	55.6kB / 54kB	0B / 0B
02:12:46	81	100	4.07	upbeat_payne	19.73%	1.385GiB / 7.75GiB	17.87%	5.48GB / 5.53GB	250kB / 4.87GB
02:12:46	81	100	4.07	hungry_cannon	70.85%	564MiB / 7.75GiB	7.11%	8.44GB / 10.8GB	73.9MB / 99.3GB
02:12:46	81	100	4.07	testcontainers-ryuk-a6585c9a-421f-4355-8378-441094764d73	0.00%	5.219MiB / 7.75GiB	0.07%	56kB / 54.4kB	0B / 0B
02:13:49	76	100	5.62	upbeat_payne	20.27%	1.386GiB / 7.75GiB	17.89%	5.52GB / 5.57GB	250kB / 4.91GB
02:13:49	76	100	5.62	hungry_cannon	71.72%	564.1MiB / 7.75GiB	7.11%	8.5GB / 10.8GB	73.9MB / 100GB
02:13:49	76	100	5.62	testcontainers-ryuk-a6585c9a-421f-4355-8378-441094764d73	0.00%	5.219MiB / 7.75GiB	0.07%	56.5kB / 54.8kB	0B / 0B
02:14:51	79	100	6.01	upbeat_payne	21.74%	1.386GiB / 7.75GiB	17.88%	5.56GB / 5.61GB	250kB / 4.94GB
02:14:51	79	100	6.01	hungry_cannon	81.42%	601.3MiB / 7.75GiB	7.58%	8.57GB / 10.9GB	73.9MB / 101GB
02:14:51	79	100	6.01	testcontainers-ryuk-a6585c9a-421f-4355-8378-441094764d73	0.00%	5.219MiB / 7.75GiB	0.07%	56.9kB / 55.2kB	0B / 0B
02:15:53	72	100	8.58	upbeat_payne	21.70%	1.387GiB / 7.75GiB	17.89%	5.6GB / 5.65GB	250kB / 4.98GB
02:15:53	72	100	8.58	hungry_cannon	83.10%	605.6MiB / 7.75GiB	7.63%	8.63GB / 11GB	73.9MB / 102GB
02:15:53	72	100	8.58	testcontainers-ryuk-a6585c9a-421f-4355-8378-441094764d73	0.00%	5.219MiB / 7.75GiB	0.07%	57.2kB / 55.6kB	0B / 0B
02:16:55	69	100	5.81	upbeat_payne	26.02%	1.411GiB / 7.75GiB	18.21%	5.64GB / 5.69GB	250kB / 5.01GB
02:16:55	69	100	5.81	hungry_cannon	165.14%	639.8MiB / 7.75GiB	8.06%	8.69GB / 11.1GB	73.9MB / 102GB
02:16:55	69	100	5.81	testcontainers-ryuk-a6585c9a-421f-4355-8378-441094764d73	0.00%	5.219MiB / 7.75GiB	0.07%	57.7kB / 56.1kB	0B / 0B
02:17:58	62	100	9.19	upbeat_payne	30.60%	1.412GiB / 7.75GiB	18.22%	5.68GB / 5.73GB	250kB / 5.05GB
02:17:58	62	100	9.19	hungry_cannon	139.10%	565.4MiB / 7.75GiB	7.12%	8.75GB / 11.2GB	73.9MB / 104GB
02:17:58	62	100	9.19	testcontainers-ryuk-a6585c9a-421f-4355-8378-441094764d73	0.00%	5.219MiB / 7.75GiB	0.07%	58.1kB / 56.5kB	0B / 0B
02:19:00	62	100	8.73	upbeat_payne	31.64%	1.413GiB / 7.75GiB	18.23%	5.72GB / 5.77GB	250kB / 5.08GB
02:19:00	62	100	8.73	hungry_cannon	112.43%	547.5MiB / 7.75GiB	6.90%	8.81GB / 11.2GB	73.9MB / 104GB
02:19:00	62	100	8.73	testcontainers-ryuk-a6585c9a-421f-4355-8378-441094764d73	0.00%	5.219MiB / 7.75GiB	0.07%	58.5kB / 56.9kB	0B / 0B
02:20:02	72	100	7.71	upbeat_payne	27.22%	1.415GiB / 7.75GiB	18.25%	5.76GB / 5.81GB	250kB / 5.12GB
02:20:02	72	100	7.71	hungry_cannon	88.79%	555.2MiB / 7.75GiB	7.00%	8.87GB / 11.3GB	73.9MB / 105GB
02:20:02	72	100	7.71	testcontainers-ryuk-a6585c9a-421f-4355-8378-441094764d73	0.00%	5.219MiB / 7.75GiB	0.07%	58.9kB / 57.3kB	0B / 0B
02:21:05	74	100	7.70	upbeat_payne	24.92%	1.483GiB / 7.75GiB	19.14%	5.8GB / 5.85GB	250kB / 5.15GB
02:21:05	74	100	7.70	hungry_cannon	105.27%	619.9MiB / 7.75GiB	7.81%	8.93GB / 11.4GB	73.9MB / 106GB
02:21:05	74	100	7.70	testcontainers-ryuk-a6585c9a-421f-4355-8378-441094764d73	0.00%	5.219MiB / 7.75GiB	0.07%	59.3kB / 57.7kB	0B / 0B
02:22:07	72	100	6.71	upbeat_payne	22.93%	1.753GiB / 7.75GiB	22.62%	5.84GB / 5.89GB	250kB / 5.19GB
02:22:07	72	100	6.71	hungry_cannon	82.88%	758.6MiB / 7.75GiB	9.56%	8.99GB / 11.5GB	73.9MB / 107GB
02:22:07	72	100	6.71	testcontainers-ryuk-a6585c9a-421f-4355-8378-441094764d73	0.00%	5.219MiB / 7.75GiB	0.07%	59.8kB / 58.2kB	0B / 0B
02:23:10	67	100	6.54	upbeat_payne	33.16%	1.956GiB / 7.75GiB	25.24%	5.88GB / 5.93GB	254kB / 5.22GB
02:23:10	67	100	6.54	hungry_cannon	117.26%	831.1MiB / 7.75GiB	10.47%	9.06GB / 11.5GB	73.9MB / 107GB
02:23:10	67	100	6.54	testcontainers-ryuk-a6585c9a-421f-4355-8378-441094764d73	0.00%	5.219MiB / 7.75GiB	0.07%	60.1kB / 58.5kB	0B / 0B
02:24:12	62	100	7.49	upbeat_payne	43.85%	2.02GiB / 7.75GiB	26.06%	5.92GB / 5.97GB	254kB / 5.26GB
02:24:12	62	100	7.49	hungry_cannon	90.24%	830.2MiB / 7.75GiB	10.46%	9.12GB / 11.6GB	73.9MB / 108GB
02:24:12	62	100	7.49	testcontainers-ryuk-a6585c9a-421f-4355-8378-441094764d73	0.00%	5.219MiB / 7.75GiB	0.07%	60.5kB / 58.8kB	0B / 0B
02:25:14	65	100	7.30	upbeat_payne	27.60%	2.09GiB / 7.75GiB	26.97%	5.96GB / 6.01GB	254kB / 5.29GB
02:25:14	65	100	7.30	hungry_cannon	93.57%	830.8MiB / 7.75GiB	10.47%	9.18GB / 11.7GB	73.9MB / 109GB
02:25:14	65	100	7.30	testcontainers-ryuk-a6585c9a-421f-4355-8378-441094764d73	0.00%	5.219MiB / 7.75GiB	0.07%	60.9kB / 59.2kB	0B / 0B
02:26:16	74	100	7.83	upbeat_payne	23.28%	2.16GiB / 7.75GiB	27.87%	6GB / 6.06GB	254kB / 5.33GB
02:26:16	74	100	7.83	hungry_cannon	83.63%	830.5MiB / 7.75GiB	10.46%	9.24GB / 11.8GB	73.9MB / 110GB
02:26:16	74	100	7.83	testcontainers-ryuk-a6585c9a-421f-4355-8378-441094764d73	0.00%	5.219MiB / 7.75GiB	0.07%	61.2kB / 59.6kB	0B / 0B
02:27:19	72	100	6.58	upbeat_payne	28.46%	2.31GiB / 7.75GiB	29.80%	6.04GB / 6.1GB	254kB / 5.36GB
02:27:19	72	100	6.58	hungry_cannon	80.45%	830.1MiB / 7.75GiB	10.46%	9.3GB / 11.9GB	73.9MB / 111GB
02:27:19	72	100	6.58	testcontainers-ryuk-a6585c9a-421f-4355-8378-441094764d73	0.00%	5.219MiB / 7.75GiB	0.07%	61.6kB / 59.9kB	0B / 0B
02:28:21	72	100	8.73	upbeat_payne	29.91%	2.596GiB / 7.75GiB	33.49%	6.08GB / 6.14GB	254kB / 5.4GB
02:28:21	72	100	8.73	hungry_cannon	72.85%	860MiB / 7.75GiB	10.84%	9.36GB / 11.9GB	73.9MB / 112GB
02:28:21	72	100	8.73	testcontainers-ryuk-a6585c9a-421f-4355-8378-441094764d73	0.00%	5.219MiB / 7.75GiB	0.07%	62kB / 60.3kB	0B / 0B
02:29:23	65	100	16.85	upbeat_payne	29.22%	2.74GiB / 7.75GiB	35.35%	6.12GB / 6.18GB	258kB / 5.43GB
02:29:23	65	100	16.85	hungry_cannon	204.36%	833.9MiB / 7.75GiB	10.51%	9.42GB / 12GB	73.9MB / 113GB
02:29:23	65	100	16.85	testcontainers-ryuk-a6585c9a-421f-4355-8378-441094764d73	0.00%	5.219MiB / 7.75GiB	0.07%	62.3kB / 60.7kB	0B / 0B
02:30:26	69	100	11.53	upbeat_payne	21.21%	2.798GiB / 7.75GiB	36.10%	6.16GB / 6.22GB	266kB / 5.47GB
02:30:26	69	100	11.53	hungry_cannon	71.51%	872.1MiB / 7.75GiB	10.99%	9.48GB / 12.1GB	74.4MB / 114GB
02:30:26	69	100	11.53	testcontainers-ryuk-a6585c9a-421f-4355-8378-441094764d73	0.00%	5.219MiB / 7.75GiB	0.07%	62.8kB / 61.1kB	0B / 0B
02:31:28	97	100	7.12	upbeat_payne	19.98%	2.799GiB / 7.75GiB	36.12%	6.2GB / 6.26GB	270kB / 5.51GB
02:31:28	97	100	7.12	hungry_cannon	69.67%	841.3MiB / 7.75GiB	10.60%	9.55GB / 12.2GB	74.4MB / 115GB
02:31:28	97	100	7.12	testcontainers-ryuk-a6585c9a-421f-4355-8378-441094764d73	0.00%	5.219MiB / 7.75GiB	0.07%	63.2kB / 61.5kB	0B / 0B
02:32:30	79	100	5.43	upbeat_payne	18.64%	2.819GiB / 7.75GiB	36.37%	6.24GB / 6.3GB	270kB / 5.54GB
02:32:30	79	100	5.43	hungry_cannon	69.93%	845.5MiB / 7.75GiB	10.65%	9.61GB / 12.2GB	74.4MB / 115GB
02:32:30	79	100	5.43	testcontainers-ryuk-a6585c9a-421f-4355-8378-441094764d73	0.00%	5.219MiB / 7.75GiB	0.07%	63.6kB / 61.9kB	0B / 0B
02:33:33	86	100	5.90	upbeat_payne	20.44%	2.83GiB / 7.75GiB	36.52%	6.28GB / 6.34GB	279kB / 5.58GB
02:33:33	86	100	5.90	hungry_cannon	64.96%	868.2MiB / 7.75GiB	10.94%	9.67GB / 12.3GB	74.4MB / 116GB
02:33:33	86	100	5.90	testcontainers-ryuk-a6585c9a-421f-4355-8378-441094764d73	0.00%	5.219MiB / 7.75GiB	0.07%	64kB / 62.4kB	0B / 0B
02:34:35	79	100	5.68	upbeat_payne	18.69%	2.84GiB / 7.75GiB	36.65%	6.32GB / 6.38GB	283kB / 5.61GB
02:34:35	79	100	5.68	hungry_cannon	74.46%	846.3MiB / 7.75GiB	10.66%	9.73GB / 12.4GB	74.4MB / 117GB
02:34:35	79	100	5.68	testcontainers-ryuk-a6585c9a-421f-4355-8378-441094764d73	0.00%	5.219MiB / 7.75GiB	0.07%	64.4kB / 62.8kB	0B / 0B
02:35:37	72	100	7.03	upbeat_payne	18.84%	2.841GiB / 7.75GiB	36.66%	6.36GB / 6.42GB	287kB / 5.65GB
02:35:37	72	100	7.03	hungry_cannon	70.49%	847.4MiB / 7.75GiB	10.68%	9.79GB / 12.5GB	74.4MB / 118GB
02:35:37	72	100	7.03	testcontainers-ryuk-a6585c9a-421f-4355-8378-441094764d73	0.00%	5.219MiB / 7.75GiB	0.07%	64.8kB / 63.2kB	0B / 0B
02:36:39	81	100	6.35	upbeat_payne	21.34%	2.852GiB / 7.75GiB	36.80%	6.4GB / 6.46GB	287kB / 5.68GB
02:36:39	81	100	6.35	hungry_cannon	70.75%	846.8MiB / 7.75GiB	10.67%	9.85GB / 12.6GB	74.4MB / 119GB
02:36:39	81	100	6.35	testcontainers-ryuk-a6585c9a-421f-4355-8378-441094764d73	0.00%	5.219MiB / 7.75GiB	0.07%	65.3kB / 63.6kB	0B / 0B
02:37:41	90	100	4.79	upbeat_payne	18.40%	2.854GiB / 7.75GiB	36.82%	6.44GB / 6.5GB	287kB / 5.72GB
02:37:41	90	100	4.79	hungry_cannon	64.17%	847.4MiB / 7.75GiB	10.68%	9.91GB / 12.6GB	74.4MB / 120GB
02:37:41	90	100	4.79	testcontainers-ryuk-a6585c9a-421f-4355-8378-441094764d73	0.00%	5.219MiB / 7.75GiB	0.07%	65.7kB / 64kB	0B / 0B
02:38:44	88	100	4.81	upbeat_payne	21.98%	2.876GiB / 7.75GiB	37.11%	6.48GB / 6.54GB	287kB / 5.75GB
02:38:44	88	100	4.81	hungry_cannon	61.90%	847.5MiB / 7.75GiB	10.68%	9.97GB / 12.7GB	74.4MB / 121GB
02:38:44	88	100	4.81	testcontainers-ryuk-a6585c9a-421f-4355-8378-441094764d73	0.00%	5.219MiB / 7.75GiB	0.07%	66kB / 64.4kB	0B / 0B
02:39:46	88	100	4.64	upbeat_payne	18.98%	2.876GiB / 7.75GiB	37.11%	6.52GB / 6.58GB	287kB / 5.79GB
02:39:46	88	100	4.64	hungry_cannon	63.10%	848.2MiB / 7.75GiB	10.69%	10GB / 12.8GB	74.4MB / 122GB
02:39:46	88	100	4.64	testcontainers-ryuk-a6585c9a-421f-4355-8378-441094764d73	0.00%	5.219MiB / 7.75GiB	0.07%	66.4kB / 64.8kB	0B / 0B
02:40:48	76	100	4.97	upbeat_payne	20.61%	2.891GiB / 7.75GiB	37.30%	6.56GB / 6.62GB	287kB / 5.82GB
02:40:48	76	100	4.97	hungry_cannon	69.56%	847.4MiB / 7.75GiB	10.68%	10.1GB / 12.9GB	74.4MB / 123GB
02:40:48	76	100	4.97	testcontainers-ryuk-a6585c9a-421f-4355-8378-441094764d73	0.00%	5.219MiB / 7.75GiB	0.07%	66.7kB / 65.1kB	0B / 0B
02:41:51	83	100	4.10	upbeat_payne	23.39%	2.899GiB / 7.75GiB	37.40%	6.6GB / 6.66GB	287kB / 5.86GB
02:41:51	83	100	4.10	hungry_cannon	62.54%	854MiB / 7.75GiB	10.76%	10.2GB / 12.9GB	74.4MB / 123GB
02:41:51	83	100	4.10	testcontainers-ryuk-a6585c9a-421f-4355-8378-441094764d73	0.00%	5.219MiB / 7.75GiB	0.07%	67.1kB / 65.5kB	0B / 0B
02:42:53	93	100	5.09	upbeat_payne	19.56%	2.9GiB / 7.75GiB	37.41%	6.64GB / 6.7GB	287kB / 5.89GB
02:42:53	93	100	5.09	hungry_cannon	64.00%	854MiB / 7.75GiB	10.76%	10.2GB / 13GB	74.4MB / 124GB
02:42:53	93	100	5.09	testcontainers-ryuk-a6585c9a-421f-4355-8378-441094764d73	0.00%	5.219MiB / 7.75GiB	0.07%	67.5kB / 65.8kB	0B / 0B
02:43:55	86	100	5.42	upbeat_payne	20.53%	2.926GiB / 7.75GiB	37.75%	6.68GB / 6.74GB	287kB / 5.93GB
02:43:55	86	100	5.42	hungry_cannon	64.99%	854.5MiB / 7.75GiB	10.77%	10.3GB / 13.1GB	74.5MB / 125GB
02:43:55	86	100	5.42	testcontainers-ryuk-a6585c9a-421f-4355-8378-441094764d73	0.00%	5.219MiB / 7.75GiB	0.07%	67.8kB / 66.2kB	0B / 0B
02:44:57	90	100	4.65	upbeat_payne	18.04%	2.927GiB / 7.75GiB	37.77%	6.72GB / 6.78GB	287kB / 5.96GB
02:44:57	90	100	4.65	hungry_cannon	65.72%	854.3MiB / 7.75GiB	10.77%	10.3GB / 13.2GB	74.5MB / 126GB
02:44:57	90	100	4.65	testcontainers-ryuk-a6585c9a-421f-4355-8378-441094764d73	0.00%	5.219MiB / 7.75GiB	0.07%	68.2kB / 66.5kB	0B / 0B
02:45:59	83	100	4.44	upbeat_payne	22.59%	2.94GiB / 7.75GiB	37.93%	6.76GB / 6.82GB	287kB / 6GB
02:45:59	83	100	4.44	hungry_cannon	65.10%	860MiB / 7.75GiB	10.84%	10.4GB / 13.3GB	74.5MB / 127GB
02:45:59	83	100	4.44	testcontainers-ryuk-a6585c9a-421f-4355-8378-441094764d73	0.00%	5.219MiB / 7.75GiB	0.07%	68.5kB / 66.9kB	0B / 0B
02:47:01	74	100	5.61	upbeat_payne	20.63%	2.953GiB / 7.75GiB	38.10%	6.8GB / 6.86GB	287kB / 6.03GB
02:47:01	74	100	5.61	hungry_cannon	72.67%	844.6MiB / 7.75GiB	10.64%	10.5GB / 13.3GB	74.5MB / 128GB
02:47:01	74	100	5.61	testcontainers-ryuk-a6585c9a-421f-4355-8378-441094764d73	0.00%	5.219MiB / 7.75GiB	0.07%	68.9kB / 67.2kB	0B / 0B
02:48:04	65	100	5.04	upbeat_payne	26.72%	2.953GiB / 7.75GiB	38.11%	6.84GB / 6.9GB	287kB / 6.07GB
02:48:04	65	100	5.04	hungry_cannon	111.17%	781.3MiB / 7.75GiB	9.85%	10.5GB / 13.4GB	74.5MB / 129GB
02:48:04	65	100	5.04	testcontainers-ryuk-a6585c9a-421f-4355-8378-441094764d73	0.00%	5.219MiB / 7.75GiB	0.07%	69.2kB / 67.6kB	0B / 0B
02:49:06	65	100	5.31	upbeat_payne	30.88%	2.955GiB / 7.75GiB	38.13%	6.88GB / 6.94GB	287kB / 6.1GB
02:49:06	65	100	5.31	hungry_cannon	91.81%	777.2MiB / 7.75GiB	9.79%	10.6GB / 13.5GB	74.5MB / 130GB
02:49:06	65	100	5.31	testcontainers-ryuk-a6585c9a-421f-4355-8378-441094764d73	0.00%	5.219MiB / 7.75GiB	0.07%	69.6kB / 68kB	0B / 0B
02:50:08	72	100	7.00	upbeat_payne	22.68%	3.016GiB / 7.75GiB	38.92%	6.92GB / 6.98GB	291kB / 6.14GB
02:50:08	72	100	7.00	hungry_cannon	111.19%	830.2MiB / 7.75GiB	10.46%	10.6GB / 13.6GB	74.5MB / 131GB
02:50:08	72	100	7.00	testcontainers-ryuk-a6585c9a-421f-4355-8378-441094764d73	0.00%	5.219MiB / 7.75GiB	0.07%	70kB / 68.4kB	0B / 0B
02:51:11	74	100	7.38	upbeat_payne	36.15%	3.03GiB / 7.75GiB	39.10%	6.96GB / 7.02GB	291kB / 6.18GB
02:51:11	74	100	7.38	hungry_cannon	79.06%	838.4MiB / 7.75GiB	10.56%	10.7GB / 13.6GB	74.5MB / 132GB
02:51:11	74	100	7.38	testcontainers-ryuk-a6585c9a-421f-4355-8378-441094764d73	0.00%	5.219MiB / 7.75GiB	0.07%	70.4kB / 68.8kB	0B / 0B
02:52:13	72	100	8.00	upbeat_payne	22.76%	3.044GiB / 7.75GiB	39.28%	6.99GB / 7.06GB	291kB / 6.22GB
02:52:13	72	100	8.00	hungry_cannon	82.45%	838.7MiB / 7.75GiB	10.57%	10.8GB / 13.7GB	74.5MB / 132GB
02:52:13	72	100	8.00	testcontainers-ryuk-a6585c9a-421f-4355-8378-441094764d73	0.00%	5.219MiB / 7.75GiB	0.07%	70.8kB / 69.2kB	0B / 0B
02:53:15	69	100	5.88	upbeat_payne	24.29%	3.045GiB / 7.75GiB	39.29%	7.03GB / 7.1GB	291kB / 6.25GB
02:53:15	69	100	5.88	hungry_cannon	85.40%	841.6MiB / 7.75GiB	10.61%	10.8GB / 13.8GB	74.5MB / 133GB
02:53:15	69	100	5.88	testcontainers-ryuk-a6585c9a-421f-4355-8378-441094764d73	0.00%	5.219MiB / 7.75GiB	0.07%	71.2kB / 69.5kB	0B / 0B
02:54:17	62	100	5.18	upbeat_payne	27.76%	3.064GiB / 7.75GiB	39.53%	7.07GB / 7.14GB	291kB / 6.29GB
02:54:17	62	100	5.18	hungry_cannon	132.62%	900.7MiB / 7.75GiB	11.35%	10.9GB / 13.9GB	74.5MB / 134GB
02:54:17	62	100	5.18	testcontainers-ryuk-a6585c9a-421f-4355-8378-441094764d73	0.00%	5.219MiB / 7.75GiB	0.07%	71.6kB / 69.9kB	0B / 0B
02:55:19	67	100	5.88	upbeat_payne	27.73%	3.093GiB / 7.75GiB	39.91%	7.11GB / 7.18GB	291kB / 6.32GB
02:55:19	67	100	5.88	hungry_cannon	141.77%	840.4MiB / 7.75GiB	10.59%	11GB / 14GB	74.5MB / 134GB
02:55:19	67	100	5.88	testcontainers-ryuk-a6585c9a-421f-4355-8378-441094764d73	0.00%	5.219MiB / 7.75GiB	0.07%	72.1kB / 70.4kB	0B / 0B
02:56:22	74	100	7.41	upbeat_payne	28.68%	3.094GiB / 7.75GiB	39.92%	7.15GB / 7.22GB	295kB / 6.36GB
02:56:22	74	100	7.41	hungry_cannon	195.51%	842.8MiB / 7.75GiB	10.62%	11GB / 14GB	74.5MB / 135GB
02:56:22	74	100	7.41	testcontainers-ryuk-a6585c9a-421f-4355-8378-441094764d73	0.00%	5.219MiB / 7.75GiB	0.07%	72.4kB / 70.8kB	0B / 0B
02:57:24	72	100	8.82	upbeat_payne	23.93%	3.123GiB / 7.75GiB	40.29%	7.19GB / 7.26GB	295kB / 6.39GB
02:57:24	72	100	8.82	hungry_cannon	106.96%	847.2MiB / 7.75GiB	10.68%	11.1GB / 14.1GB	74.5MB / 137GB
02:57:24	72	100	8.82	testcontainers-ryuk-a6585c9a-421f-4355-8378-441094764d73	0.00%	5.219MiB / 7.75GiB	0.07%	72.8kB / 71.2kB	0B / 0B
02:58:26	72	100	8.76	upbeat_payne	21.51%	3.133GiB / 7.75GiB	40.42%	7.23GB / 7.3GB	295kB / 6.43GB
02:58:26	72	100	8.76	hungry_cannon	73.23%	854.3MiB / 7.75GiB	10.76%	11.1GB / 14.2GB	74.5MB / 137GB
02:58:26	72	100	8.76	testcontainers-ryuk-a6585c9a-421f-4355-8378-441094764d73	0.00%	5.219MiB / 7.75GiB	0.07%	73.2kB / 71.6kB	0B / 0B
02:59:28	65	100	6.44	upbeat_payne	25.64%	3.145GiB / 7.75GiB	40.58%	7.27GB / 7.34GB	299kB / 6.46GB
02:59:28	65	100	6.44	hungry_cannon	86.24%	850.8MiB / 7.75GiB	10.72%	11.2GB / 14.3GB	74.5MB / 138GB
02:59:28	65	100	6.44	testcontainers-ryuk-a6585c9a-421f-4355-8378-441094764d73	0.00%	5.219MiB / 7.75GiB	0.07%	73.6kB / 72kB	0B / 0B
03:00:31	62	100	6.39	upbeat_payne	28.07%	3.15GiB / 7.75GiB	40.64%	7.31GB / 7.38GB	299kB / 6.5GB
03:00:31	62	100	6.39	hungry_cannon	84.98%	851MiB / 7.75GiB	10.72%	11.3GB / 14.3GB	74.7MB / 139GB
03:00:31	62	100	6.39	testcontainers-ryuk-a6585c9a-421f-4355-8378-441094764d73	0.00%	5.219MiB / 7.75GiB	0.07%	74kB / 72.3kB	0B / 0B
03:01:33	72	100	7.05	upbeat_payne	36.79%	3.163GiB / 7.75GiB	40.81%	7.35GB / 7.42GB	299kB / 6.53GB
03:01:33	72	100	7.05	hungry_cannon	155.86%	856.7MiB / 7.75GiB	10.79%	11.3GB / 14.4GB	74.9MB / 140GB
03:01:33	72	100	7.05	testcontainers-ryuk-a6585c9a-421f-4355-8378-441094764d73	0.00%	5.219MiB / 7.75GiB	0.07%	74.4kB / 72.7kB	0B / 0B
03:02:36	74	100	9.17	upbeat_payne	29.51%	3.164GiB / 7.75GiB	40.83%	7.39GB / 7.46GB	299kB / 6.57GB
03:02:36	74	100	9.17	hungry_cannon	90.37%	855.8MiB / 7.75GiB	10.78%	11.4GB / 14.5GB	74.9MB / 141GB
03:02:36	74	100	9.17	testcontainers-ryuk-a6585c9a-421f-4355-8378-441094764d73	0.00%	5.219MiB / 7.75GiB	0.07%	74.7kB / 73.1kB	0B / 0B
03:03:38	72	100	8.67	upbeat_payne	21.41%	3.181GiB / 7.75GiB	41.05%	7.43GB / 7.5GB	299kB / 6.6GB
03:03:38	72	100	8.67	hungry_cannon	74.58%	856.4MiB / 7.75GiB	10.79%	11.4GB / 14.6GB	75MB / 142GB
03:03:38	72	100	8.67	testcontainers-ryuk-a6585c9a-421f-4355-8378-441094764d73	0.00%	5.219MiB / 7.75GiB	0.07%	75.1kB / 73.5kB	0B / 0B
03:04:40	72	100	6.55	upbeat_payne	20.58%	3.189GiB / 7.75GiB	41.14%	7.47GB / 7.54GB	303kB / 6.64GB
03:04:40	72	100	6.55	hungry_cannon	74.23%	855.9MiB / 7.75GiB	10.78%	11.5GB / 14.7GB	75MB / 143GB
03:04:40	72	100	6.55	testcontainers-ryuk-a6585c9a-421f-4355-8378-441094764d73	0.00%	5.219MiB / 7.75GiB	0.07%	75.4kB / 73.8kB	0B / 0B
03:05:42	62	100	6.19	upbeat_payne	24.00%	3.19GiB / 7.75GiB	41.16%	7.51GB / 7.58GB	303kB / 6.67GB
03:05:42	62	100	6.19	hungry_cannon	80.67%	855.8MiB / 7.75GiB	10.78%	11.6GB / 14.7GB	75MB / 144GB
03:05:42	62	100	6.19	testcontainers-ryuk-a6585c9a-421f-4355-8378-441094764d73	0.00%	5.219MiB / 7.75GiB	0.07%	75.8kB / 74.2kB	0B / 0B
03:06:44	65	100	6.81	upbeat_payne	26.79%	3.209GiB / 7.75GiB	41.41%	7.55GB / 7.62GB	307kB / 6.71GB
03:06:44	65	100	6.81	hungry_cannon	92.82%	856.3MiB / 7.75GiB	10.79%	11.6GB / 14.8GB	75MB / 145GB
03:06:44	65	100	6.81	testcontainers-ryuk-a6585c9a-421f-4355-8378-441094764d73	0.00%	5.219MiB / 7.75GiB	0.07%	76.1kB / 74.5kB	0B / 0B
03:07:47	72	100	8.35	upbeat_payne	23.52%	3.21GiB / 7.75GiB	41.42%	7.59GB / 7.66GB	307kB / 6.74GB
03:07:47	72	100	8.35	hungry_cannon	79.04%	855.9MiB / 7.75GiB	10.79%	11.7GB / 14.9GB	75MB / 146GB
03:07:47	72	100	8.35	testcontainers-ryuk-a6585c9a-421f-4355-8378-441094764d73	0.00%	5.219MiB / 7.75GiB	0.07%	76.5kB / 74.9kB	0B / 0B
03:08:49	74	100	8.35	upbeat_payne	22.38%	3.221GiB / 7.75GiB	41.56%	7.63GB / 7.7GB	307kB / 6.78GB
03:08:49	74	100	8.35	hungry_cannon	75.09%	855.9MiB / 7.75GiB	10.79%	11.8GB / 15GB	75MB / 147GB
03:08:49	74	100	8.35	testcontainers-ryuk-a6585c9a-421f-4355-8378-441094764d73	0.00%	5.219MiB / 7.75GiB	0.07%	76.9kB / 75.2kB	0B / 0B
03:09:51	74	100	6.75	upbeat_payne	20.98%	3.222GiB / 7.75GiB	41.57%	7.67GB / 7.74GB	307kB / 6.82GB
03:09:51	74	100	6.75	hungry_cannon	72.29%	856.8MiB / 7.75GiB	10.80%	11.8GB / 15GB	75MB / 148GB
03:09:51	74	100	6.75	testcontainers-ryuk-a6585c9a-421f-4355-8378-441094764d73	0.00%	5.219MiB / 7.75GiB	0.07%	77.3kB / 75.7kB	0B / 0B
03:10:54	69	100	7.25	upbeat_payne	23.67%	3.246GiB / 7.75GiB	41.89%	7.71GB / 7.78GB	311kB / 6.85GB
03:10:54	69	100	7.25	hungry_cannon	89.97%	857.7MiB / 7.75GiB	10.81%	11.9GB / 15.1GB	75MB / 149GB
03:10:54	69	100	7.25	testcontainers-ryuk-a6585c9a-421f-4355-8378-441094764d73	0.00%	5.219MiB / 7.75GiB	0.07%	77.7kB / 76.1kB	0B / 0B
03:11:56	62	100	6.79	upbeat_payne	27.97%	3.262GiB / 7.75GiB	42.09%	7.75GB / 7.82GB	315kB / 6.89GB
03:11:56	62	100	6.79	hungry_cannon	92.39%	856.9MiB / 7.75GiB	10.80%	11.9GB / 15.2GB	75MB / 149GB
03:11:56	62	100	6.79	testcontainers-ryuk-a6585c9a-421f-4355-8378-441094764d73	0.00%	5.219MiB / 7.75GiB	0.07%	78.1kB / 76.5kB	0B / 0B
03:12:58	67	100	7.43	upbeat_payne	23.47%	3.263GiB / 7.75GiB	42.10%	7.79GB / 7.86GB	315kB / 6.92GB
03:12:58	67	100	7.43	hungry_cannon	86.25%	858.3MiB / 7.75GiB	10.82%	12GB / 15.3GB	75MB / 150GB
03:12:58	67	100	7.43	testcontainers-ryuk-a6585c9a-421f-4355-8378-441094764d73	0.00%	5.219MiB / 7.75GiB	0.07%	78.6kB / 76.9kB	0B / 0B
03:14:00	69	100	8.60	upbeat_payne	29.22%	3.284GiB / 7.75GiB	42.38%	7.83GB / 7.9GB	315kB / 6.96GB
03:14:00	69	100	8.60	hungry_cannon	82.08%	857.9MiB / 7.75GiB	10.81%	12.1GB / 15.4GB	75MB / 151GB
03:14:00	69	100	8.60	testcontainers-ryuk-a6585c9a-421f-4355-8378-441094764d73	0.00%	5.219MiB / 7.75GiB	0.07%	79.1kB / 77.4kB	0B / 0B
03:15:03	74	100	6.34	upbeat_payne	22.01%	3.294GiB / 7.75GiB	42.50%	7.87GB / 7.95GB	319kB / 6.99GB
03:15:03	74	100	6.34	hungry_cannon	83.14%	859.6MiB / 7.75GiB	10.83%	12.1GB / 15.4GB	75MB / 152GB
03:15:03	74	100	6.34	testcontainers-ryuk-a6585c9a-421f-4355-8378-441094764d73	0.00%	5.219MiB / 7.75GiB	0.07%	79.4kB / 77.8kB	0B / 0B
03:16:05	74	100	5.89	upbeat_payne	21.21%	3.295GiB / 7.75GiB	42.51%	7.91GB / 7.99GB	319kB / 7.03GB
03:16:05	74	100	5.89	hungry_cannon	84.64%	859.3MiB / 7.75GiB	10.83%	12.2GB / 15.5GB	75MB / 153GB
03:16:05	74	100	5.89	testcontainers-ryuk-a6585c9a-421f-4355-8378-441094764d73	0.00%	5.219MiB / 7.75GiB	0.07%	79.8kB / 78.2kB	0B / 0B
03:17:07	67	100	5.48	upbeat_payne	26.38%	3.296GiB / 7.75GiB	42.53%	7.95GB / 8.03GB	319kB / 7.06GB
03:17:07	67	100	5.48	hungry_cannon	99.57%	813.5MiB / 7.75GiB	10.25%	12.2GB / 15.6GB	75MB / 154GB
03:17:07	67	100	5.48	testcontainers-ryuk-a6585c9a-421f-4355-8378-441094764d73	0.00%	5.219MiB / 7.75GiB	0.07%	80.2kB / 78.6kB	0B / 0B
03:18:10	65	100	6.68	upbeat_payne	24.30%	3.298GiB / 7.75GiB	42.55%	7.99GB / 8.07GB	319kB / 7.1GB
03:18:10	65	100	6.68	hungry_cannon	88.80%	790.8MiB / 7.75GiB	9.96%	12.3GB / 15.7GB	75MB / 155GB
03:18:10	65	100	6.68	testcontainers-ryuk-a6585c9a-421f-4355-8378-441094764d73	0.00%	5.219MiB / 7.75GiB	0.07%	80.6kB / 79kB	0B / 0B
03:19:12	67	100	6.02	upbeat_payne	28.50%	3.358GiB / 7.75GiB	43.33%	8.03GB / 8.11GB	319kB / 7.14GB
03:19:12	67	100	6.02	hungry_cannon	88.85%	825MiB / 7.75GiB	10.40%	12.4GB / 15.8GB	75MB / 155GB
03:19:12	67	100	6.02	testcontainers-ryuk-a6585c9a-421f-4355-8378-441094764d73	0.00%	5.219MiB / 7.75GiB	0.07%	81kB / 79.4kB	0B / 0B
03:20:14	74	100	6.37	upbeat_payne	24.19%	3.366GiB / 7.75GiB	43.44%	8.07GB / 8.15GB	319kB / 7.17GB
03:20:14	74	100	6.37	hungry_cannon	80.72%	824.5MiB / 7.75GiB	10.39%	12.4GB / 15.8GB	75MB / 157GB
03:20:14	74	100	6.37	testcontainers-ryuk-a6585c9a-421f-4355-8378-441094764d73	0.00%	5.219MiB / 7.75GiB	0.07%	81.4kB / 79.8kB	0B / 0B
03:21:17	74	100	7.21	upbeat_payne	22.22%	3.384GiB / 7.75GiB	43.67%	8.11GB / 8.19GB	319kB / 7.21GB
03:21:17	74	100	7.21	hungry_cannon	77.38%	835.4MiB / 7.75GiB	10.53%	12.5GB / 15.9GB	75MB / 157GB
03:21:17	74	100	7.21	testcontainers-ryuk-a6585c9a-421f-4355-8378-441094764d73	0.00%	5.219MiB / 7.75GiB	0.07%	81.8kB / 80.2kB	0B / 0B
03:22:19	74	100	6.23	upbeat_payne	23.27%	3.399GiB / 7.75GiB	43.85%	8.15GB / 8.23GB	319kB / 7.24GB
03:22:19	74	100	6.23	hungry_cannon	125.65%	899.2MiB / 7.75GiB	11.33%	12.5GB / 16GB	75MB / 158GB
03:22:19	74	100	6.23	testcontainers-ryuk-a6585c9a-421f-4355-8378-441094764d73	0.00%	5.219MiB / 7.75GiB	0.07%	82.2kB / 80.6kB	0B / 0B
03:23:22	67	100	7.17	upbeat_payne	25.98%	3.421GiB / 7.75GiB	44.14%	8.19GB / 8.27GB	319kB / 7.28GB
03:23:22	67	100	7.17	hungry_cannon	79.85%	855.7MiB / 7.75GiB	10.78%	12.6GB / 16.1GB	75MB / 159GB
03:23:22	67	100	7.17	testcontainers-ryuk-a6585c9a-421f-4355-8378-441094764d73	0.00%	5.219MiB / 7.75GiB	0.07%	82.6kB / 81kB	0B / 0B
03:24:24	65	100	7.21	upbeat_payne	27.68%	3.422GiB / 7.75GiB	44.16%	8.23GB / 8.31GB	324kB / 7.31GB
03:24:24	65	100	7.21	hungry_cannon	80.83%	846.9MiB / 7.75GiB	10.67%	12.7GB / 16.1GB	75MB / 160GB
03:24:24	65	100	7.21	testcontainers-ryuk-a6585c9a-421f-4355-8378-441094764d73	0.00%	5.219MiB / 7.75GiB	0.07%	83kB / 81.4kB	0B / 0B
03:25:26	74	100	6.74	upbeat_payne	20.30%	3.435GiB / 7.75GiB	44.32%	8.27GB / 8.35GB	446kB / 7.35GB
03:25:26	74	100	6.74	hungry_cannon	69.48%	855.1MiB / 7.75GiB	10.78%	12.7GB / 16.2GB	75MB / 161GB
03:25:26	74	100	6.74	testcontainers-ryuk-a6585c9a-421f-4355-8378-441094764d73	0.00%	5.219MiB / 7.75GiB	0.07%	83.3kB / 81.7kB	0B / 0B
03:26:28	74	100	7.50	upbeat_payne	22.23%	3.452GiB / 7.75GiB	44.55%	8.31GB / 8.39GB	446kB / 7.38GB
03:26:28	74	100	7.50	hungry_cannon	71.44%	858.6MiB / 7.75GiB	10.82%	12.8GB / 16.3GB	75MB / 161GB
03:26:28	74	100	7.50	testcontainers-ryuk-a6585c9a-421f-4355-8378-441094764d73	0.00%	5.219MiB / 7.75GiB	0.07%	83.7kB / 82.1kB	0B / 0B
03:27:29	74	100	5.07	upbeat_payne	23.56%	3.454GiB / 7.75GiB	44.57%	8.35GB / 8.43GB	446kB / 7.42GB
03:27:29	74	100	5.07	hungry_cannon	87.37%	863.4MiB / 7.75GiB	10.88%	12.9GB / 16.4GB	75MB / 162GB
03:27:29	74	100	5.07	testcontainers-ryuk-a6585c9a-421f-4355-8378-441094764d73	0.00%	5.219MiB / 7.75GiB	0.07%	84.1kB / 82.5kB	0B / 0B
03:28:32	74	100	8.49	upbeat_payne	22.46%	3.473GiB / 7.75GiB	44.81%	8.39GB / 8.47GB	451kB / 7.45GB
03:28:32	74	100	8.49	hungry_cannon	71.63%	869.7MiB / 7.75GiB	10.96%	12.9GB / 16.4GB	75MB / 163GB
03:28:32	74	100	8.49	testcontainers-ryuk-a6585c9a-421f-4355-8378-441094764d73	0.00%	5.219MiB / 7.75GiB	0.07%	84.4kB / 82.8kB	0B / 0B
03:29:34	60	100	13.65	upbeat_payne	34.62%	3.54GiB / 7.75GiB	45.67%	8.43GB / 8.51GB	455kB / 7.49GB
03:29:34	60	100	13.65	hungry_cannon	115.95%	874.2MiB / 7.75GiB	11.02%	13GB / 16.5GB	75MB / 164GB
03:29:34	60	100	13.65	testcontainers-ryuk-a6585c9a-421f-4355-8378-441094764d73	0.00%	5.219MiB / 7.75GiB	0.07%	84.8kB / 83.2kB	0B / 0B
03:30:36	62	100	9.79	upbeat_payne	28.65%	1.399GiB / 7.75GiB	18.05%	8.47GB / 8.55GB	455kB / 7.52GB
03:30:36	62	100	9.79	hungry_cannon	98.85%	880.9MiB / 7.75GiB	11.10%	13GB / 16.6GB	75MB / 165GB
03:30:36	62	100	9.79	testcontainers-ryuk-a6585c9a-421f-4355-8378-441094764d73	0.00%	5.219MiB / 7.75GiB	0.07%	85.2kB / 83.6kB	0B / 0B
03:31:39	69	100	9.72	upbeat_payne	24.24%	1.401GiB / 7.75GiB	18.07%	8.51GB / 8.59GB	455kB / 7.56GB
03:31:39	69	100	9.72	hungry_cannon	75.47%	892.7MiB / 7.75GiB	11.25%	13.1GB / 16.7GB	75MB / 166GB
03:31:39	69	100	9.72	testcontainers-ryuk-a6585c9a-421f-4355-8378-441094764d73	0.00%	5.219MiB / 7.75GiB	0.07%	85.6kB / 83.9kB	0B / 0B
03:32:41	74	100	7.85	upbeat_payne	19.94%	1.402GiB / 7.75GiB	18.09%	8.55GB / 8.63GB	455kB / 7.59GB
03:32:41	74	100	7.85	hungry_cannon	72.55%	892.9MiB / 7.75GiB	11.25%	13.2GB / 16.8GB	75MB / 167GB
03:32:41	74	100	7.85	testcontainers-ryuk-a6585c9a-421f-4355-8378-441094764d73	0.00%	5.219MiB / 7.75GiB	0.07%	86kB / 84.3kB	0B / 0B
03:33:43	74	100	5.97	upbeat_payne	27.47%	1.403GiB / 7.75GiB	18.11%	8.59GB / 8.67GB	455kB / 7.63GB
03:33:43	74	100	5.97	hungry_cannon	71.25%	892.7MiB / 7.75GiB	11.25%	13.2GB / 16.8GB	75MB / 168GB
03:33:43	74	100	5.97	testcontainers-ryuk-a6585c9a-421f-4355-8378-441094764d73	0.00%	5.219MiB / 7.75GiB	0.07%	86.3kB / 84.7kB	0B / 0B
03:34:45	69	100	7.98	upbeat_payne	23.41%	1.404GiB / 7.75GiB	18.12%	8.63GB / 8.71GB	455kB / 7.66GB
03:34:45	69	100	7.98	hungry_cannon	84.28%	899.7MiB / 7.75GiB	11.34%	13.3GB / 16.9GB	75MB / 169GB
03:34:45	69	100	7.98	testcontainers-ryuk-a6585c9a-421f-4355-8378-441094764d73	0.00%	5.219MiB / 7.75GiB	0.07%	86.8kB / 85.1kB	0B / 0B
03:35:48	65	100	8.49	upbeat_payne	25.21%	1.405GiB / 7.75GiB	18.13%	8.67GB / 8.75GB	455kB / 7.7GB
03:35:48	65	100	8.49	hungry_cannon	84.63%	900.3MiB / 7.75GiB	11.34%	13.3GB / 17GB	75MB / 169GB
03:35:48	65	100	8.49	testcontainers-ryuk-a6585c9a-421f-4355-8378-441094764d73	0.00%	5.219MiB / 7.75GiB	0.07%	87.1kB / 85.5kB	0B / 0B
03:36:50	67	100	6.83	upbeat_payne	27.13%	1.406GiB / 7.75GiB	18.14%	8.71GB / 8.79GB	455kB / 7.73GB
03:36:50	67	100	6.83	hungry_cannon	88.88%	896.5MiB / 7.75GiB	11.30%	13.4GB / 17.1GB	75MB / 170GB
03:36:50	67	100	6.83	testcontainers-ryuk-a6585c9a-421f-4355-8378-441094764d73	0.00%	5.219MiB / 7.75GiB	0.07%	87.5kB / 85.9kB	0B / 0B
03:37:52	72	100	7.29	upbeat_payne	23.53%	1.408GiB / 7.75GiB	18.16%	8.75GB / 8.83GB	455kB / 7.77GB
03:37:52	72	100	7.29	hungry_cannon	76.62%	902.4MiB / 7.75GiB	11.37%	13.5GB / 17.2GB	75MB / 171GB
03:37:52	72	100	7.29	testcontainers-ryuk-a6585c9a-421f-4355-8378-441094764d73	0.00%	5.219MiB / 7.75GiB	0.07%	87.8kB / 86.2kB	0B / 0B
03:38:55	76	100	6.63	upbeat_payne	21.24%	1.409GiB / 7.75GiB	18.18%	8.79GB / 8.87GB	455kB / 7.8GB
03:38:55	76	100	6.63	hungry_cannon	75.43%	899.5MiB / 7.75GiB	11.33%	13.5GB / 17.2GB	75MB / 172GB
03:38:55	76	100	6.63	testcontainers-ryuk-a6585c9a-421f-4355-8378-441094764d73	0.00%	5.219MiB / 7.75GiB	0.07%	88.2kB / 86.6kB	0B / 0B
03:39:57	76	100	11.16	upbeat_payne	23.96%	1.409GiB / 7.75GiB	18.18%	8.83GB / 8.91GB	455kB / 7.85GB
03:39:57	76	100	11.16	hungry_cannon	145.42%	896.8MiB / 7.75GiB	11.30%	13.6GB / 17.3GB	75MB / 173GB
03:39:57	76	100	11.16	testcontainers-ryuk-a6585c9a-421f-4355-8378-441094764d73	0.00%	5.219MiB / 7.75GiB	0.07%	88.6kB / 87kB	0B / 0B
03:40:59	69	100	10.72	upbeat_payne	41.28%	1.41GiB / 7.75GiB	18.19%	8.87GB / 8.95GB	455kB / 7.88GB
03:40:59	69	100	10.72	hungry_cannon	108.39%	900.8MiB / 7.75GiB	11.35%	13.6GB / 17.4GB	75MB / 174GB
03:40:59	69	100	10.72	testcontainers-ryuk-a6585c9a-421f-4355-8378-441094764d73	0.00%	5.219MiB / 7.75GiB	0.07%	89kB / 87.4kB	0B / 0B
03:42:02	62	100	7.57	upbeat_payne	28.14%	1.411GiB / 7.75GiB	18.21%	8.91GB / 8.99GB	455kB / 7.91GB
03:42:02	62	100	7.57	hungry_cannon	86.95%	894.9MiB / 7.75GiB	11.28%	13.7GB / 17.5GB	75MB / 175GB
03:42:02	62	100	7.57	testcontainers-ryuk-a6585c9a-421f-4355-8378-441094764d73	0.00%	5.219MiB / 7.75GiB	0.07%	89.4kB / 87.8kB	0B / 0B
03:43:04	72	100	5.53	upbeat_payne	22.08%	1.412GiB / 7.75GiB	18.22%	8.95GB / 9.03GB	455kB / 7.95GB
03:43:04	72	100	5.53	hungry_cannon	97.07%	896.8MiB / 7.75GiB	11.30%	13.8GB / 17.5GB	75MB / 176GB
03:43:04	72	100	5.53	testcontainers-ryuk-a6585c9a-421f-4355-8378-441094764d73	0.00%	5.219MiB / 7.75GiB	0.07%	89.8kB / 88.2kB	0B / 0B
03:44:06	74	100	5.98	upbeat_payne	25.64%	1.413GiB / 7.75GiB	18.23%	8.99GB / 9.07GB	455kB / 7.98GB
03:44:06	74	100	5.98	hungry_cannon	82.20%	897.5MiB / 7.75GiB	11.31%	13.8GB / 17.6GB	75MB / 177GB
03:44:06	74	100	5.98	testcontainers-ryuk-a6585c9a-421f-4355-8378-441094764d73	0.00%	5.219MiB / 7.75GiB	0.07%	90.2kB / 88.6kB	0B / 0B
03:45:08	74	100	9.38	upbeat_payne	23.19%	1.414GiB / 7.75GiB	18.25%	9.03GB / 9.11GB	455kB / 8.02GB
03:45:08	74	100	9.38	hungry_cannon	88.72%	903.1MiB / 7.75GiB	11.38%	13.9GB / 17.7GB	75MB / 177GB
03:45:08	74	100	9.38	testcontainers-ryuk-a6585c9a-421f-4355-8378-441094764d73	0.00%	5.219MiB / 7.75GiB	0.07%	90.7kB / 89kB	0B / 0B
03:46:11	74	100	9.79	upbeat_payne	21.11%	1.416GiB / 7.75GiB	18.27%	9.07GB / 9.15GB	455kB / 8.05GB
03:46:11	74	100	9.79	hungry_cannon	76.54%	871.4MiB / 7.75GiB	10.98%	14GB / 17.8GB	75MB / 178GB
03:46:11	74	100	9.79	testcontainers-ryuk-a6585c9a-421f-4355-8378-441094764d73	0.00%	5.219MiB / 7.75GiB	0.07%	91.1kB / 89.5kB	0B / 0B
03:47:13	65	100	10.01	upbeat_payne	23.58%	1.416GiB / 7.75GiB	18.27%	9.11GB / 9.19GB	455kB / 8.09GB
03:47:13	65	100	10.01	hungry_cannon	85.89%	838.1MiB / 7.75GiB	10.56%	14GB / 17.9GB	75MB / 179GB
03:47:13	65	100	10.01	testcontainers-ryuk-a6585c9a-421f-4355-8378-441094764d73	0.00%	5.219MiB / 7.75GiB	0.07%	91.5kB / 89.9kB	0B / 0B
03:48:15	72	100	6.74	upbeat_payne	20.58%	1.418GiB / 7.75GiB	18.30%	9.15GB / 9.23GB	455kB / 8.12GB
03:48:15	72	100	6.74	hungry_cannon	71.30%	818.2MiB / 7.75GiB	10.31%	14.1GB / 17.9GB	75MB / 180GB
03:48:15	72	100	6.74	testcontainers-ryuk-a6585c9a-421f-4355-8378-441094764d73	0.00%	5.219MiB / 7.75GiB	0.07%	92kB / 90.3kB	0B / 0B
03:49:18	88	100	5.90	upbeat_payne	19.75%	1.419GiB / 7.75GiB	18.31%	9.19GB / 9.27GB	455kB / 8.16GB
03:49:18	88	100	5.90	hungry_cannon	70.92%	835.3MiB / 7.75GiB	10.53%	14.1GB / 18GB	75MB / 181GB
03:49:18	88	100	5.90	testcontainers-ryuk-a6585c9a-421f-4355-8378-441094764d73	0.00%	5.219MiB / 7.75GiB	0.07%	92.4kB / 90.8kB	0B / 0B
03:50:20	88	100	5.11	upbeat_payne	23.14%	1.42GiB / 7.75GiB	18.32%	9.22GB / 9.31GB	455kB / 8.19GB
03:50:20	88	100	5.11	hungry_cannon	68.65%	835.1MiB / 7.75GiB	10.52%	14.2GB / 18.1GB	75MB / 182GB
03:50:20	88	100	5.11	testcontainers-ryuk-a6585c9a-421f-4355-8378-441094764d73	0.00%	5.219MiB / 7.75GiB	0.07%	92.7kB / 91.1kB	0B / 0B
03:51:22	72	100	5.28	upbeat_payne	20.53%	1.421GiB / 7.75GiB	18.34%	9.26GB / 9.35GB	455kB / 8.23GB
03:51:22	72	100	5.28	hungry_cannon	72.83%	830.8MiB / 7.75GiB	10.47%	14.3GB / 18.2GB	75MB / 183GB
03:51:22	72	100	5.28	testcontainers-ryuk-a6585c9a-421f-4355-8378-441094764d73	0.00%	5.219MiB / 7.75GiB	0.07%	93.1kB / 91.5kB	0B / 0B
03:52:24	72	100	4.83	upbeat_payne	22.54%	1.422GiB / 7.75GiB	18.35%	9.3GB / 9.39GB	455kB / 8.26GB
03:52:24	72	100	4.83	hungry_cannon	72.74%	833.6MiB / 7.75GiB	10.50%	14.3GB / 18.2GB	75MB / 183GB
03:52:24	72	100	4.83	testcontainers-ryuk-a6585c9a-421f-4355-8378-441094764d73	0.00%	5.219MiB / 7.75GiB	0.07%	93.5kB / 91.8kB	0B / 0B
03:53:26	67	100	6.43	upbeat_payne	58.60%	1.423GiB / 7.75GiB	18.37%	9.34GB / 9.43GB	455kB / 8.3GB
03:53:26	67	100	6.43	hungry_cannon	81.63%	377MiB / 7.75GiB	4.75%	14.4GB / 18.3GB	75MB / 184GB
03:53:26	67	100	6.43	testcontainers-ryuk-a6585c9a-421f-4355-8378-441094764d73	0.00%	5.219MiB / 7.75GiB	0.07%	93.9kB / 92.3kB	0B / 0B
03:54:28	65	100	6.12	upbeat_payne	27.04%	1.422GiB / 7.75GiB	18.35%	9.38GB / 9.47GB	455kB / 8.33GB
03:54:28	65	100	6.12	hungry_cannon	88.85%	392.3MiB / 7.75GiB	4.94%	14.4GB / 18.4GB	75MB / 185GB
03:54:28	65	100	6.12	testcontainers-ryuk-a6585c9a-421f-4355-8378-441094764d73	0.00%	3.352MiB / 7.75GiB	0.04%	94.2kB / 92.6kB	0B / 860kB
03:55:31	74	100	6.32	upbeat_payne	21.01%	1.421GiB / 7.75GiB	18.34%	9.42GB / 9.51GB	459kB / 8.37GB
03:55:31	74	100	6.32	hungry_cannon	77.39%	405.9MiB / 7.75GiB	5.11%	14.5GB / 18.5GB	75MB / 186GB
03:55:31	74	100	6.32	testcontainers-ryuk-a6585c9a-421f-4355-8378-441094764d73	0.00%	3.352MiB / 7.75GiB	0.04%	94.6kB / 93kB	0B / 860kB
03:56:33	76	100	7.50	upbeat_payne	22.36%	1.414GiB / 7.75GiB	18.25%	9.46GB / 9.55GB	459kB / 8.4GB
03:56:33	76	100	7.50	hungry_cannon	68.17%	511MiB / 7.75GiB	6.44%	14.6GB / 18.6GB	75MB / 187GB
03:56:33	76	100	7.50	testcontainers-ryuk-a6585c9a-421f-4355-8378-441094764d73	0.00%	3.352MiB / 7.75GiB	0.04%	95kB / 93.4kB	0B / 860kB
03:57:35	76	100	7.25	upbeat_payne	19.60%	1.411GiB / 7.75GiB	18.21%	9.5GB / 9.59GB	459kB / 8.44GB
03:57:35	76	100	7.25	hungry_cannon	72.75%	585.3MiB / 7.75GiB	7.38%	14.6GB / 18.6GB	75MB / 188GB
03:57:35	76	100	7.25	testcontainers-ryuk-a6585c9a-421f-4355-8378-441094764d73	0.00%	3.352MiB / 7.75GiB	0.04%	95.4kB / 93.8kB	0B / 860kB
03:58:37	72	100	8.08	upbeat_payne	26.79%	1.408GiB / 7.75GiB	18.16%	9.54GB / 9.63GB	459kB / 8.48GB
03:58:37	72	100	8.08	hungry_cannon	85.26%	650.7MiB / 7.75GiB	8.20%	14.7GB / 18.7GB	75MB / 189GB
03:58:37	72	100	8.08	testcontainers-ryuk-a6585c9a-421f-4355-8378-441094764d73	0.00%	3.352MiB / 7.75GiB	0.04%	95.8kB / 94.2kB	0B / 860kB
03:59:40	65	100	7.81	upbeat_payne	29.48%	1.409GiB / 7.75GiB	18.17%	9.58GB / 9.67GB	459kB / 8.52GB
03:59:40	65	100	7.81	hungry_cannon	115.95%	650.7MiB / 7.75GiB	8.20%	14.8GB / 18.8GB	75MB / 190GB
03:59:40	65	100	7.81	testcontainers-ryuk-a6585c9a-421f-4355-8378-441094764d73	0.00%	3.352MiB / 7.75GiB	0.04%	96.2kB / 94.6kB	0B / 860kB
04:00:42	65	100	6.99	upbeat_payne	28.21%	1.408GiB / 7.75GiB	18.17%	9.62GB / 9.71GB	512kB / 8.55GB
04:00:42	65	100	6.99	hungry_cannon	84.53%	683MiB / 7.75GiB	8.61%	14.8GB / 18.9GB	75MB / 190GB
04:00:42	65	100	6.99	testcontainers-ryuk-a6585c9a-421f-4355-8378-441094764d73	0.00%	3.352MiB / 7.75GiB	0.04%	96.7kB / 95.1kB	0B / 860kB
04:01:44	72	100	5.44	upbeat_payne	38.65%	1.409GiB / 7.75GiB	18.19%	9.66GB / 9.75GB	512kB / 8.59GB
04:01:44	72	100	5.44	hungry_cannon	210.96%	683.9MiB / 7.75GiB	8.62%	14.9GB / 18.9GB	75MB / 191GB
04:01:44	72	100	5.44	testcontainers-ryuk-a6585c9a-421f-4355-8378-441094764d73	0.00%	3.352MiB / 7.75GiB	0.04%	97.2kB / 95.5kB	0B / 860kB
04:02:47	74	100	7.04	upbeat_payne	21.37%	1.41GiB / 7.75GiB	18.20%	9.7GB / 9.79GB	512kB / 8.62GB
04:02:47	74	100	7.04	hungry_cannon	186.48%	684.1MiB / 7.75GiB	8.62%	14.9GB / 19GB	75MB / 192GB
04:02:47	74	100	7.04	testcontainers-ryuk-a6585c9a-421f-4355-8378-441094764d73	0.00%	3.352MiB / 7.75GiB	0.04%	97.6kB / 96kB	0B / 860kB
04:03:49	72	100	7.58	upbeat_payne	22.61%	1.409GiB / 7.75GiB	18.18%	9.74GB / 9.83GB	512kB / 8.66GB
04:03:49	72	100	7.58	hungry_cannon	108.60%	721.4MiB / 7.75GiB	9.09%	15GB / 19.1GB	75MB / 193GB
04:03:49	72	100	7.58	testcontainers-ryuk-a6585c9a-421f-4355-8378-441094764d73	0.00%	3.352MiB / 7.75GiB	0.04%	98kB / 96.4kB	0B / 860kB
04:04:51	72	100	8.37	upbeat_payne	22.69%	1.411GiB / 7.75GiB	18.20%	9.78GB / 9.87GB	512kB / 8.69GB
04:04:51	72	100	8.37	hungry_cannon	70.13%	721.2MiB / 7.75GiB	9.09%	15.1GB / 19.2GB	75MB / 194GB
04:04:51	72	100	8.37	testcontainers-ryuk-a6585c9a-421f-4355-8378-441094764d73	0.00%	3.352MiB / 7.75GiB	0.04%	98.4kB / 96.8kB	0B / 860kB
04:05:53	62	100	8.46	upbeat_payne	26.19%	1.411GiB / 7.75GiB	18.21%	9.82GB / 9.91GB	610kB / 8.73GB
04:05:53	62	100	8.46	hungry_cannon	86.63%	726.4MiB / 7.75GiB	9.15%	15.1GB / 19.3GB	75MB / 195GB
04:05:53	62	100	8.46	testcontainers-ryuk-a6585c9a-421f-4355-8378-441094764d73	0.00%	3.352MiB / 7.75GiB	0.04%	98.8kB / 97.2kB	0B / 860kB
04:06:56	67	100	6.34	upbeat_payne	23.84%	1.411GiB / 7.75GiB	18.20%	9.86GB / 9.95GB	610kB / 8.76GB
04:06:56	67	100	6.34	hungry_cannon	80.06%	758.9MiB / 7.75GiB	9.56%	15.2GB / 19.3GB	75MB / 195GB
04:06:56	67	100	6.34	testcontainers-ryuk-a6585c9a-421f-4355-8378-441094764d73	0.00%	3.352MiB / 7.75GiB	0.04%	99.2kB / 97.6kB	0B / 860kB
04:07:58	74	100	7.00	upbeat_payne	22.44%	1.412GiB / 7.75GiB	18.22%	9.9GB / 9.99GB	610kB / 8.8GB
04:07:58	74	100	7.00	hungry_cannon	71.80%	758.4MiB / 7.75GiB	9.56%	15.2GB / 19.4GB	75MB / 196GB
04:07:58	74	100	7.00	testcontainers-ryuk-a6585c9a-421f-4355-8378-441094764d73	0.00%	3.352MiB / 7.75GiB	0.04%	99.6kB / 98kB	0B / 860kB
04:09:00	74	100	7.89	upbeat_payne	22.87%	1.411GiB / 7.75GiB	18.21%	9.94GB / 10GB	680kB / 8.83GB
04:09:00	74	100	7.89	hungry_cannon	97.11%	801.8MiB / 7.75GiB	10.10%	15.3GB / 19.5GB	75MB / 197GB
04:09:00	74	100	7.89	testcontainers-ryuk-a6585c9a-421f-4355-8378-441094764d73	0.00%	3.352MiB / 7.75GiB	0.04%	100kB / 98.4kB	0B / 860kB
04:10:03	74	100	8.56	upbeat_payne	20.40%	1.413GiB / 7.75GiB	18.23%	9.98GB / 10.1GB	680kB / 8.87GB
04:10:03	74	100	8.56	hungry_cannon	121.10%	806.5MiB / 7.75GiB	10.16%	15.4GB / 19.6GB	75MB / 198GB
04:10:03	74	100	8.56	testcontainers-ryuk-a6585c9a-421f-4355-8378-441094764d73	0.00%	3.352MiB / 7.75GiB	0.04%	100kB / 98.7kB	0B / 860kB
04:11:05	72	100	9.93	upbeat_payne	27.31%	1.411GiB / 7.75GiB	18.20%	10GB / 10.1GB	680kB / 8.9GB
04:11:05	72	100	9.93	hungry_cannon	96.12%	842.1MiB / 7.75GiB	10.61%	15.4GB / 19.6GB	75.1MB / 199GB
04:11:05	72	100	9.93	testcontainers-ryuk-a6585c9a-421f-4355-8378-441094764d73	0.00%	3.352MiB / 7.75GiB	0.04%	101kB / 99.2kB	0B / 860kB
04:12:07	65	100	8.82	upbeat_payne	30.04%	1.412GiB / 7.75GiB	18.22%	10.1GB / 10.2GB	680kB / 8.94GB
04:12:07	65	100	8.82	hungry_cannon	96.28%	842.1MiB / 7.75GiB	10.61%	15.5GB / 19.7GB	75.1MB / 200GB
04:12:07	65	100	8.82	testcontainers-ryuk-a6585c9a-421f-4355-8378-441094764d73	0.00%	3.352MiB / 7.75GiB	0.04%	101kB / 99.7kB	0B / 860kB
04:13:09	69	100	9.48	upbeat_payne	24.87%	1.413GiB / 7.75GiB	18.23%	10.1GB / 10.2GB	680kB / 8.97GB
04:13:09	69	100	9.48	hungry_cannon	100.22%	841.9MiB / 7.75GiB	10.61%	15.5GB / 19.8GB	75.1MB / 201GB
04:13:09	69	100	9.48	testcontainers-ryuk-a6585c9a-421f-4355-8378-441094764d73	0.00%	3.352MiB / 7.75GiB	0.04%	102kB / 100kB	0B / 860kB
04:14:12	72	100	8.77	upbeat_payne	23.98%	1.412GiB / 7.75GiB	18.22%	10.1GB / 10.2GB	680kB / 9.01GB
04:14:12	72	100	8.77	hungry_cannon	86.42%	873.7MiB / 7.75GiB	11.01%	15.6GB / 19.9GB	75.1MB / 201GB
04:14:12	72	100	8.77	testcontainers-ryuk-a6585c9a-421f-4355-8378-441094764d73	0.00%	3.352MiB / 7.75GiB	0.04%	102kB / 101kB	0B / 860kB
04:15:14	74	100	8.78	upbeat_payne	22.34%	1.413GiB / 7.75GiB	18.24%	10.2GB / 10.3GB	680kB / 9.04GB
04:15:14	74	100	8.78	hungry_cannon	75.56%	866.6MiB / 7.75GiB	10.92%	15.7GB / 20GB	75.1MB / 202GB
04:15:14	74	100	8.78	testcontainers-ryuk-a6585c9a-421f-4355-8378-441094764d73	0.00%	3.352MiB / 7.75GiB	0.04%	103kB / 101kB	0B / 860kB
04:16:16	72	100	8.43	upbeat_payne	25.38%	1.412GiB / 7.75GiB	18.22%	10.2GB / 10.3GB	680kB / 9.08GB
04:16:16	72	100	8.43	hungry_cannon	75.36%	812.8MiB / 7.75GiB	10.24%	15.7GB / 20GB	77.6MB / 203GB
04:16:16	72	100	8.43	testcontainers-ryuk-a6585c9a-421f-4355-8378-441094764d73	0.00%	3.352MiB / 7.75GiB	0.04%	103kB / 101kB	0B / 860kB
04:17:19	69	100	9.31	upbeat_payne	24.18%	1.413GiB / 7.75GiB	18.24%	10.3GB / 10.4GB	680kB / 9.12GB
04:17:19	69	100	9.31	hungry_cannon	85.74%	807.5MiB / 7.75GiB	10.18%	15.8GB / 20.1GB	77.6MB / 204GB
04:17:19	69	100	9.31	testcontainers-ryuk-a6585c9a-421f-4355-8378-441094764d73	0.00%	3.352MiB / 7.75GiB	0.04%	103kB / 102kB	0B / 860kB
04:18:21	67	100	11.84	upbeat_payne	27.10%	1.415GiB / 7.75GiB	18.26%	10.3GB / 10.4GB	680kB / 9.16GB
04:18:21	67	100	11.84	hungry_cannon	146.20%	799.5MiB / 7.75GiB	10.07%	15.9GB / 20.2GB	77.6MB / 205GB
04:18:21	67	100	11.84	testcontainers-ryuk-a6585c9a-421f-4355-8378-441094764d73	0.00%	3.352MiB / 7.75GiB	0.04%	104kB / 102kB	0B / 860kB
04:19:23	72	100	10.25	upbeat_payne	22.33%	1.416GiB / 7.75GiB	18.27%	10.3GB / 10.4GB	680kB / 9.19GB
04:19:23	72	100	10.25	hungry_cannon	112.57%	800.2MiB / 7.75GiB	10.08%	15.9GB / 20.3GB	77.6MB / 206GB
04:19:23	72	100	10.25	testcontainers-ryuk-a6585c9a-421f-4355-8378-441094764d73	0.00%	3.352MiB / 7.75GiB	0.04%	104kB / 103kB	0B / 860kB
04:20:25	74	100	7.54	upbeat_payne	19.48%	1.415GiB / 7.75GiB	18.26%	10.4GB / 10.5GB	680kB / 9.23GB
04:20:25	74	100	7.54	hungry_cannon	75.22%	820.2MiB / 7.75GiB	10.34%	16GB / 20.3GB	77.6MB / 207GB
04:20:25	74	100	7.54	testcontainers-ryuk-a6585c9a-421f-4355-8378-441094764d73	0.00%	3.352MiB / 7.75GiB	0.04%	105kB / 103kB	0B / 860kB
04:21:28	76	100	7.57	upbeat_payne	23.02%	1.416GiB / 7.75GiB	18.27%	10.4GB / 10.5GB	680kB / 9.26GB
04:21:28	76	100	7.57	hungry_cannon	72.79%	827MiB / 7.75GiB	10.42%	16GB / 20.4GB	77.6MB / 207GB
04:21:28	76	100	7.57	testcontainers-ryuk-a6585c9a-421f-4355-8378-441094764d73	0.00%	3.352MiB / 7.75GiB	0.04%	105kB / 103kB	0B / 860kB
04:22:30	72	100	6.71	upbeat_payne	21.51%	1.415GiB / 7.75GiB	18.25%	10.5GB / 10.6GB	680kB / 9.3GB
04:22:30	72	100	6.71	hungry_cannon	73.30%	834.3MiB / 7.75GiB	10.51%	16.1GB / 20.5GB	77.6MB / 208GB
04:22:30	72	100	6.71	testcontainers-ryuk-a6585c9a-421f-4355-8378-441094764d73	0.00%	3.352MiB / 7.75GiB	0.04%	105kB / 104kB	0B / 860kB
04:23:32	67	100	7.54	upbeat_payne	23.45%	1.416GiB / 7.75GiB	18.27%	10.5GB / 10.6GB	680kB / 9.33GB
04:23:32	67	100	7.54	hungry_cannon	79.99%	835.4MiB / 7.75GiB	10.53%	16.2GB / 20.6GB	77.6MB / 209GB
04:23:32	67	100	7.54	testcontainers-ryuk-a6585c9a-421f-4355-8378-441094764d73	0.00%	3.352MiB / 7.75GiB	0.04%	106kB / 104kB	0B / 860kB
04:24:35	65	100	6.13	upbeat_payne	27.09%	1.415GiB / 7.75GiB	18.26%	10.5GB / 10.6GB	680kB / 9.37GB
04:24:35	65	100	6.13	hungry_cannon	78.05%	834.2MiB / 7.75GiB	10.51%	16.2GB / 20.7GB	77.6MB / 210GB
04:24:35	65	100	6.13	testcontainers-ryuk-a6585c9a-421f-4355-8378-441094764d73	0.00%	3.352MiB / 7.75GiB	0.04%	106kB / 104kB	0B / 860kB
04:25:37	69	100	8.43	upbeat_payne	22.51%	1.416GiB / 7.75GiB	18.27%	10.6GB / 10.7GB	680kB / 9.4GB
04:25:37	69	100	8.43	hungry_cannon	76.80%	849.4MiB / 7.75GiB	10.70%	16.3GB / 20.7GB	77.6MB / 211GB
04:25:37	69	100	8.43	testcontainers-ryuk-a6585c9a-421f-4355-8378-441094764d73	0.00%	3.352MiB / 7.75GiB	0.04%	106kB / 105kB	0B / 860kB
04:26:39	74	100	6.08	upbeat_payne	29.71%	1.418GiB / 7.75GiB	18.29%	10.6GB / 10.7GB	680kB / 9.43GB
04:26:39	74	100	6.08	hungry_cannon	76.31%	848.9MiB / 7.75GiB	10.70%	16.3GB / 20.8GB	77.6MB / 212GB
04:26:39	74	100	6.08	testcontainers-ryuk-a6585c9a-421f-4355-8378-441094764d73	0.00%	3.352MiB / 7.75GiB	0.04%	107kB / 105kB	0B / 860kB
04:27:41	74	100	6.57	upbeat_payne	22.32%	1.416GiB / 7.75GiB	18.28%	10.7GB / 10.8GB	680kB / 9.47GB
04:27:41	74	100	6.57	hungry_cannon	74.18%	848.3MiB / 7.75GiB	10.69%	16.4GB / 20.9GB	77.6MB / 213GB
04:27:41	74	100	6.57	testcontainers-ryuk-a6585c9a-421f-4355-8378-441094764d73	0.00%	3.352MiB / 7.75GiB	0.04%	107kB / 106kB	0B / 860kB
04:28:44	67	100	14.14	upbeat_payne	249.51%	1.417GiB / 7.75GiB	18.28%	10.7GB / 10.8GB	680kB / 9.5GB
04:28:44	67	100	14.14	hungry_cannon	789.28%	850.6MiB / 7.75GiB	10.72%	16.5GB / 21GB	77.6MB / 213GB
04:28:44	67	100	14.14	testcontainers-ryuk-a6585c9a-421f-4355-8378-441094764d73	0.00%	3.352MiB / 7.75GiB	0.04%	108kB / 106kB	0B / 860kB
04:29:46	67	100	15.93	upbeat_payne	23.66%	1.416GiB / 7.75GiB	18.27%	10.7GB / 10.8GB	680kB / 9.54GB
04:29:46	67	100	15.93	hungry_cannon	79.42%	849.9MiB / 7.75GiB	10.71%	16.5GB / 21.1GB	77.6MB / 214GB
04:29:46	67	100	15.93	testcontainers-ryuk-a6585c9a-421f-4355-8378-441094764d73	0.00%	3.352MiB / 7.75GiB	0.04%	108kB / 106kB	0B / 860kB
04:30:48	65	100	9.17	upbeat_payne	23.21%	1.417GiB / 7.75GiB	18.28%	10.8GB / 10.9GB	680kB / 9.57GB
04:30:48	65	100	9.17	hungry_cannon	81.28%	851.6MiB / 7.75GiB	10.73%	16.6GB / 21.1GB	77.6MB / 215GB
04:30:48	65	100	9.17	testcontainers-ryuk-a6585c9a-421f-4355-8378-441094764d73	0.00%	3.352MiB / 7.75GiB	0.04%	108kB / 107kB	0B / 860kB
04:31:51	72	100	7.41	upbeat_payne	22.02%	1.416GiB / 7.75GiB	18.27%	10.8GB / 10.9GB	680kB / 9.61GB
04:31:51	72	100	7.41	hungry_cannon	74.18%	851.3MiB / 7.75GiB	10.73%	16.7GB / 21.2GB	77.6MB / 216GB
04:31:51	72	100	7.41	testcontainers-ryuk-a6585c9a-421f-4355-8378-441094764d73	0.00%	3.352MiB / 7.75GiB	0.04%	109kB / 107kB	0B / 860kB
04:32:53	74	100	6.06	upbeat_payne	19.85%	1.417GiB / 7.75GiB	18.29%	10.9GB / 11GB	680kB / 9.64GB
04:32:53	74	100	6.06	hungry_cannon	69.61%	856.1MiB / 7.75GiB	10.79%	16.7GB / 21.3GB	77.6MB / 217GB
04:32:53	74	100	6.06	testcontainers-ryuk-a6585c9a-421f-4355-8378-441094764d73	0.00%	3.352MiB / 7.75GiB	0.04%	109kB / 108kB	0B / 860kB
04:33:55	76	100	7.41	upbeat_payne	19.24%	1.418GiB / 7.75GiB	18.30%	10.9GB / 11GB	680kB / 9.68GB
04:33:55	76	100	7.41	hungry_cannon	77.73%	856.8MiB / 7.75GiB	10.80%	16.8GB / 21.4GB	77.6MB / 217GB
04:33:55	76	100	7.41	testcontainers-ryuk-a6585c9a-421f-4355-8378-441094764d73	0.00%	3.352MiB / 7.75GiB	0.04%	110kB / 108kB	0B / 860kB
04:34:58	74	100	8.64	upbeat_payne	23.71%	1.418GiB / 7.75GiB	18.29%	10.9GB / 11GB	680kB / 9.71GB
04:34:58	74	100	8.64	hungry_cannon	78.18%	856.1MiB / 7.75GiB	10.79%	16.8GB / 21.4GB	77.6MB / 218GB
04:34:58	74	100	8.64	testcontainers-ryuk-a6585c9a-421f-4355-8378-441094764d73	0.00%	3.352MiB / 7.75GiB	0.04%	110kB / 108kB	0B / 860kB
04:36:00	65	100	7.62	upbeat_payne	26.04%	1.419GiB / 7.75GiB	18.31%	11GB / 11.1GB	680kB / 9.75GB
04:36:00	65	100	7.62	hungry_cannon	84.96%	856.8MiB / 7.75GiB	10.80%	16.9GB / 21.5GB	77.6MB / 219GB
04:36:00	65	100	7.62	testcontainers-ryuk-a6585c9a-421f-4355-8378-441094764d73	0.00%	3.352MiB / 7.75GiB	0.04%	110kB / 109kB	0B / 860kB
04:37:02	67	100	6.19	upbeat_payne	43.92%	1.418GiB / 7.75GiB	18.30%	11GB / 11.1GB	680kB / 9.78GB
04:37:02	67	100	6.19	hungry_cannon	124.30%	857.6MiB / 7.75GiB	10.81%	17GB / 21.6GB	77.6MB / 220GB
04:37:02	67	100	6.19	testcontainers-ryuk-a6585c9a-421f-4355-8378-441094764d73	0.00%	3.352MiB / 7.75GiB	0.04%	111kB / 109kB	0B / 860kB
04:38:05	72	100	5.02	upbeat_payne	25.82%	1.419GiB / 7.75GiB	18.31%	11.1GB / 11.2GB	680kB / 9.83GB
04:38:05	72	100	5.02	hungry_cannon	79.88%	857.6MiB / 7.75GiB	10.81%	17GB / 21.7GB	77.6MB / 221GB
04:38:05	72	100	5.02	testcontainers-ryuk-a6585c9a-421f-4355-8378-441094764d73	0.00%	3.352MiB / 7.75GiB	0.04%	111kB / 109kB	0B / 860kB
04:39:07	74	100	6.12	upbeat_payne	26.49%	1.418GiB / 7.75GiB	18.29%	11.1GB / 11.2GB	680kB / 9.86GB
04:39:07	74	100	6.12	hungry_cannon	81.99%	859.2MiB / 7.75GiB	10.83%	17.1GB / 21.8GB	77.6MB / 222GB
04:39:07	74	100	6.12	testcontainers-ryuk-a6585c9a-421f-4355-8378-441094764d73	0.00%	3.352MiB / 7.75GiB	0.04%	111kB / 110kB	0B / 860kB
04:40:09	76	100	8.98	upbeat_payne	22.93%	1.419GiB / 7.75GiB	18.31%	11.1GB / 11.2GB	680kB / 9.9GB
04:40:09	76	100	8.98	hungry_cannon	83.40%	859.8MiB / 7.75GiB	10.83%	17.1GB / 21.8GB	77.8MB / 223GB
04:40:09	76	100	8.98	testcontainers-ryuk-a6585c9a-421f-4355-8378-441094764d73	0.00%	3.352MiB / 7.75GiB	0.04%	112kB / 110kB	0B / 860kB
04:41:11	72	100	7.06	upbeat_payne	25.04%	1.42GiB / 7.75GiB	18.32%	11.2GB / 11.3GB	680kB / 9.93GB
04:41:11	72	100	7.06	hungry_cannon	89.73%	860.2MiB / 7.75GiB	10.84%	17.2GB / 21.9GB	77.8MB / 223GB
04:41:11	72	100	7.06	testcontainers-ryuk-a6585c9a-421f-4355-8378-441094764d73	0.00%	3.352MiB / 7.75GiB	0.04%	112kB / 111kB	0B / 860kB
04:42:14	65	100	5.79	upbeat_payne	26.70%	1.419GiB / 7.75GiB	18.31%	11.2GB / 11.3GB	729kB / 9.97GB
04:42:14	65	100	5.79	hungry_cannon	104.53%	860.2MiB / 7.75GiB	10.84%	17.3GB / 22GB	77.8MB / 224GB
04:42:14	65	100	5.79	testcontainers-ryuk-a6585c9a-421f-4355-8378-441094764d73	0.00%	3.352MiB / 7.75GiB	0.04%	113kB / 111kB	0B / 860kB
04:43:16	69	100	4.84	upbeat_payne	28.45%	1.42GiB / 7.75GiB	18.32%	11.3GB / 11.4GB	729kB / 10GB
04:43:16	69	100	4.84	hungry_cannon	101.12%	860.8MiB / 7.75GiB	10.85%	17.3GB / 22.1GB	77.8MB / 225GB
04:43:16	69	100	4.84	testcontainers-ryuk-a6585c9a-421f-4355-8378-441094764d73	0.00%	3.352MiB / 7.75GiB	0.04%	113kB / 111kB	0B / 860kB
04:44:18	74	100	5.87	upbeat_payne	25.44%	1.419GiB / 7.75GiB	18.31%	11.3GB / 11.4GB	729kB / 10GB
04:44:18	74	100	5.87	hungry_cannon	82.37%	860.7MiB / 7.75GiB	10.85%	17.4GB / 22.1GB	77.8MB / 226GB
04:44:18	74	100	5.87	testcontainers-ryuk-a6585c9a-421f-4355-8378-441094764d73	0.00%	3.352MiB / 7.75GiB	0.04%	113kB / 112kB	0B / 860kB
04:45:21	74	100	7.75	upbeat_payne	22.58%	1.432GiB / 7.75GiB	18.48%	11.3GB / 11.4GB	729kB / 10.1GB
04:45:21	74	100	7.75	hungry_cannon	169.48%	895.1MiB / 7.75GiB	11.28%	17.5GB / 22.2GB	77.8MB / 227GB
04:45:21	74	100	7.75	testcontainers-ryuk-a6585c9a-421f-4355-8378-441094764d73	0.00%	3.352MiB / 7.75GiB	0.04%	114kB / 112kB	0B / 860kB
04:46:23	74	100	7.51	upbeat_payne	22.55%	1.433GiB / 7.75GiB	18.49%	11.4GB / 11.5GB	729kB / 10.1GB
04:46:23	74	100	7.51	hungry_cannon	72.75%	773.4MiB / 7.75GiB	9.75%	17.5GB / 22.3GB	77.8MB / 228GB
04:46:23	74	100	7.51	testcontainers-ryuk-a6585c9a-421f-4355-8378-441094764d73	0.00%	3.352MiB / 7.75GiB	0.04%	114kB / 112kB	0B / 860kB
04:47:25	69	100	6.68	upbeat_payne	28.08%	1.434GiB / 7.75GiB	18.51%	11.4GB / 11.5GB	729kB / 10.1GB
04:47:25	69	100	6.68	hungry_cannon	80.36%	774.4MiB / 7.75GiB	9.76%	17.6GB / 22.4GB	77.8MB / 229GB
04:47:25	69	100	6.68	testcontainers-ryuk-a6585c9a-421f-4355-8378-441094764d73	0.00%	3.352MiB / 7.75GiB	0.04%	114kB / 113kB	0B / 860kB
04:48:28	62	100	6.44	upbeat_payne	26.61%	1.433GiB / 7.75GiB	18.49%	11.5GB / 11.6GB	729kB / 10.2GB
04:48:28	62	100	6.44	hungry_cannon	88.08%	811.4MiB / 7.75GiB	10.22%	17.6GB / 22.5GB	77.8MB / 230GB
04:48:28	62	100	6.44	testcontainers-ryuk-a6585c9a-421f-4355-8378-441094764d73	0.00%	3.352MiB / 7.75GiB	0.04%	115kB / 113kB	0B / 860kB
04:49:30	69	100	8.59	upbeat_payne	23.00%	1.434GiB / 7.75GiB	18.50%	11.5GB / 11.6GB	729kB / 10.2GB
04:49:30	69	100	8.59	hungry_cannon	78.40%	816.2MiB / 7.75GiB	10.28%	17.7GB / 22.5GB	77.8MB / 231GB
04:49:30	69	100	8.59	testcontainers-ryuk-a6585c9a-421f-4355-8378-441094764d73	0.00%	3.352MiB / 7.75GiB	0.04%	115kB / 114kB	0B / 860kB
04:50:33	72	100	9.00	upbeat_payne	25.14%	1.434GiB / 7.75GiB	18.50%	11.5GB / 11.6GB	729kB / 10.2GB
04:50:33	72	100	9.00	hungry_cannon	77.00%	826MiB / 7.75GiB	10.41%	17.8GB / 22.6GB	77.8MB / 232GB
04:50:33	72	100	9.00	testcontainers-ryuk-a6585c9a-421f-4355-8378-441094764d73	0.00%	3.352MiB / 7.75GiB	0.04%	116kB / 114kB	0B / 860kB
04:51:35	88	100	7.18	upbeat_payne	22.11%	1.507GiB / 7.75GiB	19.44%	11.6GB / 11.7GB	729kB / 10.3GB
04:51:35	88	100	7.18	hungry_cannon	59.28%	826.2MiB / 7.75GiB	10.41%	17.8GB / 22.7GB	77.8MB / 233GB
04:51:35	88	100	7.18	testcontainers-ryuk-a6585c9a-421f-4355-8378-441094764d73	0.00%	3.352MiB / 7.75GiB	0.04%	116kB / 114kB	0B / 860kB
04:52:37	100	100	5.93	upbeat_payne	17.84%	1.581GiB / 7.75GiB	20.40%	11.6GB / 11.7GB	729kB / 10.3GB
04:52:37	100	100	5.93	hungry_cannon	61.59%	826.1MiB / 7.75GiB	10.41%	17.9GB / 22.8GB	77.8MB / 234GB
04:52:37	100	100	5.93	testcontainers-ryuk-a6585c9a-421f-4355-8378-441094764d73	0.00%	3.352MiB / 7.75GiB	0.04%	116kB / 115kB	0B / 860kB
04:53:40	88	100	8.60	upbeat_payne	19.99%	1.657GiB / 7.75GiB	21.38%	11.7GB / 11.8GB	729kB / 10.4GB
04:53:40	88	100	8.60	hungry_cannon	73.67%	838.8MiB / 7.75GiB	10.57%	17.9GB / 22.8GB	77.8MB / 234GB
04:53:40	88	100	8.60	testcontainers-ryuk-a6585c9a-421f-4355-8378-441094764d73	0.00%	3.352MiB / 7.75GiB	0.04%	117kB / 115kB	0B / 860kB
04:54:42	72	100	6.29	upbeat_payne	21.48%	1.731GiB / 7.75GiB	22.33%	11.7GB / 11.8GB	1.08MB / 10.4GB
04:54:42	72	100	6.29	hungry_cannon	75.57%	838.2MiB / 7.75GiB	10.56%	18GB / 22.9GB	77.8MB / 236GB
04:54:42	72	100	6.29	testcontainers-ryuk-a6585c9a-421f-4355-8378-441094764d73	0.00%	3.352MiB / 7.75GiB	0.04%	117kB / 116kB	0B / 860kB
04:55:44	83	100	6.81	upbeat_payne	19.25%	1.808GiB / 7.75GiB	23.32%	11.7GB / 11.8GB	1.08MB / 10.4GB
04:55:44	83	100	6.81	hungry_cannon	64.31%	837.8MiB / 7.75GiB	10.56%	18.1GB / 23GB	77.8MB / 236GB
04:55:44	83	100	6.81	testcontainers-ryuk-a6585c9a-421f-4355-8378-441094764d73	0.00%	3.352MiB / 7.75GiB	0.04%	118kB / 116kB	0B / 860kB
04:56:46	83	100	4.51	upbeat_payne	19.52%	2.104GiB / 7.75GiB	27.15%	11.8GB / 11.9GB	1.08MB / 10.5GB
04:56:46	83	100	4.51	hungry_cannon	68.61%	838.2MiB / 7.75GiB	10.56%	18.1GB / 23.1GB	77.8MB / 237GB
04:56:46	83	100	4.51	testcontainers-ryuk-a6585c9a-421f-4355-8378-441094764d73	0.00%	3.352MiB / 7.75GiB	0.04%	118kB / 116kB	0B / 860kB
04:57:49	79	100	6.52	upbeat_payne	19.71%	2.181GiB / 7.75GiB	28.14%	11.8GB / 11.9GB	1.08MB / 10.5GB
04:57:49	79	100	6.52	hungry_cannon	65.10%	837.8MiB / 7.75GiB	10.56%	18.2GB / 23.2GB	77.8MB / 238GB
04:57:49	79	100	6.52	testcontainers-ryuk-a6585c9a-421f-4355-8378-441094764d73	0.00%	3.352MiB / 7.75GiB	0.04%	118kB / 117kB	0B / 860kB
04:58:51	74	100	4.96	upbeat_payne	19.24%	2.332GiB / 7.75GiB	30.09%	11.9GB / 12GB	1.08MB / 10.5GB
04:58:51	74	100	4.96	hungry_cannon	67.32%	837.6MiB / 7.75GiB	10.55%	18.2GB / 23.2GB	77.8MB / 239GB
04:58:51	74	100	4.96	testcontainers-ryuk-a6585c9a-421f-4355-8378-441094764d73	0.00%	3.352MiB / 7.75GiB	0.04%	119kB / 117kB	0B / 860kB
04:59:53	72	100	4.47	upbeat_payne	18.79%	2.56GiB / 7.75GiB	33.03%	11.9GB / 12GB	1.08MB / 10.6GB
04:59:53	72	100	4.47	hungry_cannon	65.26%	846.6MiB / 7.75GiB	10.67%	18.3GB / 23.3GB	77.8MB / 240GB
04:59:53	72	100	4.47	testcontainers-ryuk-a6585c9a-421f-4355-8378-441094764d73	0.00%	3.352MiB / 7.75GiB	0.04%	119kB / 118kB	0B / 860kB
05:00:56	100	100	5.07	upbeat_payne	20.35%	2.788GiB / 7.75GiB	35.97%	11.9GB / 12GB	1.08MB / 10.6GB
05:00:56	100	100	5.07	hungry_cannon	66.69%	848.2MiB / 7.75GiB	10.69%	18.4GB / 23.4GB	77.8MB / 241GB
05:00:56	100	100	5.07	testcontainers-ryuk-a6585c9a-421f-4355-8378-441094764d73	0.00%	3.352MiB / 7.75GiB	0.04%	120kB / 118kB	0B / 860kB
05:01:58	88	100	5.99	upbeat_payne	21.16%	3.091GiB / 7.75GiB	39.88%	12GB / 12.1GB	1.08MB / 10.6GB
05:01:58	88	100	5.99	hungry_cannon	66.73%	857.2MiB / 7.75GiB	10.80%	18.4GB / 23.5GB	77.8MB / 241GB
05:01:58	88	100	5.99	testcontainers-ryuk-a6585c9a-421f-4355-8378-441094764d73	0.00%	3.352MiB / 7.75GiB	0.04%	120kB / 118kB	0B / 860kB
05:03:00	86	100	5.59	upbeat_payne	21.87%	3.242GiB / 7.75GiB	41.84%	12GB / 12.1GB	1.15MB / 10.7GB
05:03:00	86	100	5.59	hungry_cannon	70.03%	847.6MiB / 7.75GiB	10.68%	18.5GB / 23.5GB	77.8MB / 242GB
05:03:00	86	100	5.59	testcontainers-ryuk-a6585c9a-421f-4355-8378-441094764d73	0.00%	3.352MiB / 7.75GiB	0.04%	120kB / 119kB	0B / 860kB
05:04:02	83	100	6.88	upbeat_payne	20.85%	3.386GiB / 7.75GiB	43.69%	12.1GB / 12.2GB	1.16MB / 10.7GB
05:04:02	83	100	6.88	hungry_cannon	65.97%	848.6MiB / 7.75GiB	10.69%	18.6GB / 23.6GB	77.8MB / 243GB
05:04:02	83	100	6.88	testcontainers-ryuk-a6585c9a-421f-4355-8378-441094764d73	0.01%	3.352MiB / 7.75GiB	0.04%	121kB / 119kB	0B / 860kB
05:05:04	86	100	6.85	upbeat_payne	19.34%	3.397GiB / 7.75GiB	43.83%	12.1GB / 12.2GB	1.16MB / 10.7GB
05:05:04	86	100	6.85	hungry_cannon	67.01%	851.5MiB / 7.75GiB	10.73%	18.6GB / 23.7GB	77.8MB / 244GB
05:05:04	86	100	6.85	testcontainers-ryuk-a6585c9a-421f-4355-8378-441094764d73	0.00%	3.352MiB / 7.75GiB	0.04%	121kB / 119kB	0B / 860kB
05:06:06	76	100	6.73	upbeat_payne	25.99%	3.407GiB / 7.75GiB	43.96%	12.1GB / 12.2GB	1.16MB / 10.8GB
05:06:06	76	100	6.73	hungry_cannon	135.40%	854.1MiB / 7.75GiB	10.76%	18.7GB / 23.8GB	77.8MB / 245GB
05:06:06	76	100	6.73	testcontainers-ryuk-a6585c9a-421f-4355-8378-441094764d73	0.00%	3.352MiB / 7.75GiB	0.04%	121kB / 120kB	0B / 860kB
05:07:09	93	100	7.30	upbeat_payne	23.94%	3.424GiB / 7.75GiB	44.18%	12.2GB / 12.3GB	1.16MB / 10.8GB
05:07:09	93	100	7.30	hungry_cannon	92.86%	852.1MiB / 7.75GiB	10.74%	18.7GB / 23.9GB	77.8MB / 246GB
05:07:09	93	100	7.30	testcontainers-ryuk-a6585c9a-421f-4355-8378-441094764d73	0.00%	3.352MiB / 7.75GiB	0.04%	122kB / 120kB	0B / 860kB
05:08:11	90	100	6.84	upbeat_payne	22.74%	3.425GiB / 7.75GiB	44.20%	12.2GB / 12.3GB	1.16MB / 10.9GB
05:08:11	90	100	6.84	hungry_cannon	136.61%	858.8MiB / 7.75GiB	10.82%	18.8GB / 23.9GB	77.8MB / 247GB
05:08:11	90	100	6.84	testcontainers-ryuk-a6585c9a-421f-4355-8378-441094764d73	0.00%	3.352MiB / 7.75GiB	0.04%	122kB / 121kB	0B / 860kB
05:09:14	90	100	6.10	upbeat_payne	23.66%	3.451GiB / 7.75GiB	44.52%	12.3GB / 12.4GB	1.22MB / 10.9GB
05:09:14	90	100	6.10	hungry_cannon	138.88%	859.6MiB / 7.75GiB	10.83%	18.9GB / 24GB	77.8MB / 248GB
05:09:14	90	100	6.10	testcontainers-ryuk-a6585c9a-421f-4355-8378-441094764d73	0.00%	3.352MiB / 7.75GiB	0.04%	123kB / 121kB	0B / 860kB
05:10:16	83	100	4.74	upbeat_payne	25.71%	3.461GiB / 7.75GiB	44.66%	12.3GB / 12.4GB	1.22MB / 10.9GB
05:10:16	83	100	4.74	hungry_cannon	84.16%	859.2MiB / 7.75GiB	10.83%	18.9GB / 24.1GB	77.8MB / 248GB
05:10:16	83	100	4.74	testcontainers-ryuk-a6585c9a-421f-4355-8378-441094764d73	0.00%	3.352MiB / 7.75GiB	0.04%	123kB / 121kB	0B / 860kB
05:11:18	76	100	5.23	upbeat_payne	24.60%	3.475GiB / 7.75GiB	44.84%	12.3GB / 12.4GB	1.22MB / 11GB
05:11:18	76	100	5.23	hungry_cannon	191.19%	861.3MiB / 7.75GiB	10.85%	19GB / 24.2GB	77.9MB / 249GB
05:11:18	76	100	5.23	testcontainers-ryuk-a6585c9a-421f-4355-8378-441094764d73	0.00%	3.352MiB / 7.75GiB	0.04%	123kB / 122kB	0B / 860kB
05:12:21	72	100	5.80	upbeat_payne	22.37%	3.492GiB / 7.75GiB	45.05%	12.4GB / 12.5GB	1.22MB / 11GB
05:12:21	72	100	5.80	hungry_cannon	210.35%	860.6MiB / 7.75GiB	10.84%	19GB / 24.2GB	77.9MB / 251GB
05:12:21	72	100	5.80	testcontainers-ryuk-a6585c9a-421f-4355-8378-441094764d73	0.00%	3.352MiB / 7.75GiB	0.04%	124kB / 122kB	0B / 860kB
05:13:23	86	100	4.96	upbeat_payne	32.05%	3.507GiB / 7.75GiB	45.25%	12.4GB / 12.5GB	1.22MB / 11GB
05:13:23	86	100	4.96	hungry_cannon	242.59%	857.7MiB / 7.75GiB	10.81%	19.1GB / 24.3GB	77.9MB / 251GB
05:13:23	86	100	4.96	testcontainers-ryuk-a6585c9a-421f-4355-8378-441094764d73	0.00%	3.352MiB / 7.75GiB	0.04%	124kB / 123kB	0B / 860kB
05:14:25	79	100	4.68	upbeat_payne	25.02%	3.508GiB / 7.75GiB	45.26%	12.5GB / 12.6GB	1.22MB / 11.1GB
05:14:25	79	100	4.68	hungry_cannon	182.07%	864.1MiB / 7.75GiB	10.89%	19.2GB / 24.4GB	77.9MB / 252GB
05:14:25	79	100	4.68	testcontainers-ryuk-a6585c9a-421f-4355-8378-441094764d73	0.00%	3.352MiB / 7.75GiB	0.04%	125kB / 123kB	0B / 860kB
05:15:27	90	100	5.58	upbeat_payne	20.76%	3.512GiB / 7.75GiB	45.31%	12.5GB / 12.6GB	1.22MB / 11.1GB
05:15:27	90	100	5.58	hungry_cannon	72.02%	806.3MiB / 7.75GiB	10.16%	19.2GB / 24.5GB	78.5MB / 252GB
05:15:27	90	100	5.58	testcontainers-ryuk-a6585c9a-421f-4355-8378-441094764d73	0.00%	3.352MiB / 7.75GiB	0.04%	125kB / 123kB	0B / 860kB
05:16:30	88	100	5.54	upbeat_payne	28.81%	3.513GiB / 7.75GiB	45.33%	12.5GB / 12.6GB	1.22MB / 11.1GB
05:16:30	88	100	5.54	hungry_cannon	91.60%	804MiB / 7.75GiB	10.13%	19.3GB / 24.6GB	78.5MB / 253GB
05:16:30	88	100	5.54	testcontainers-ryuk-a6585c9a-421f-4355-8378-441094764d73	0.00%	3.352MiB / 7.75GiB	0.04%	125kB / 124kB	0B / 860kB
05:17:32	74	100	4.74	upbeat_payne	24.70%	3.586GiB / 7.75GiB	46.27%	12.6GB / 12.7GB	1.22MB / 11.2GB
05:17:32	74	100	4.74	hungry_cannon	69.72%	798.6MiB / 7.75GiB	10.06%	19.3GB / 24.6GB	78.5MB / 254GB
05:17:32	74	100	4.74	testcontainers-ryuk-a6585c9a-421f-4355-8378-441094764d73	0.00%	3.352MiB / 7.75GiB	0.04%	126kB / 124kB	0B / 860kB
05:18:34	93	100	6.24	upbeat_payne	21.80%	3.611GiB / 7.75GiB	46.60%	12.6GB / 12.7GB	1.23MB / 11.2GB
05:18:34	93	100	6.24	hungry_cannon	62.24%	799.8MiB / 7.75GiB	10.08%	19.4GB / 24.7GB	78.5MB / 255GB
05:18:34	93	100	6.24	testcontainers-ryuk-a6585c9a-421f-4355-8378-441094764d73	0.00%	3.352MiB / 7.75GiB	0.04%	126kB / 124kB	0B / 860kB
05:19:37	100	100	5.64	upbeat_payne	19.32%	3.612GiB / 7.75GiB	46.61%	12.7GB / 12.8GB	1.29MB / 11.2GB
05:19:37	100	100	5.64	hungry_cannon	60.27%	820.2MiB / 7.75GiB	10.34%	19.5GB / 24.8GB	78.5MB / 256GB
05:19:37	100	100	5.64	testcontainers-ryuk-a6585c9a-421f-4355-8378-441094764d73	0.00%	3.352MiB / 7.75GiB	0.04%	126kB / 125kB	0B / 860kB
05:20:39	81	100	5.43	upbeat_payne	18.44%	3.631GiB / 7.75GiB	46.85%	12.7GB / 12.8GB	1.29MB / 11.3GB
05:20:39	81	100	5.43	hungry_cannon	63.55%	829.9MiB / 7.75GiB	10.46%	19.5GB / 24.9GB	78.5MB / 257GB
05:20:39	81	100	5.43	testcontainers-ryuk-a6585c9a-421f-4355-8378-441094764d73	0.00%	3.352MiB / 7.75GiB	0.04%	127kB / 125kB	0B / 860kB
05:21:41	90	100	6.57	upbeat_payne	18.03%	3.645GiB / 7.75GiB	47.04%	12.7GB / 12.8GB	1.3MB / 11.3GB
05:21:41	90	100	6.57	hungry_cannon	62.40%	837.3MiB / 7.75GiB	10.55%	19.6GB / 24.9GB	78.5MB / 257GB
05:21:41	90	100	6.57	testcontainers-ryuk-a6585c9a-421f-4355-8378-441094764d73	0.00%	3.352MiB / 7.75GiB	0.04%	127kB / 126kB	0B / 860kB
05:22:43	76	100	5.30	upbeat_payne	25.09%	3.655GiB / 7.75GiB	47.16%	12.8GB / 12.9GB	1.3MB / 11.3GB
05:22:43	76	100	5.30	hungry_cannon	71.97%	837.2MiB / 7.75GiB	10.55%	19.7GB / 25GB	78.5MB / 258GB
05:22:43	76	100	5.30	testcontainers-ryuk-a6585c9a-421f-4355-8378-441094764d73	0.00%	3.352MiB / 7.75GiB	0.04%	128kB / 126kB	0B / 860kB
05:23:45	69	100	7.28	upbeat_payne	24.39%	3.656GiB / 7.75GiB	47.18%	12.8GB / 12.9GB	1.3MB / 11.4GB
05:23:45	69	100	7.28	hungry_cannon	80.78%	837.5MiB / 7.75GiB	10.55%	19.7GB / 25.1GB	78.5MB / 259GB
05:23:45	69	100	7.28	testcontainers-ryuk-a6585c9a-421f-4355-8378-441094764d73	0.00%	3.352MiB / 7.75GiB	0.04%	128kB / 126kB	0B / 860kB
05:24:48	65	100	7.13	upbeat_payne	23.18%	3.66GiB / 7.75GiB	47.23%	12.9GB / 13GB	1.3MB / 11.4GB
05:24:48	65	100	7.13	hungry_cannon	85.37%	837.4MiB / 7.75GiB	10.55%	19.8GB / 25.2GB	78.5MB / 260GB
05:24:48	65	100	7.13	testcontainers-ryuk-a6585c9a-421f-4355-8378-441094764d73	0.00%	3.352MiB / 7.75GiB	0.04%	128kB / 127kB	0B / 860kB
05:25:50	74	100	6.88	upbeat_payne	22.35%	3.686GiB / 7.75GiB	47.56%	12.9GB / 13GB	1.31MB / 11.5GB
05:25:50	74	100	6.88	hungry_cannon	77.15%	838.9MiB / 7.75GiB	10.57%	19.8GB / 25.3GB	78.5MB / 261GB
05:25:50	74	100	6.88	testcontainers-ryuk-a6585c9a-421f-4355-8378-441094764d73	0.00%	3.352MiB / 7.75GiB	0.04%	129kB / 127kB	0B / 860kB
05:26:52	74	100	6.93	upbeat_payne	22.64%	3.703GiB / 7.75GiB	47.78%	12.9GB / 13GB	1.31MB / 11.5GB
05:26:52	74	100	6.93	hungry_cannon	77.06%	841.6MiB / 7.75GiB	10.60%	19.9GB / 25.3GB	78.5MB / 262GB
05:26:52	74	100	6.93	testcontainers-ryuk-a6585c9a-421f-4355-8378-441094764d73	0.00%	3.352MiB / 7.75GiB	0.04%	129kB / 128kB	0B / 860kB
05:27:55	76	100	6.38	upbeat_payne	20.98%	3.704GiB / 7.75GiB	47.79%	13GB / 13.1GB	1.31MB / 11.5GB
05:27:55	76	100	6.38	hungry_cannon	66.85%	841.9MiB / 7.75GiB	10.61%	20GB / 25.4GB	78.5MB / 263GB
05:27:55	76	100	6.38	testcontainers-ryuk-a6585c9a-421f-4355-8378-441094764d73	0.00%	3.352MiB / 7.75GiB	0.04%	130kB / 128kB	0B / 860kB
05:28:57	69	100	7.50	upbeat_payne	26.11%	3.715GiB / 7.75GiB	47.94%	13GB / 13.1GB	1.31MB / 11.6GB
05:28:57	69	100	7.50	hungry_cannon	96.07%	849.5MiB / 7.75GiB	10.70%	20GB / 25.5GB	78.5MB / 264GB
05:28:57	69	100	7.50	testcontainers-ryuk-a6585c9a-421f-4355-8378-441094764d73	0.00%	3.352MiB / 7.75GiB	0.04%	130kB / 129kB	0B / 860kB
05:30:00	65	100	7.27	upbeat_payne	28.11%	3.717GiB / 7.75GiB	47.96%	13GB / 13.2GB	1.31MB / 11.6GB
05:30:00	65	100	7.27	hungry_cannon	101.26%	850.6MiB / 7.75GiB	10.72%	20.1GB / 25.6GB	78.5MB / 265GB
05:30:00	65	100	7.27	testcontainers-ryuk-a6585c9a-421f-4355-8378-441094764d73	0.00%	3.352MiB / 7.75GiB	0.04%	131kB / 129kB	0B / 860kB
05:31:02	72	100	7.60	upbeat_payne	19.80%	3.73GiB / 7.75GiB	48.13%	13.1GB / 13.2GB	1.31MB / 11.6GB
05:31:02	72	100	7.60	hungry_cannon	73.31%	857.4MiB / 7.75GiB	10.80%	20.1GB / 25.6GB	78.5MB / 266GB
05:31:02	72	100	7.60	testcontainers-ryuk-a6585c9a-421f-4355-8378-441094764d73	0.00%	3.352MiB / 7.75GiB	0.04%	131kB / 129kB	0B / 860kB
05:32:05	100	100	7.52	upbeat_payne	19.11%	3.731GiB / 7.75GiB	48.15%	13.1GB / 13.2GB	1.31MB / 11.7GB
05:32:05	100	100	7.52	hungry_cannon	66.47%	858.2MiB / 7.75GiB	10.81%	20.2GB / 25.7GB	78.5MB / 266GB
05:32:05	100	100	7.52	testcontainers-ryuk-a6585c9a-421f-4355-8378-441094764d73	0.00%	3.352MiB / 7.75GiB	0.04%	131kB / 130kB	0B / 860kB
05:33:07	100	100	5.39	upbeat_payne	21.37%	3.755GiB / 7.75GiB	48.45%	13.2GB / 13.3GB	1.31MB / 11.7GB
05:33:07	100	100	5.39	hungry_cannon	83.04%	860.3MiB / 7.75GiB	10.84%	20.3GB / 25.8GB	78.5MB / 267GB
05:33:07	100	100	5.39	testcontainers-ryuk-a6585c9a-421f-4355-8378-441094764d73	0.00%	3.352MiB / 7.75GiB	0.04%	132kB / 130kB	0B / 860kB
05:34:09	100	100	5.34	upbeat_payne	22.24%	3.778GiB / 7.75GiB	48.74%	13.2GB / 13.3GB	1.31MB / 11.7GB
05:34:09	100	100	5.34	hungry_cannon	82.65%	874MiB / 7.75GiB	11.01%	20.3GB / 25.9GB	78.5MB / 268GB
05:34:09	100	100	5.34	testcontainers-ryuk-a6585c9a-421f-4355-8378-441094764d73	0.00%	3.352MiB / 7.75GiB	0.04%	132kB / 131kB	0B / 860kB
05:35:11	100	100	7.04	upbeat_payne	19.29%	3.852GiB / 7.75GiB	49.71%	13.2GB / 13.4GB	1.32MB / 11.8GB
05:35:11	100	100	7.04	hungry_cannon	97.81%	874.6MiB / 7.75GiB	11.02%	20.4GB / 26GB	78.5MB / 269GB
05:35:11	100	100	7.04	testcontainers-ryuk-a6585c9a-421f-4355-8378-441094764d73	0.00%	3.352MiB / 7.75GiB	0.04%	133kB / 131kB	0B / 860kB
05:36:13	100	100	6.18	upbeat_payne	18.66%	3.925GiB / 7.75GiB	50.65%	13.3GB / 13.4GB	1.32MB / 11.8GB
05:36:13	100	100	6.18	hungry_cannon	69.85%	874.9MiB / 7.75GiB	11.02%	20.5GB / 26GB	78.5MB / 270GB
05:36:13	100	100	6.18	testcontainers-ryuk-a6585c9a-421f-4355-8378-441094764d73	0.00%	3.352MiB / 7.75GiB	0.04%	133kB / 131kB	0B / 860kB
05:37:16	90	100	5.84	upbeat_payne	24.56%	4.146GiB / 7.75GiB	53.50%	13.3GB / 13.5GB	1.32MB / 11.8GB
05:37:16	90	100	5.84	hungry_cannon	76.64%	878.8MiB / 7.75GiB	11.07%	20.5GB / 26.1GB	78.5MB / 271GB
05:37:16	90	100	5.84	testcontainers-ryuk-a6585c9a-421f-4355-8378-441094764d73	0.00%	3.352MiB / 7.75GiB	0.04%	133kB / 132kB	0B / 860kB
05:38:18	100	100	6.07	upbeat_payne	20.92%	1.431GiB / 7.75GiB	18.46%	13.4GB / 13.5GB	1.32MB / 11.9GB
05:38:18	100	100	6.07	hungry_cannon	70.07%	877.8MiB / 7.75GiB	11.06%	20.6GB / 26.2GB	78.5MB / 272GB
05:38:18	100	100	6.07	testcontainers-ryuk-a6585c9a-421f-4355-8378-441094764d73	0.00%	3.352MiB / 7.75GiB	0.04%	134kB / 132kB	0B / 860kB
05:39:20	100	100	6.00	upbeat_payne	24.46%	1.432GiB / 7.75GiB	18.47%	13.4GB / 13.5GB	1.32MB / 11.9GB
05:39:20	100	100	6.00	hungry_cannon	146.03%	934.6MiB / 7.75GiB	11.78%	20.6GB / 26.3GB	78.5MB / 272GB
05:39:20	100	100	6.00	testcontainers-ryuk-a6585c9a-421f-4355-8378-441094764d73	0.00%	3.352MiB / 7.75GiB	0.04%	134kB / 132kB	0B / 860kB
05:40:22	100	100	5.01	upbeat_payne	22.36%	1.433GiB / 7.75GiB	18.49%	13.4GB / 13.6GB	1.32MB / 12GB
05:40:22	100	100	5.01	hungry_cannon	119.10%	934.2MiB / 7.75GiB	11.77%	20.7GB / 26.3GB	78.5MB / 273GB
05:40:22	100	100	5.01	testcontainers-ryuk-a6585c9a-421f-4355-8378-441094764d73	0.00%	3.352MiB / 7.75GiB	0.04%	134kB / 133kB	0B / 860kB
05:41:25	100	100	4.85	upbeat_payne	20.62%	1.435GiB / 7.75GiB	18.51%	13.5GB / 13.6GB	1.32MB / 12GB
05:41:25	100	100	4.85	hungry_cannon	74.81%	886.7MiB / 7.75GiB	11.17%	20.8GB / 26.4GB	78.5MB / 274GB
05:41:25	100	100	4.85	testcontainers-ryuk-a6585c9a-421f-4355-8378-441094764d73	0.00%	3.352MiB / 7.75GiB	0.04%	135kB / 133kB	0B / 860kB
05:42:27	83	100	5.08	upbeat_payne	21.11%	1.435GiB / 7.75GiB	18.52%	13.5GB / 13.7GB	1.32MB / 12GB
05:42:27	83	100	5.08	hungry_cannon	66.61%	875.9MiB / 7.75GiB	11.04%	20.8GB / 26.5GB	78.5MB / 275GB
05:42:27	83	100	5.08	testcontainers-ryuk-a6585c9a-421f-4355-8378-441094764d73	0.00%	3.352MiB / 7.75GiB	0.04%	135kB / 133kB	0B / 860kB
05:43:29	67	100	5.02	upbeat_payne	23.91%	1.437GiB / 7.75GiB	18.54%	13.6GB / 13.7GB	1.32MB / 12.1GB
05:43:29	67	100	5.02	hungry_cannon	81.13%	883.6MiB / 7.75GiB	11.13%	20.9GB / 26.6GB	78.5MB / 276GB
05:43:29	67	100	5.02	testcontainers-ryuk-a6585c9a-421f-4355-8378-441094764d73	0.00%	3.352MiB / 7.75GiB	0.04%	135kB / 134kB	0B / 860kB
05:44:31	76	100	5.71	upbeat_payne	22.12%	1.437GiB / 7.75GiB	18.54%	13.6GB / 13.7GB	1.32MB / 12.1GB
05:44:31	76	100	5.71	hungry_cannon	87.16%	832.4MiB / 7.75GiB	10.49%	20.9GB / 26.7GB	78.5MB / 277GB
05:44:31	76	100	5.71	testcontainers-ryuk-a6585c9a-421f-4355-8378-441094764d73	0.00%	3.352MiB / 7.75GiB	0.04%	136kB / 134kB	0B / 860kB
05:45:34	76	100	5.58	upbeat_payne	19.72%	1.438GiB / 7.75GiB	18.55%	13.6GB / 13.8GB	1.32MB / 12.1GB
05:45:34	76	100	5.58	hungry_cannon	65.31%	805.6MiB / 7.75GiB	10.15%	21GB / 26.7GB	78.5MB / 278GB
05:45:34	76	100	5.58	testcontainers-ryuk-a6585c9a-421f-4355-8378-441094764d73	0.00%	3.352MiB / 7.75GiB	0.04%	136kB / 135kB	0B / 860kB
05:46:36	74	100	8.57	upbeat_payne	24.59%	1.44GiB / 7.75GiB	18.58%	13.7GB / 13.8GB	1.32MB / 12.2GB
05:46:36	74	100	8.57	hungry_cannon	75.37%	793.6MiB / 7.75GiB	10.00%	21.1GB / 26.8GB	78.5MB / 279GB
05:46:36	74	100	8.57	testcontainers-ryuk-a6585c9a-421f-4355-8378-441094764d73	0.00%	3.352MiB / 7.75GiB	0.04%	137kB / 135kB	0B / 860kB
05:47:38	72	100	9.41	upbeat_payne	24.67%	1.442GiB / 7.75GiB	18.60%	13.7GB / 13.9GB	1.32MB / 12.2GB
05:47:38	72	100	9.41	hungry_cannon	95.53%	838.4MiB / 7.75GiB	10.56%	21.1GB / 26.9GB	78.5MB / 280GB
05:47:38	72	100	9.41	testcontainers-ryuk-a6585c9a-421f-4355-8378-441094764d73	0.00%	3.352MiB / 7.75GiB	0.04%	137kB / 135kB	0B / 860kB
05:48:41	67	100	8.21	upbeat_payne	25.45%	1.442GiB / 7.75GiB	18.61%	13.8GB / 13.9GB	1.32MB / 12.2GB
05:48:41	67	100	8.21	hungry_cannon	113.88%	845MiB / 7.75GiB	10.65%	21.2GB / 27GB	78.5MB / 280GB
05:48:41	67	100	8.21	testcontainers-ryuk-a6585c9a-421f-4355-8378-441094764d73	0.00%	3.352MiB / 7.75GiB	0.04%	137kB / 136kB	0B / 860kB
05:49:43	72	100	7.05	upbeat_payne	22.77%	1.443GiB / 7.75GiB	18.62%	13.8GB / 13.9GB	1.32MB / 12.3GB
05:49:43	72	100	7.05	hungry_cannon	75.53%	859.9MiB / 7.75GiB	10.84%	21.2GB / 27.1GB	78.5MB / 281GB
05:49:43	72	100	7.05	testcontainers-ryuk-a6585c9a-421f-4355-8378-441094764d73	0.00%	3.352MiB / 7.75GiB	0.04%	138kB / 136kB	0B / 860kB
