Tandem load test — scenarios=[S9], smoke=false, demo=false, duration=PT6H, workers=8, pollInterval=PT0.1S
--- Running S9 ---
23:49:45 INFO    com.codingful.tandem.jdbc.WorkerPool - Starting relay instanceId:s9-instance-1, workers:8, coordination:LEASE, bucketCount:256, batchSize:100, pollIntervalMs:100, maxAttempts:10, rowLeaseMs:60000
23:49:45 INFO    com.codingful.tandem.jdbc.WorkerPool - Starting relay instanceId:s9-instance-2, workers:8, coordination:LEASE, bucketCount:256, batchSize:100, pollIntervalMs:100, maxAttempts:10, rowLeaseMs:60000
23:49:45 INFO    com.codingful.tandem.jdbc.BucketLeaseManager - Relay claimed buckets owner:s9-instance-1, count:256
23:49:47 INFO    com.codingful.tandem.jdbc.BucketLeaseManager - Relay released excess buckets owner:s9-instance-1, count:128
23:49:47 INFO    com.codingful.tandem.jdbc.BucketLeaseManager - Relay claimed buckets owner:s9-instance-2, count:128
S9: holding 400.0 events/s for PT6H in 18 windows of PT20M; retention=PT10M, cleanup every PT30S in batches of 20000
23:56:03 INFO    com.codingful.tandem.jdbc.RelayWorker - Relay worker progress workerId:tandem-relay-s9-instance-1-w7, processed:10000, ok:10000, ko:0
23:56:08 INFO    com.codingful.tandem.jdbc.RelayWorker - Relay worker progress workerId:tandem-relay-s9-instance-2-w2, processed:10000, ok:10000, ko:0
23:56:11 INFO    com.codingful.tandem.jdbc.RelayWorker - Relay worker progress workerId:tandem-relay-s9-instance-2-w4, processed:10000, ok:10000, ko:0
23:56:16 INFO    com.codingful.tandem.jdbc.RelayWorker - Relay worker progress workerId:tandem-relay-s9-instance-2-w5, processed:10000, ok:10000, ko:0
23:56:18 INFO    com.codingful.tandem.jdbc.RelayWorker - Relay worker progress workerId:tandem-relay-s9-instance-1-w1, processed:10000, ok:10000, ko:0
23:56:19 INFO    com.codingful.tandem.jdbc.RelayWorker - Relay worker progress workerId:tandem-relay-s9-instance-1-w3, processed:10000, ok:10000, ko:0
23:56:24 INFO    com.codingful.tandem.jdbc.RelayWorker - Relay worker progress workerId:tandem-relay-s9-instance-1-w0, processed:10000, ok:10000, ko:0
23:56:24 INFO    com.codingful.tandem.jdbc.RelayWorker - Relay worker progress workerId:tandem-relay-s9-instance-1-w4, processed:10000, ok:10000, ko:0
23:56:29 INFO    com.codingful.tandem.jdbc.RelayWorker - Relay worker progress workerId:tandem-relay-s9-instance-1-w6, processed:10000, ok:10000, ko:0
23:56:32 INFO    com.codingful.tandem.jdbc.RelayWorker - Relay worker progress workerId:tandem-relay-s9-instance-2-w7, processed:10000, ok:10000, ko:0
23:56:36 INFO    com.codingful.tandem.jdbc.RelayWorker - Relay worker progress workerId:tandem-relay-s9-instance-2-w1, processed:10000, ok:10000, ko:0
23:56:37 INFO    com.codingful.tandem.jdbc.RelayWorker - Relay worker progress workerId:tandem-relay-s9-instance-1-w5, processed:10000, ok:10000, ko:0
23:56:38 INFO    com.codingful.tandem.jdbc.RelayWorker - Relay worker progress workerId:tandem-relay-s9-instance-1-w2, processed:10000, ok:10000, ko:0
23:56:39 INFO    com.codingful.tandem.jdbc.RelayWorker - Relay worker progress workerId:tandem-relay-s9-instance-2-w6, processed:10000, ok:10000, ko:0
23:56:41 INFO    com.codingful.tandem.jdbc.RelayWorker - Relay worker progress workerId:tandem-relay-s9-instance-2-w0, processed:10000, ok:10000, ko:0
23:56:42 INFO    com.codingful.tandem.jdbc.RelayWorker - Relay worker progress workerId:tandem-relay-s9-instance-2-w3, processed:10000, ok:10000, ko:0
00:02:29 INFO    com.codingful.tandem.jdbc.RelayWorker - Relay worker progress workerId:tandem-relay-s9-instance-1-w7, processed:20000, ok:20000, ko:0
00:02:37 INFO    com.codingful.tandem.jdbc.RelayWorker - Relay worker progress workerId:tandem-relay-s9-instance-2-w5, processed:20000, ok:20000, ko:0
00:02:38 INFO    com.codingful.tandem.jdbc.RelayWorker - Relay worker progress workerId:tandem-relay-s9-instance-2-w4, processed:20000, ok:20000, ko:0
00:02:39 INFO    com.codingful.tandem.jdbc.RelayWorker - Relay worker progress workerId:tandem-relay-s9-instance-2-w2, processed:20000, ok:20000, ko:0
00:02:57 INFO    com.codingful.tandem.jdbc.RelayWorker - Relay worker progress workerId:tandem-relay-s9-instance-1-w3, processed:20000, ok:20000, ko:0
00:03:01 INFO    com.codingful.tandem.jdbc.RelayWorker - Relay worker progress workerId:tandem-relay-s9-instance-1-w4, processed:20000, ok:20000, ko:0
00:03:01 INFO    com.codingful.tandem.jdbc.RelayWorker - Relay worker progress workerId:tandem-relay-s9-instance-1-w0, processed:20000, ok:20000, ko:0
00:03:05 INFO    com.codingful.tandem.jdbc.RelayWorker - Relay worker progress workerId:tandem-relay-s9-instance-1-w1, processed:20000, ok:20000, ko:0
00:03:17 INFO    com.codingful.tandem.jdbc.RelayWorker - Relay worker progress workerId:tandem-relay-s9-instance-2-w6, processed:20000, ok:20000, ko:0
00:03:17 INFO    com.codingful.tandem.jdbc.RelayWorker - Relay worker progress workerId:tandem-relay-s9-instance-2-w7, processed:20000, ok:20000, ko:0
00:03:21 INFO    com.codingful.tandem.jdbc.RelayWorker - Relay worker progress workerId:tandem-relay-s9-instance-1-w6, processed:20000, ok:20000, ko:0
00:03:26 INFO    com.codingful.tandem.jdbc.RelayWorker - Relay worker progress workerId:tandem-relay-s9-instance-2-w1, processed:20000, ok:20000, ko:0
00:03:33 INFO    com.codingful.tandem.jdbc.RelayWorker - Relay worker progress workerId:tandem-relay-s9-instance-1-w5, processed:20000, ok:20000, ko:0
00:03:33 INFO    com.codingful.tandem.jdbc.RelayWorker - Relay worker progress workerId:tandem-relay-s9-instance-2-w0, processed:20000, ok:20000, ko:0
00:03:34 INFO    com.codingful.tandem.jdbc.RelayWorker - Relay worker progress workerId:tandem-relay-s9-instance-1-w2, processed:20000, ok:20000, ko:0
00:03:37 INFO    com.codingful.tandem.jdbc.RelayWorker - Relay worker progress workerId:tandem-relay-s9-instance-2-w3, processed:20000, ok:20000, ko:0
00:08:54 INFO    com.codingful.tandem.jdbc.RelayWorker - Relay worker progress workerId:tandem-relay-s9-instance-1-w7, processed:30000, ok:30000, ko:0
00:09:01 INFO    com.codingful.tandem.jdbc.RelayWorker - Relay worker progress workerId:tandem-relay-s9-instance-2-w4, processed:30000, ok:30000, ko:0
00:09:04 INFO    com.codingful.tandem.jdbc.RelayWorker - Relay worker progress workerId:tandem-relay-s9-instance-2-w5, processed:30000, ok:30000, ko:0
00:09:09 INFO    com.codingful.tandem.jdbc.RelayWorker - Relay worker progress workerId:tandem-relay-s9-instance-2-w2, processed:30000, ok:30000, ko:0
00:09:34 INFO    com.codingful.tandem.jdbc.RelayWorker - Relay worker progress workerId:tandem-relay-s9-instance-1-w3, processed:30000, ok:30000, ko:0
00:09:35 INFO    com.codingful.tandem.jdbc.RelayWorker - Relay worker progress workerId:tandem-relay-s9-instance-1-w0, processed:30000, ok:30000, ko:0
00:09:43 INFO    com.codingful.tandem.jdbc.RelayWorker - Relay worker progress workerId:tandem-relay-s9-instance-1-w1, processed:30000, ok:30000, ko:0
00:09:46 INFO    com.codingful.tandem.jdbc.RelayWorker - Relay worker progress workerId:tandem-relay-s9-instance-1-w4, processed:30000, ok:30000, ko:0
00:09:57 INFO    com.codingful.tandem.jdbc.RelayWorker - Relay worker progress workerId:tandem-relay-s9-instance-2-w7, processed:30000, ok:30000, ko:0
00:10:08 INFO    com.codingful.tandem.jdbc.RelayWorker - Relay worker progress workerId:tandem-relay-s9-instance-2-w6, processed:30000, ok:30000, ko:0
S9 window  1 @00:10:16: 395.7/s delivered (395.7/s written), p50=58ms p99=173ms, pending=20 oldest=0s, buckets [128, 128] covered=256/256, outbox 420MB (36MB idx, 241927 rows, 72112 dead), heap=48MB threads=49 load=47.07
00:10:21 INFO    com.codingful.tandem.jdbc.RelayWorker - Relay worker progress workerId:tandem-relay-s9-instance-2-w1, processed:30000, ok:30000, ko:0
00:10:21 INFO    com.codingful.tandem.jdbc.RelayWorker - Relay worker progress workerId:tandem-relay-s9-instance-1-w6, processed:30000, ok:30000, ko:0
00:10:31 INFO    com.codingful.tandem.jdbc.RelayWorker - Relay worker progress workerId:tandem-relay-s9-instance-2-w0, processed:30000, ok:30000, ko:0
00:10:41 INFO    com.codingful.tandem.jdbc.RelayWorker - Relay worker progress workerId:tandem-relay-s9-instance-1-w2, processed:30000, ok:30000, ko:0
00:10:43 INFO    com.codingful.tandem.jdbc.RelayWorker - Relay worker progress workerId:tandem-relay-s9-instance-1-w5, processed:30000, ok:30000, ko:0
00:10:43 SEVERE  com.codingful.tandem.jdbc.WorkerPool - Cleanup failed
00:10:44 INFO    com.codingful.tandem.jdbc.RelayWorker - Relay worker progress workerId:tandem-relay-s9-instance-2-w3, processed:30000, ok:30000, ko:0
00:13:47 SEVERE  com.codingful.tandem.jdbc.WorkerPool - Cleanup failed
00:15:22 INFO    com.codingful.tandem.jdbc.RelayWorker - Relay worker progress workerId:tandem-relay-s9-instance-1-w7, processed:40000, ok:40000, ko:0
00:15:34 INFO    com.codingful.tandem.jdbc.RelayWorker - Relay worker progress workerId:tandem-relay-s9-instance-2-w4, processed:40000, ok:40000, ko:0
00:15:40 INFO    com.codingful.tandem.jdbc.RelayWorker - Relay worker progress workerId:tandem-relay-s9-instance-2-w5, processed:40000, ok:40000, ko:0
00:15:47 INFO    com.codingful.tandem.jdbc.RelayWorker - Relay worker progress workerId:tandem-relay-s9-instance-2-w2, processed:40000, ok:40000, ko:0
00:16:17 INFO    com.codingful.tandem.jdbc.RelayWorker - Relay worker progress workerId:tandem-relay-s9-instance-1-w0, processed:40000, ok:40000, ko:0
00:16:21 INFO    com.codingful.tandem.jdbc.RelayWorker - Relay worker progress workerId:tandem-relay-s9-instance-1-w3, processed:40000, ok:40000, ko:0
00:16:28 INFO    com.codingful.tandem.jdbc.RelayWorker - Relay worker progress workerId:tandem-relay-s9-instance-1-w1, processed:40000, ok:40000, ko:0
00:16:39 INFO    com.codingful.tandem.jdbc.RelayWorker - Relay worker progress workerId:tandem-relay-s9-instance-1-w4, processed:40000, ok:40000, ko:0
00:16:47 INFO    com.codingful.tandem.jdbc.RelayWorker - Relay worker progress workerId:tandem-relay-s9-instance-2-w6, processed:40000, ok:40000, ko:0
00:16:52 INFO    com.codingful.tandem.jdbc.RelayWorker - Relay worker progress workerId:tandem-relay-s9-instance-2-w7, processed:40000, ok:40000, ko:0
00:17:06 INFO    com.codingful.tandem.jdbc.RelayWorker - Relay worker progress workerId:tandem-relay-s9-instance-1-w6, processed:40000, ok:40000, ko:0
00:17:06 INFO    com.codingful.tandem.jdbc.RelayWorker - Relay worker progress workerId:tandem-relay-s9-instance-2-w1, processed:40000, ok:40000, ko:0
00:17:24 INFO    com.codingful.tandem.jdbc.RelayWorker - Relay worker progress workerId:tandem-relay-s9-instance-2-w0, processed:40000, ok:40000, ko:0
00:17:39 INFO    com.codingful.tandem.jdbc.RelayWorker - Relay worker progress workerId:tandem-relay-s9-instance-1-w2, processed:40000, ok:40000, ko:0
00:17:39 INFO    com.codingful.tandem.jdbc.RelayWorker - Relay worker progress workerId:tandem-relay-s9-instance-1-w5, processed:40000, ok:40000, ko:0
00:17:40 INFO    com.codingful.tandem.jdbc.RelayWorker - Relay worker progress workerId:tandem-relay-s9-instance-2-w3, processed:40000, ok:40000, ko:0
00:21:47 INFO    com.codingful.tandem.jdbc.RelayWorker - Relay worker progress workerId:tandem-relay-s9-instance-1-w7, processed:50000, ok:50000, ko:0
00:22:00 INFO    com.codingful.tandem.jdbc.RelayWorker - Relay worker progress workerId:tandem-relay-s9-instance-2-w4, processed:50000, ok:50000, ko:0
00:22:03 INFO    com.codingful.tandem.jdbc.RelayWorker - Relay worker progress workerId:tandem-relay-s9-instance-2-w5, processed:50000, ok:50000, ko:0
00:22:14 INFO    com.codingful.tandem.jdbc.RelayWorker - Relay worker progress workerId:tandem-relay-s9-instance-2-w2, processed:50000, ok:50000, ko:0
00:22:56 INFO    com.codingful.tandem.jdbc.RelayWorker - Relay worker progress workerId:tandem-relay-s9-instance-1-w0, processed:50000, ok:50000, ko:0
00:22:57 INFO    com.codingful.tandem.jdbc.RelayWorker - Relay worker progress workerId:tandem-relay-s9-instance-1-w3, processed:50000, ok:50000, ko:0
00:23:03 SEVERE  com.codingful.tandem.jdbc.WorkerPool - Cleanup failed
00:23:10 INFO    com.codingful.tandem.jdbc.RelayWorker - Relay worker progress workerId:tandem-relay-s9-instance-1-w1, processed:50000, ok:50000, ko:0
00:23:26 INFO    com.codingful.tandem.jdbc.RelayWorker - Relay worker progress workerId:tandem-relay-s9-instance-1-w4, processed:50000, ok:50000, ko:0
00:23:31 INFO    com.codingful.tandem.jdbc.RelayWorker - Relay worker progress workerId:tandem-relay-s9-instance-2-w6, processed:50000, ok:50000, ko:0
00:23:46 INFO    com.codingful.tandem.jdbc.RelayWorker - Relay worker progress workerId:tandem-relay-s9-instance-2-w7, processed:50000, ok:50000, ko:0
00:23:57 INFO    com.codingful.tandem.jdbc.RelayWorker - Relay worker progress workerId:tandem-relay-s9-instance-1-w6, processed:50000, ok:50000, ko:0
00:24:01 INFO    com.codingful.tandem.jdbc.RelayWorker - Relay worker progress workerId:tandem-relay-s9-instance-2-w1, processed:50000, ok:50000, ko:0
00:24:06 SEVERE  com.codingful.tandem.jdbc.WorkerPool - Cleanup failed
00:24:22 INFO    com.codingful.tandem.jdbc.RelayWorker - Relay worker progress workerId:tandem-relay-s9-instance-2-w0, processed:50000, ok:50000, ko:0
00:24:34 INFO    com.codingful.tandem.jdbc.RelayWorker - Relay worker progress workerId:tandem-relay-s9-instance-1-w2, processed:50000, ok:50000, ko:0
00:24:38 INFO    com.codingful.tandem.jdbc.RelayWorker - Relay worker progress workerId:tandem-relay-s9-instance-2-w3, processed:50000, ok:50000, ko:0
00:24:49 INFO    com.codingful.tandem.jdbc.RelayWorker - Relay worker progress workerId:tandem-relay-s9-instance-1-w5, processed:50000, ok:50000, ko:0
00:25:08 SEVERE  com.codingful.tandem.jdbc.WorkerPool - Cleanup failed
00:25:39 SEVERE  com.codingful.tandem.jdbc.WorkerPool - Cleanup failed
00:26:11 SEVERE  com.codingful.tandem.jdbc.WorkerPool - Cleanup failed
00:28:04 INFO    com.codingful.tandem.jdbc.RelayWorker - Relay worker progress workerId:tandem-relay-s9-instance-1-w7, processed:60000, ok:60000, ko:0
00:28:32 INFO    com.codingful.tandem.jdbc.RelayWorker - Relay worker progress workerId:tandem-relay-s9-instance-2-w5, processed:60000, ok:60000, ko:0
00:28:37 INFO    com.codingful.tandem.jdbc.RelayWorker - Relay worker progress workerId:tandem-relay-s9-instance-2-w4, processed:60000, ok:60000, ko:0
00:28:48 INFO    com.codingful.tandem.jdbc.RelayWorker - Relay worker progress workerId:tandem-relay-s9-instance-2-w2, processed:60000, ok:60000, ko:0
00:29:35 INFO    com.codingful.tandem.jdbc.RelayWorker - Relay worker progress workerId:tandem-relay-s9-instance-1-w3, processed:60000, ok:60000, ko:0
00:29:40 INFO    com.codingful.tandem.jdbc.RelayWorker - Relay worker progress workerId:tandem-relay-s9-instance-1-w0, processed:60000, ok:60000, ko:0
00:29:56 INFO    com.codingful.tandem.jdbc.RelayWorker - Relay worker progress workerId:tandem-relay-s9-instance-1-w1, processed:60000, ok:60000, ko:0
00:30:04 INFO    com.codingful.tandem.jdbc.RelayWorker - Relay worker progress workerId:tandem-relay-s9-instance-1-w4, processed:60000, ok:60000, ko:0
S9 window  2 @00:30:16: 398.3/s delivered (398.3/s written), p50=59ms p99=168ms, pending=28 oldest=0s, buckets [128, 128] covered=256/256, outbox 435MB (39MB idx, 238770 rows, 91559 dead), heap=30MB threads=49 load=15.08
00:30:17 INFO    com.codingful.tandem.jdbc.RelayWorker - Relay worker progress workerId:tandem-relay-s9-instance-2-w6, processed:60000, ok:60000, ko:0
00:30:32 INFO    com.codingful.tandem.jdbc.RelayWorker - Relay worker progress workerId:tandem-relay-s9-instance-2-w7, processed:60000, ok:60000, ko:0
00:30:44 INFO    com.codingful.tandem.jdbc.RelayWorker - Relay worker progress workerId:tandem-relay-s9-instance-1-w6, processed:60000, ok:60000, ko:0
00:30:52 INFO    com.codingful.tandem.jdbc.RelayWorker - Relay worker progress workerId:tandem-relay-s9-instance-2-w1, processed:60000, ok:60000, ko:0
00:31:15 INFO    com.codingful.tandem.jdbc.RelayWorker - Relay worker progress workerId:tandem-relay-s9-instance-2-w0, processed:60000, ok:60000, ko:0
00:31:23 INFO    com.codingful.tandem.jdbc.RelayWorker - Relay worker progress workerId:tandem-relay-s9-instance-1-w2, processed:60000, ok:60000, ko:0
00:31:31 INFO    com.codingful.tandem.jdbc.RelayWorker - Relay worker progress workerId:tandem-relay-s9-instance-2-w3, processed:60000, ok:60000, ko:0
00:31:45 INFO    com.codingful.tandem.jdbc.RelayWorker - Relay worker progress workerId:tandem-relay-s9-instance-1-w5, processed:60000, ok:60000, ko:0
00:34:22 INFO    com.codingful.tandem.jdbc.RelayWorker - Relay worker progress workerId:tandem-relay-s9-instance-1-w7, processed:70000, ok:70000, ko:0
00:34:55 INFO    com.codingful.tandem.jdbc.RelayWorker - Relay worker progress workerId:tandem-relay-s9-instance-2-w5, processed:70000, ok:70000, ko:0
00:35:05 INFO    com.codingful.tandem.jdbc.RelayWorker - Relay worker progress workerId:tandem-relay-s9-instance-2-w4, processed:70000, ok:70000, ko:0
00:35:14 INFO    com.codingful.tandem.jdbc.RelayWorker - Relay worker progress workerId:tandem-relay-s9-instance-2-w2, processed:70000, ok:70000, ko:0
00:36:11 INFO    com.codingful.tandem.jdbc.RelayWorker - Relay worker progress workerId:tandem-relay-s9-instance-1-w3, processed:70000, ok:70000, ko:0
00:36:20 INFO    com.codingful.tandem.jdbc.RelayWorker - Relay worker progress workerId:tandem-relay-s9-instance-1-w0, processed:70000, ok:70000, ko:0
00:36:38 INFO    com.codingful.tandem.jdbc.RelayWorker - Relay worker progress workerId:tandem-relay-s9-instance-1-w1, processed:70000, ok:70000, ko:0
00:36:51 INFO    com.codingful.tandem.jdbc.RelayWorker - Relay worker progress workerId:tandem-relay-s9-instance-1-w4, processed:70000, ok:70000, ko:0
00:36:57 INFO    com.codingful.tandem.jdbc.RelayWorker - Relay worker progress workerId:tandem-relay-s9-instance-2-w6, processed:70000, ok:70000, ko:0
00:37:20 INFO    com.codingful.tandem.jdbc.RelayWorker - Relay worker progress workerId:tandem-relay-s9-instance-2-w7, processed:70000, ok:70000, ko:0
00:37:30 INFO    com.codingful.tandem.jdbc.RelayWorker - Relay worker progress workerId:tandem-relay-s9-instance-1-w6, processed:70000, ok:70000, ko:0
00:37:35 INFO    com.codingful.tandem.jdbc.RelayWorker - Relay worker progress workerId:tandem-relay-s9-instance-2-w1, processed:70000, ok:70000, ko:0
00:38:09 INFO    com.codingful.tandem.jdbc.RelayWorker - Relay worker progress workerId:tandem-relay-s9-instance-1-w2, processed:70000, ok:70000, ko:0
00:38:11 INFO    com.codingful.tandem.jdbc.RelayWorker - Relay worker progress workerId:tandem-relay-s9-instance-2-w0, processed:70000, ok:70000, ko:0
00:38:23 INFO    com.codingful.tandem.jdbc.RelayWorker - Relay worker progress workerId:tandem-relay-s9-instance-2-w3, processed:70000, ok:70000, ko:0
00:38:46 INFO    com.codingful.tandem.jdbc.RelayWorker - Relay worker progress workerId:tandem-relay-s9-instance-1-w5, processed:70000, ok:70000, ko:0
00:40:44 INFO    com.codingful.tandem.jdbc.RelayWorker - Relay worker progress workerId:tandem-relay-s9-instance-1-w7, processed:80000, ok:80000, ko:0
00:41:18 INFO    com.codingful.tandem.jdbc.RelayWorker - Relay worker progress workerId:tandem-relay-s9-instance-2-w5, processed:80000, ok:80000, ko:0
00:41:37 INFO    com.codingful.tandem.jdbc.RelayWorker - Relay worker progress workerId:tandem-relay-s9-instance-2-w4, processed:80000, ok:80000, ko:0
00:41:40 INFO    com.codingful.tandem.jdbc.RelayWorker - Relay worker progress workerId:tandem-relay-s9-instance-2-w2, processed:80000, ok:80000, ko:0
00:42:46 INFO    com.codingful.tandem.jdbc.RelayWorker - Relay worker progress workerId:tandem-relay-s9-instance-1-w3, processed:80000, ok:80000, ko:0
00:42:56 INFO    com.codingful.tandem.jdbc.RelayWorker - Relay worker progress workerId:tandem-relay-s9-instance-1-w0, processed:80000, ok:80000, ko:0
00:43:18 INFO    com.codingful.tandem.jdbc.RelayWorker - Relay worker progress workerId:tandem-relay-s9-instance-1-w1, processed:80000, ok:80000, ko:0
00:43:33 INFO    com.codingful.tandem.jdbc.RelayWorker - Relay worker progress workerId:tandem-relay-s9-instance-1-w4, processed:80000, ok:80000, ko:0
00:43:35 INFO    com.codingful.tandem.jdbc.RelayWorker - Relay worker progress workerId:tandem-relay-s9-instance-2-w6, processed:80000, ok:80000, ko:0
00:44:01 INFO    com.codingful.tandem.jdbc.RelayWorker - Relay worker progress workerId:tandem-relay-s9-instance-2-w7, processed:80000, ok:80000, ko:0
00:44:17 INFO    com.codingful.tandem.jdbc.RelayWorker - Relay worker progress workerId:tandem-relay-s9-instance-1-w6, processed:80000, ok:80000, ko:0
00:44:27 INFO    com.codingful.tandem.jdbc.RelayWorker - Relay worker progress workerId:tandem-relay-s9-instance-2-w1, processed:80000, ok:80000, ko:0
00:45:00 INFO    com.codingful.tandem.jdbc.RelayWorker - Relay worker progress workerId:tandem-relay-s9-instance-1-w2, processed:80000, ok:80000, ko:0
00:45:03 INFO    com.codingful.tandem.jdbc.RelayWorker - Relay worker progress workerId:tandem-relay-s9-instance-2-w0, processed:80000, ok:80000, ko:0
00:45:17 INFO    com.codingful.tandem.jdbc.RelayWorker - Relay worker progress workerId:tandem-relay-s9-instance-2-w3, processed:80000, ok:80000, ko:0
00:45:46 INFO    com.codingful.tandem.jdbc.RelayWorker - Relay worker progress workerId:tandem-relay-s9-instance-1-w5, processed:80000, ok:80000, ko:0
00:46:59 INFO    com.codingful.tandem.jdbc.RelayWorker - Relay worker progress workerId:tandem-relay-s9-instance-1-w7, processed:90000, ok:90000, ko:0
00:47:42 INFO    com.codingful.tandem.jdbc.RelayWorker - Relay worker progress workerId:tandem-relay-s9-instance-2-w5, processed:90000, ok:90000, ko:0
00:47:58 INFO    com.codingful.tandem.jdbc.RelayWorker - Relay worker progress workerId:tandem-relay-s9-instance-2-w4, processed:90000, ok:90000, ko:0
00:48:07 INFO    com.codingful.tandem.jdbc.RelayWorker - Relay worker progress workerId:tandem-relay-s9-instance-2-w2, processed:90000, ok:90000, ko:0
00:49:23 INFO    com.codingful.tandem.jdbc.RelayWorker - Relay worker progress workerId:tandem-relay-s9-instance-1-w3, processed:90000, ok:90000, ko:0
00:49:28 INFO    com.codingful.tandem.jdbc.RelayWorker - Relay worker progress workerId:tandem-relay-s9-instance-1-w0, processed:90000, ok:90000, ko:0
00:49:53 INFO    com.codingful.tandem.jdbc.RelayWorker - Relay worker progress workerId:tandem-relay-s9-instance-1-w1, processed:90000, ok:90000, ko:0
00:50:08 INFO    com.codingful.tandem.jdbc.RelayWorker - Relay worker progress workerId:tandem-relay-s9-instance-1-w4, processed:90000, ok:90000, ko:0
00:50:16 INFO    com.codingful.tandem.jdbc.RelayWorker - Relay worker progress workerId:tandem-relay-s9-instance-2-w6, processed:90000, ok:90000, ko:0
S9 window  3 @00:50:16: 399.9/s delivered (399.9/s written), p50=60ms p99=160ms, pending=18 oldest=0s, buckets [128, 128] covered=256/256, outbox 441MB (41MB idx, 241079 rows, 91 dead), heap=74MB threads=50 load=4.21
00:50:46 INFO    com.codingful.tandem.jdbc.RelayWorker - Relay worker progress workerId:tandem-relay-s9-instance-2-w7, processed:90000, ok:90000, ko:0
00:51:05 INFO    com.codingful.tandem.jdbc.RelayWorker - Relay worker progress workerId:tandem-relay-s9-instance-1-w6, processed:90000, ok:90000, ko:0
00:51:18 INFO    com.codingful.tandem.jdbc.RelayWorker - Relay worker progress workerId:tandem-relay-s9-instance-2-w1, processed:90000, ok:90000, ko:0
00:51:55 INFO    com.codingful.tandem.jdbc.RelayWorker - Relay worker progress workerId:tandem-relay-s9-instance-1-w2, processed:90000, ok:90000, ko:0
00:52:04 INFO    com.codingful.tandem.jdbc.RelayWorker - Relay worker progress workerId:tandem-relay-s9-instance-2-w0, processed:90000, ok:90000, ko:0
00:52:18 INFO    com.codingful.tandem.jdbc.RelayWorker - Relay worker progress workerId:tandem-relay-s9-instance-2-w3, processed:90000, ok:90000, ko:0
00:52:48 INFO    com.codingful.tandem.jdbc.RelayWorker - Relay worker progress workerId:tandem-relay-s9-instance-1-w5, processed:90000, ok:90000, ko:0
00:53:17 INFO    com.codingful.tandem.jdbc.RelayWorker - Relay worker progress workerId:tandem-relay-s9-instance-1-w7, processed:100000, ok:100000, ko:0
00:54:03 INFO    com.codingful.tandem.jdbc.RelayWorker - Relay worker progress workerId:tandem-relay-s9-instance-2-w5, processed:100000, ok:100000, ko:0
00:54:26 INFO    com.codingful.tandem.jdbc.RelayWorker - Relay worker progress workerId:tandem-relay-s9-instance-2-w4, processed:100000, ok:100000, ko:0
00:54:33 INFO    com.codingful.tandem.jdbc.RelayWorker - Relay worker progress workerId:tandem-relay-s9-instance-2-w2, processed:100000, ok:100000, ko:0
00:55:55 INFO    com.codingful.tandem.jdbc.RelayWorker - Relay worker progress workerId:tandem-relay-s9-instance-1-w3, processed:100000, ok:100000, ko:0
00:56:03 INFO    com.codingful.tandem.jdbc.RelayWorker - Relay worker progress workerId:tandem-relay-s9-instance-1-w0, processed:100000, ok:100000, ko:0
00:56:35 INFO    com.codingful.tandem.jdbc.RelayWorker - Relay worker progress workerId:tandem-relay-s9-instance-1-w1, processed:100000, ok:100000, ko:0
00:56:52 INFO    com.codingful.tandem.jdbc.RelayWorker - Relay worker progress workerId:tandem-relay-s9-instance-1-w4, processed:100000, ok:100000, ko:0
00:56:59 INFO    com.codingful.tandem.jdbc.RelayWorker - Relay worker progress workerId:tandem-relay-s9-instance-2-w6, processed:100000, ok:100000, ko:0
00:57:38 INFO    com.codingful.tandem.jdbc.RelayWorker - Relay worker progress workerId:tandem-relay-s9-instance-2-w7, processed:100000, ok:100000, ko:0
00:57:47 INFO    com.codingful.tandem.jdbc.RelayWorker - Relay worker progress workerId:tandem-relay-s9-instance-1-w6, processed:100000, ok:100000, ko:0
00:58:07 INFO    com.codingful.tandem.jdbc.RelayWorker - Relay worker progress workerId:tandem-relay-s9-instance-2-w1, processed:100000, ok:100000, ko:0
00:58:52 INFO    com.codingful.tandem.jdbc.RelayWorker - Relay worker progress workerId:tandem-relay-s9-instance-1-w2, processed:100000, ok:100000, ko:0
00:58:57 INFO    com.codingful.tandem.jdbc.RelayWorker - Relay worker progress workerId:tandem-relay-s9-instance-2-w0, processed:100000, ok:100000, ko:0
00:59:13 INFO    com.codingful.tandem.jdbc.RelayWorker - Relay worker progress workerId:tandem-relay-s9-instance-2-w3, processed:100000, ok:100000, ko:0
00:59:34 INFO    com.codingful.tandem.jdbc.RelayWorker - Relay worker progress workerId:tandem-relay-s9-instance-1-w7, processed:110000, ok:110000, ko:0
00:59:44 INFO    com.codingful.tandem.jdbc.RelayWorker - Relay worker progress workerId:tandem-relay-s9-instance-1-w5, processed:100000, ok:100000, ko:0
01:00:28 INFO    com.codingful.tandem.jdbc.RelayWorker - Relay worker progress workerId:tandem-relay-s9-instance-2-w5, processed:110000, ok:110000, ko:0
01:00:57 INFO    com.codingful.tandem.jdbc.RelayWorker - Relay worker progress workerId:tandem-relay-s9-instance-2-w4, processed:110000, ok:110000, ko:0
01:01:00 INFO    com.codingful.tandem.jdbc.RelayWorker - Relay worker progress workerId:tandem-relay-s9-instance-2-w2, processed:110000, ok:110000, ko:0
01:02:27 INFO    com.codingful.tandem.jdbc.RelayWorker - Relay worker progress workerId:tandem-relay-s9-instance-1-w3, processed:110000, ok:110000, ko:0
01:02:38 INFO    com.codingful.tandem.jdbc.RelayWorker - Relay worker progress workerId:tandem-relay-s9-instance-1-w0, processed:110000, ok:110000, ko:0
01:03:12 INFO    com.codingful.tandem.jdbc.RelayWorker - Relay worker progress workerId:tandem-relay-s9-instance-1-w1, processed:110000, ok:110000, ko:0
01:03:31 INFO    com.codingful.tandem.jdbc.RelayWorker - Relay worker progress workerId:tandem-relay-s9-instance-1-w4, processed:110000, ok:110000, ko:0
01:03:40 INFO    com.codingful.tandem.jdbc.RelayWorker - Relay worker progress workerId:tandem-relay-s9-instance-2-w6, processed:110000, ok:110000, ko:0
01:04:22 INFO    com.codingful.tandem.jdbc.RelayWorker - Relay worker progress workerId:tandem-relay-s9-instance-2-w7, processed:110000, ok:110000, ko:0
01:04:36 INFO    com.codingful.tandem.jdbc.RelayWorker - Relay worker progress workerId:tandem-relay-s9-instance-1-w6, processed:110000, ok:110000, ko:0
01:04:48 INFO    com.codingful.tandem.jdbc.RelayWorker - Relay worker progress workerId:tandem-relay-s9-instance-2-w1, processed:110000, ok:110000, ko:0
01:05:41 INFO    com.codingful.tandem.jdbc.RelayWorker - Relay worker progress workerId:tandem-relay-s9-instance-1-w2, processed:110000, ok:110000, ko:0
01:05:51 INFO    com.codingful.tandem.jdbc.RelayWorker - Relay worker progress workerId:tandem-relay-s9-instance-2-w0, processed:110000, ok:110000, ko:0
01:05:58 INFO    com.codingful.tandem.jdbc.RelayWorker - Relay worker progress workerId:tandem-relay-s9-instance-1-w7, processed:120000, ok:120000, ko:0
01:06:08 INFO    com.codingful.tandem.jdbc.RelayWorker - Relay worker progress workerId:tandem-relay-s9-instance-2-w3, processed:110000, ok:110000, ko:0
01:06:42 INFO    com.codingful.tandem.jdbc.RelayWorker - Relay worker progress workerId:tandem-relay-s9-instance-1-w5, processed:110000, ok:110000, ko:0
01:06:53 INFO    com.codingful.tandem.jdbc.RelayWorker - Relay worker progress workerId:tandem-relay-s9-instance-2-w5, processed:120000, ok:120000, ko:0
01:07:22 INFO    com.codingful.tandem.jdbc.RelayWorker - Relay worker progress workerId:tandem-relay-s9-instance-2-w4, processed:120000, ok:120000, ko:0
01:07:33 INFO    com.codingful.tandem.jdbc.RelayWorker - Relay worker progress workerId:tandem-relay-s9-instance-2-w2, processed:120000, ok:120000, ko:0
01:08:54 INFO    com.codingful.tandem.jdbc.RelayWorker - Relay worker progress workerId:tandem-relay-s9-instance-1-w3, processed:120000, ok:120000, ko:0
01:09:11 INFO    com.codingful.tandem.jdbc.RelayWorker - Relay worker progress workerId:tandem-relay-s9-instance-1-w0, processed:120000, ok:120000, ko:0
01:09:52 INFO    com.codingful.tandem.jdbc.RelayWorker - Relay worker progress workerId:tandem-relay-s9-instance-1-w1, processed:120000, ok:120000, ko:0
01:10:11 INFO    com.codingful.tandem.jdbc.RelayWorker - Relay worker progress workerId:tandem-relay-s9-instance-1-w4, processed:120000, ok:120000, ko:0
S9 window  4 @01:10:17: 399.8/s delivered (399.8/s written), p50=59ms p99=160ms, pending=54 oldest=0s, buckets [128, 128] covered=256/256, outbox 445MB (42MB idx, 240522 rows, 157 dead), heap=65MB threads=50 load=5.54
01:10:20 INFO    com.codingful.tandem.jdbc.RelayWorker - Relay worker progress workerId:tandem-relay-s9-instance-2-w6, processed:120000, ok:120000, ko:0
01:11:08 INFO    com.codingful.tandem.jdbc.RelayWorker - Relay worker progress workerId:tandem-relay-s9-instance-2-w7, processed:120000, ok:120000, ko:0
01:11:20 INFO    com.codingful.tandem.jdbc.RelayWorker - Relay worker progress workerId:tandem-relay-s9-instance-1-w6, processed:120000, ok:120000, ko:0
01:11:36 INFO    com.codingful.tandem.jdbc.RelayWorker - Relay worker progress workerId:tandem-relay-s9-instance-2-w1, processed:120000, ok:120000, ko:0
01:12:24 INFO    com.codingful.tandem.jdbc.RelayWorker - Relay worker progress workerId:tandem-relay-s9-instance-1-w7, processed:130000, ok:130000, ko:0
01:12:43 INFO    com.codingful.tandem.jdbc.RelayWorker - Relay worker progress workerId:tandem-relay-s9-instance-1-w2, processed:120000, ok:120000, ko:0
01:12:45 INFO    com.codingful.tandem.jdbc.RelayWorker - Relay worker progress workerId:tandem-relay-s9-instance-2-w0, processed:120000, ok:120000, ko:0
01:13:06 INFO    com.codingful.tandem.jdbc.RelayWorker - Relay worker progress workerId:tandem-relay-s9-instance-2-w3, processed:120000, ok:120000, ko:0
01:13:18 INFO    com.codingful.tandem.jdbc.RelayWorker - Relay worker progress workerId:tandem-relay-s9-instance-2-w5, processed:130000, ok:130000, ko:0
01:13:39 INFO    com.codingful.tandem.jdbc.RelayWorker - Relay worker progress workerId:tandem-relay-s9-instance-1-w5, processed:120000, ok:120000, ko:0
01:13:42 INFO    com.codingful.tandem.jdbc.RelayWorker - Relay worker progress workerId:tandem-relay-s9-instance-2-w4, processed:130000, ok:130000, ko:0
01:14:03 INFO    com.codingful.tandem.jdbc.RelayWorker - Relay worker progress workerId:tandem-relay-s9-instance-2-w2, processed:130000, ok:130000, ko:0
01:15:26 INFO    com.codingful.tandem.jdbc.RelayWorker - Relay worker progress workerId:tandem-relay-s9-instance-1-w3, processed:130000, ok:130000, ko:0
01:15:47 INFO    com.codingful.tandem.jdbc.RelayWorker - Relay worker progress workerId:tandem-relay-s9-instance-1-w0, processed:130000, ok:130000, ko:0
01:16:35 INFO    com.codingful.tandem.jdbc.RelayWorker - Relay worker progress workerId:tandem-relay-s9-instance-1-w1, processed:130000, ok:130000, ko:0
01:16:47 INFO    com.codingful.tandem.jdbc.RelayWorker - Relay worker progress workerId:tandem-relay-s9-instance-1-w4, processed:130000, ok:130000, ko:0
01:17:01 INFO    com.codingful.tandem.jdbc.RelayWorker - Relay worker progress workerId:tandem-relay-s9-instance-2-w6, processed:130000, ok:130000, ko:0
01:17:51 INFO    com.codingful.tandem.jdbc.RelayWorker - Relay worker progress workerId:tandem-relay-s9-instance-2-w7, processed:130000, ok:130000, ko:0
01:17:57 SEVERE  com.codingful.tandem.jdbc.WorkerPool - Cleanup failed
01:18:06 INFO    com.codingful.tandem.jdbc.RelayWorker - Relay worker progress workerId:tandem-relay-s9-instance-1-w6, processed:130000, ok:130000, ko:0
01:18:27 INFO    com.codingful.tandem.jdbc.RelayWorker - Relay worker progress workerId:tandem-relay-s9-instance-2-w1, processed:130000, ok:130000, ko:0
01:18:44 INFO    com.codingful.tandem.jdbc.RelayWorker - Relay worker progress workerId:tandem-relay-s9-instance-1-w7, processed:140000, ok:140000, ko:0
01:18:59 SEVERE  com.codingful.tandem.jdbc.WorkerPool - Cleanup failed
01:19:34 INFO    com.codingful.tandem.jdbc.RelayWorker - Relay worker progress workerId:tandem-relay-s9-instance-2-w0, processed:130000, ok:130000, ko:0
01:19:38 INFO    com.codingful.tandem.jdbc.RelayWorker - Relay worker progress workerId:tandem-relay-s9-instance-1-w2, processed:130000, ok:130000, ko:0
01:19:40 INFO    com.codingful.tandem.jdbc.RelayWorker - Relay worker progress workerId:tandem-relay-s9-instance-2-w5, processed:140000, ok:140000, ko:0
01:19:59 INFO    com.codingful.tandem.jdbc.RelayWorker - Relay worker progress workerId:tandem-relay-s9-instance-2-w3, processed:130000, ok:130000, ko:0
01:20:01 SEVERE  com.codingful.tandem.jdbc.WorkerPool - Cleanup failed
01:20:12 INFO    com.codingful.tandem.jdbc.RelayWorker - Relay worker progress workerId:tandem-relay-s9-instance-2-w4, processed:140000, ok:140000, ko:0
01:20:33 INFO    com.codingful.tandem.jdbc.RelayWorker - Relay worker progress workerId:tandem-relay-s9-instance-2-w2, processed:140000, ok:140000, ko:0
01:20:39 INFO    com.codingful.tandem.jdbc.RelayWorker - Relay worker progress workerId:tandem-relay-s9-instance-1-w5, processed:130000, ok:130000, ko:0
01:22:05 INFO    com.codingful.tandem.jdbc.RelayWorker - Relay worker progress workerId:tandem-relay-s9-instance-1-w3, processed:140000, ok:140000, ko:0
01:22:24 INFO    com.codingful.tandem.jdbc.RelayWorker - Relay worker progress workerId:tandem-relay-s9-instance-1-w0, processed:140000, ok:140000, ko:0
01:23:06 SEVERE  com.codingful.tandem.jdbc.WorkerPool - Cleanup failed
01:23:19 INFO    com.codingful.tandem.jdbc.RelayWorker - Relay worker progress workerId:tandem-relay-s9-instance-1-w1, processed:140000, ok:140000, ko:0
01:23:28 INFO    com.codingful.tandem.jdbc.RelayWorker - Relay worker progress workerId:tandem-relay-s9-instance-1-w4, processed:140000, ok:140000, ko:0
01:23:39 INFO    com.codingful.tandem.jdbc.RelayWorker - Relay worker progress workerId:tandem-relay-s9-instance-2-w6, processed:140000, ok:140000, ko:0
01:24:35 INFO    com.codingful.tandem.jdbc.RelayWorker - Relay worker progress workerId:tandem-relay-s9-instance-2-w7, processed:140000, ok:140000, ko:0
01:24:44 INFO    com.codingful.tandem.jdbc.RelayWorker - Relay worker progress workerId:tandem-relay-s9-instance-1-w6, processed:140000, ok:140000, ko:0
01:25:03 INFO    com.codingful.tandem.jdbc.RelayWorker - Relay worker progress workerId:tandem-relay-s9-instance-1-w7, processed:150000, ok:150000, ko:0
01:25:20 INFO    com.codingful.tandem.jdbc.RelayWorker - Relay worker progress workerId:tandem-relay-s9-instance-2-w1, processed:140000, ok:140000, ko:0
01:26:02 INFO    com.codingful.tandem.jdbc.RelayWorker - Relay worker progress workerId:tandem-relay-s9-instance-2-w5, processed:150000, ok:150000, ko:0
01:26:25 INFO    com.codingful.tandem.jdbc.RelayWorker - Relay worker progress workerId:tandem-relay-s9-instance-2-w0, processed:140000, ok:140000, ko:0
01:26:36 INFO    com.codingful.tandem.jdbc.RelayWorker - Relay worker progress workerId:tandem-relay-s9-instance-1-w2, processed:140000, ok:140000, ko:0
01:26:38 INFO    com.codingful.tandem.jdbc.RelayWorker - Relay worker progress workerId:tandem-relay-s9-instance-2-w4, processed:150000, ok:150000, ko:0
01:26:49 INFO    com.codingful.tandem.jdbc.RelayWorker - Relay worker progress workerId:tandem-relay-s9-instance-2-w3, processed:140000, ok:140000, ko:0
01:27:07 INFO    com.codingful.tandem.jdbc.RelayWorker - Relay worker progress workerId:tandem-relay-s9-instance-2-w2, processed:150000, ok:150000, ko:0
01:27:46 INFO    com.codingful.tandem.jdbc.RelayWorker - Relay worker progress workerId:tandem-relay-s9-instance-1-w5, processed:140000, ok:140000, ko:0
01:28:44 INFO    com.codingful.tandem.jdbc.RelayWorker - Relay worker progress workerId:tandem-relay-s9-instance-1-w3, processed:150000, ok:150000, ko:0
01:29:00 INFO    com.codingful.tandem.jdbc.RelayWorker - Relay worker progress workerId:tandem-relay-s9-instance-1-w0, processed:150000, ok:150000, ko:0
01:29:57 INFO    com.codingful.tandem.jdbc.RelayWorker - Relay worker progress workerId:tandem-relay-s9-instance-1-w1, processed:150000, ok:150000, ko:0
01:30:10 INFO    com.codingful.tandem.jdbc.RelayWorker - Relay worker progress workerId:tandem-relay-s9-instance-1-w4, processed:150000, ok:150000, ko:0
S9 window  5 @01:30:17: 399.5/s delivered (399.5/s written), p50=60ms p99=168ms, pending=32 oldest=0s, buckets [128, 128] covered=256/256, outbox 446MB (42MB idx, 239455 rows, 142 dead), heap=65MB threads=49 load=11.90
01:30:18 INFO    com.codingful.tandem.jdbc.RelayWorker - Relay worker progress workerId:tandem-relay-s9-instance-2-w6, processed:150000, ok:150000, ko:0
01:31:21 INFO    com.codingful.tandem.jdbc.RelayWorker - Relay worker progress workerId:tandem-relay-s9-instance-2-w7, processed:150000, ok:150000, ko:0
01:31:23 INFO    com.codingful.tandem.jdbc.RelayWorker - Relay worker progress workerId:tandem-relay-s9-instance-1-w7, processed:160000, ok:160000, ko:0
01:31:34 INFO    com.codingful.tandem.jdbc.RelayWorker - Relay worker progress workerId:tandem-relay-s9-instance-1-w6, processed:150000, ok:150000, ko:0
01:32:09 INFO    com.codingful.tandem.jdbc.RelayWorker - Relay worker progress workerId:tandem-relay-s9-instance-2-w1, processed:150000, ok:150000, ko:0
01:32:25 INFO    com.codingful.tandem.jdbc.RelayWorker - Relay worker progress workerId:tandem-relay-s9-instance-2-w5, processed:160000, ok:160000, ko:0
01:33:02 INFO    com.codingful.tandem.jdbc.RelayWorker - Relay worker progress workerId:tandem-relay-s9-instance-2-w4, processed:160000, ok:160000, ko:0
01:33:21 INFO    com.codingful.tandem.jdbc.RelayWorker - Relay worker progress workerId:tandem-relay-s9-instance-2-w0, processed:150000, ok:150000, ko:0
01:33:28 INFO    com.codingful.tandem.jdbc.RelayWorker - Relay worker progress workerId:tandem-relay-s9-instance-1-w2, processed:150000, ok:150000, ko:0
01:33:37 INFO    com.codingful.tandem.jdbc.RelayWorker - Relay worker progress workerId:tandem-relay-s9-instance-2-w3, processed:150000, ok:150000, ko:0
01:33:42 INFO    com.codingful.tandem.jdbc.RelayWorker - Relay worker progress workerId:tandem-relay-s9-instance-2-w2, processed:160000, ok:160000, ko:0
01:34:51 INFO    com.codingful.tandem.jdbc.RelayWorker - Relay worker progress workerId:tandem-relay-s9-instance-1-w5, processed:150000, ok:150000, ko:0
01:35:22 INFO    com.codingful.tandem.jdbc.RelayWorker - Relay worker progress workerId:tandem-relay-s9-instance-1-w3, processed:160000, ok:160000, ko:0
01:35:32 INFO    com.codingful.tandem.jdbc.RelayWorker - Relay worker progress workerId:tandem-relay-s9-instance-1-w0, processed:160000, ok:160000, ko:0
01:36:35 INFO    com.codingful.tandem.jdbc.RelayWorker - Relay worker progress workerId:tandem-relay-s9-instance-1-w1, processed:160000, ok:160000, ko:0
01:36:49 INFO    com.codingful.tandem.jdbc.RelayWorker - Relay worker progress workerId:tandem-relay-s9-instance-1-w4, processed:160000, ok:160000, ko:0
01:37:00 INFO    com.codingful.tandem.jdbc.RelayWorker - Relay worker progress workerId:tandem-relay-s9-instance-2-w6, processed:160000, ok:160000, ko:0
01:37:47 INFO    com.codingful.tandem.jdbc.RelayWorker - Relay worker progress workerId:tandem-relay-s9-instance-1-w7, processed:170000, ok:170000, ko:0
01:38:03 INFO    com.codingful.tandem.jdbc.RelayWorker - Relay worker progress workerId:tandem-relay-s9-instance-2-w7, processed:160000, ok:160000, ko:0
01:38:25 INFO    com.codingful.tandem.jdbc.RelayWorker - Relay worker progress workerId:tandem-relay-s9-instance-1-w6, processed:160000, ok:160000, ko:0
01:38:54 INFO    com.codingful.tandem.jdbc.RelayWorker - Relay worker progress workerId:tandem-relay-s9-instance-2-w5, processed:170000, ok:170000, ko:0
01:38:59 INFO    com.codingful.tandem.jdbc.RelayWorker - Relay worker progress workerId:tandem-relay-s9-instance-2-w1, processed:160000, ok:160000, ko:0
01:39:28 INFO    com.codingful.tandem.jdbc.RelayWorker - Relay worker progress workerId:tandem-relay-s9-instance-2-w4, processed:170000, ok:170000, ko:0
01:40:06 INFO    com.codingful.tandem.jdbc.RelayWorker - Relay worker progress workerId:tandem-relay-s9-instance-2-w2, processed:170000, ok:170000, ko:0
01:40:08 INFO    com.codingful.tandem.jdbc.RelayWorker - Relay worker progress workerId:tandem-relay-s9-instance-2-w0, processed:160000, ok:160000, ko:0
01:40:19 INFO    com.codingful.tandem.jdbc.RelayWorker - Relay worker progress workerId:tandem-relay-s9-instance-1-w2, processed:160000, ok:160000, ko:0
01:40:34 INFO    com.codingful.tandem.jdbc.RelayWorker - Relay worker progress workerId:tandem-relay-s9-instance-2-w3, processed:160000, ok:160000, ko:0
01:41:52 INFO    com.codingful.tandem.jdbc.RelayWorker - Relay worker progress workerId:tandem-relay-s9-instance-1-w3, processed:170000, ok:170000, ko:0
01:41:59 INFO    com.codingful.tandem.jdbc.RelayWorker - Relay worker progress workerId:tandem-relay-s9-instance-1-w5, processed:160000, ok:160000, ko:0
01:42:09 INFO    com.codingful.tandem.jdbc.RelayWorker - Relay worker progress workerId:tandem-relay-s9-instance-1-w0, processed:170000, ok:170000, ko:0
01:43:16 INFO    com.codingful.tandem.jdbc.RelayWorker - Relay worker progress workerId:tandem-relay-s9-instance-1-w1, processed:170000, ok:170000, ko:0
01:43:26 INFO    com.codingful.tandem.jdbc.RelayWorker - Relay worker progress workerId:tandem-relay-s9-instance-1-w4, processed:170000, ok:170000, ko:0
01:43:45 INFO    com.codingful.tandem.jdbc.RelayWorker - Relay worker progress workerId:tandem-relay-s9-instance-2-w6, processed:170000, ok:170000, ko:0
01:43:58 INFO    com.codingful.tandem.jdbc.RelayWorker - Relay worker progress workerId:tandem-relay-s9-instance-1-w7, processed:180000, ok:180000, ko:0
01:44:47 INFO    com.codingful.tandem.jdbc.RelayWorker - Relay worker progress workerId:tandem-relay-s9-instance-2-w7, processed:170000, ok:170000, ko:0
01:45:15 INFO    com.codingful.tandem.jdbc.RelayWorker - Relay worker progress workerId:tandem-relay-s9-instance-2-w5, processed:180000, ok:180000, ko:0
01:45:17 INFO    com.codingful.tandem.jdbc.RelayWorker - Relay worker progress workerId:tandem-relay-s9-instance-1-w6, processed:170000, ok:170000, ko:0
01:45:40 INFO    com.codingful.tandem.jdbc.RelayWorker - Relay worker progress workerId:tandem-relay-s9-instance-2-w1, processed:170000, ok:170000, ko:0
01:45:53 INFO    com.codingful.tandem.jdbc.RelayWorker - Relay worker progress workerId:tandem-relay-s9-instance-2-w4, processed:180000, ok:180000, ko:0
01:46:33 INFO    com.codingful.tandem.jdbc.RelayWorker - Relay worker progress workerId:tandem-relay-s9-instance-2-w2, processed:180000, ok:180000, ko:0
01:47:08 INFO    com.codingful.tandem.jdbc.RelayWorker - Relay worker progress workerId:tandem-relay-s9-instance-2-w0, processed:170000, ok:170000, ko:0
01:47:13 INFO    com.codingful.tandem.jdbc.RelayWorker - Relay worker progress workerId:tandem-relay-s9-instance-1-w2, processed:170000, ok:170000, ko:0
01:47:23 INFO    com.codingful.tandem.jdbc.RelayWorker - Relay worker progress workerId:tandem-relay-s9-instance-2-w3, processed:170000, ok:170000, ko:0
01:48:31 INFO    com.codingful.tandem.jdbc.RelayWorker - Relay worker progress workerId:tandem-relay-s9-instance-1-w3, processed:180000, ok:180000, ko:0
01:48:50 INFO    com.codingful.tandem.jdbc.RelayWorker - Relay worker progress workerId:tandem-relay-s9-instance-1-w0, processed:180000, ok:180000, ko:0
01:48:59 INFO    com.codingful.tandem.jdbc.RelayWorker - Relay worker progress workerId:tandem-relay-s9-instance-1-w5, processed:170000, ok:170000, ko:0
01:50:01 INFO    com.codingful.tandem.jdbc.RelayWorker - Relay worker progress workerId:tandem-relay-s9-instance-1-w1, processed:180000, ok:180000, ko:0
01:50:06 INFO    com.codingful.tandem.jdbc.RelayWorker - Relay worker progress workerId:tandem-relay-s9-instance-1-w4, processed:180000, ok:180000, ko:0
S9 window  6 @01:50:17: 399.5/s delivered (399.5/s written), p50=59ms p99=161ms, pending=23 oldest=0s, buckets [128, 128] covered=256/256, outbox 443MB (42MB idx, 250186 rows, 760 dead), heap=47MB threads=49 load=5.78
01:50:18 INFO    com.codingful.tandem.jdbc.RelayWorker - Relay worker progress workerId:tandem-relay-s9-instance-1-w7, processed:190000, ok:190000, ko:0
01:50:25 INFO    com.codingful.tandem.jdbc.RelayWorker - Relay worker progress workerId:tandem-relay-s9-instance-2-w6, processed:180000, ok:180000, ko:0
01:51:32 INFO    com.codingful.tandem.jdbc.RelayWorker - Relay worker progress workerId:tandem-relay-s9-instance-2-w7, processed:180000, ok:180000, ko:0
01:51:44 INFO    com.codingful.tandem.jdbc.RelayWorker - Relay worker progress workerId:tandem-relay-s9-instance-2-w5, processed:190000, ok:190000, ko:0
01:52:08 INFO    com.codingful.tandem.jdbc.RelayWorker - Relay worker progress workerId:tandem-relay-s9-instance-1-w6, processed:180000, ok:180000, ko:0
01:52:17 INFO    com.codingful.tandem.jdbc.RelayWorker - Relay worker progress workerId:tandem-relay-s9-instance-2-w4, processed:190000, ok:190000, ko:0
01:52:24 INFO    com.codingful.tandem.jdbc.RelayWorker - Relay worker progress workerId:tandem-relay-s9-instance-2-w1, processed:180000, ok:180000, ko:0
01:52:58 INFO    com.codingful.tandem.jdbc.RelayWorker - Relay worker progress workerId:tandem-relay-s9-instance-2-w2, processed:190000, ok:190000, ko:0
01:54:04 INFO    com.codingful.tandem.jdbc.RelayWorker - Relay worker progress workerId:tandem-relay-s9-instance-1-w2, processed:180000, ok:180000, ko:0
01:54:06 INFO    com.codingful.tandem.jdbc.RelayWorker - Relay worker progress workerId:tandem-relay-s9-instance-2-w0, processed:180000, ok:180000, ko:0
01:54:17 INFO    com.codingful.tandem.jdbc.RelayWorker - Relay worker progress workerId:tandem-relay-s9-instance-2-w3, processed:180000, ok:180000, ko:0
01:55:04 INFO    com.codingful.tandem.jdbc.RelayWorker - Relay worker progress workerId:tandem-relay-s9-instance-1-w3, processed:190000, ok:190000, ko:0
01:55:24 INFO    com.codingful.tandem.jdbc.RelayWorker - Relay worker progress workerId:tandem-relay-s9-instance-1-w0, processed:190000, ok:190000, ko:0
01:56:03 INFO    com.codingful.tandem.jdbc.RelayWorker - Relay worker progress workerId:tandem-relay-s9-instance-1-w5, processed:180000, ok:180000, ko:0
01:56:41 INFO    com.codingful.tandem.jdbc.RelayWorker - Relay worker progress workerId:tandem-relay-s9-instance-1-w7, processed:200000, ok:200000, ko:0
01:56:45 INFO    com.codingful.tandem.jdbc.RelayWorker - Relay worker progress workerId:tandem-relay-s9-instance-1-w1, processed:190000, ok:190000, ko:0
01:56:51 INFO    com.codingful.tandem.jdbc.RelayWorker - Relay worker progress workerId:tandem-relay-s9-instance-1-w4, processed:190000, ok:190000, ko:0
01:57:05 INFO    com.codingful.tandem.jdbc.RelayWorker - Relay worker progress workerId:tandem-relay-s9-instance-2-w6, processed:190000, ok:190000, ko:0
01:58:02 INFO    com.codingful.tandem.jdbc.RelayWorker - Relay worker progress workerId:tandem-relay-s9-instance-2-w5, processed:200000, ok:200000, ko:0
01:58:17 INFO    com.codingful.tandem.jdbc.RelayWorker - Relay worker progress workerId:tandem-relay-s9-instance-2-w7, processed:190000, ok:190000, ko:0
01:58:47 INFO    com.codingful.tandem.jdbc.RelayWorker - Relay worker progress workerId:tandem-relay-s9-instance-2-w4, processed:200000, ok:200000, ko:0
01:58:53 INFO    com.codingful.tandem.jdbc.RelayWorker - Relay worker progress workerId:tandem-relay-s9-instance-1-w6, processed:190000, ok:190000, ko:0
01:59:10 INFO    com.codingful.tandem.jdbc.RelayWorker - Relay worker progress workerId:tandem-relay-s9-instance-2-w1, processed:190000, ok:190000, ko:0
01:59:31 INFO    com.codingful.tandem.jdbc.RelayWorker - Relay worker progress workerId:tandem-relay-s9-instance-2-w2, processed:200000, ok:200000, ko:0
02:00:53 INFO    com.codingful.tandem.jdbc.RelayWorker - Relay worker progress workerId:tandem-relay-s9-instance-2-w0, processed:190000, ok:190000, ko:0
02:00:57 INFO    com.codingful.tandem.jdbc.RelayWorker - Relay worker progress workerId:tandem-relay-s9-instance-1-w2, processed:190000, ok:190000, ko:0
02:01:13 INFO    com.codingful.tandem.jdbc.RelayWorker - Relay worker progress workerId:tandem-relay-s9-instance-2-w3, processed:190000, ok:190000, ko:0
02:01:42 INFO    com.codingful.tandem.jdbc.RelayWorker - Relay worker progress workerId:tandem-relay-s9-instance-1-w3, processed:200000, ok:200000, ko:0
02:01:54 INFO    com.codingful.tandem.jdbc.RelayWorker - Relay worker progress workerId:tandem-relay-s9-instance-1-w0, processed:200000, ok:200000, ko:0
02:03:04 INFO    com.codingful.tandem.jdbc.RelayWorker - Relay worker progress workerId:tandem-relay-s9-instance-1-w7, processed:210000, ok:210000, ko:0
02:03:09 INFO    com.codingful.tandem.jdbc.RelayWorker - Relay worker progress workerId:tandem-relay-s9-instance-1-w5, processed:190000, ok:190000, ko:0
02:03:21 INFO    com.codingful.tandem.jdbc.RelayWorker - Relay worker progress workerId:tandem-relay-s9-instance-1-w1, processed:200000, ok:200000, ko:0
02:03:36 INFO    com.codingful.tandem.jdbc.RelayWorker - Relay worker progress workerId:tandem-relay-s9-instance-1-w4, processed:200000, ok:200000, ko:0
02:03:42 INFO    com.codingful.tandem.jdbc.RelayWorker - Relay worker progress workerId:tandem-relay-s9-instance-2-w6, processed:200000, ok:200000, ko:0
02:04:27 INFO    com.codingful.tandem.jdbc.RelayWorker - Relay worker progress workerId:tandem-relay-s9-instance-2-w5, processed:210000, ok:210000, ko:0
02:05:00 INFO    com.codingful.tandem.jdbc.RelayWorker - Relay worker progress workerId:tandem-relay-s9-instance-2-w7, processed:200000, ok:200000, ko:0
02:05:12 INFO    com.codingful.tandem.jdbc.RelayWorker - Relay worker progress workerId:tandem-relay-s9-instance-2-w4, processed:210000, ok:210000, ko:0
02:05:42 INFO    com.codingful.tandem.jdbc.RelayWorker - Relay worker progress workerId:tandem-relay-s9-instance-1-w6, processed:200000, ok:200000, ko:0
02:05:56 INFO    com.codingful.tandem.jdbc.RelayWorker - Relay worker progress workerId:tandem-relay-s9-instance-2-w1, processed:200000, ok:200000, ko:0
02:06:03 INFO    com.codingful.tandem.jdbc.RelayWorker - Relay worker progress workerId:tandem-relay-s9-instance-2-w2, processed:210000, ok:210000, ko:0
02:07:45 INFO    com.codingful.tandem.jdbc.RelayWorker - Relay worker progress workerId:tandem-relay-s9-instance-2-w0, processed:200000, ok:200000, ko:0
02:07:51 INFO    com.codingful.tandem.jdbc.RelayWorker - Relay worker progress workerId:tandem-relay-s9-instance-1-w2, processed:200000, ok:200000, ko:0
02:08:06 INFO    com.codingful.tandem.jdbc.RelayWorker - Relay worker progress workerId:tandem-relay-s9-instance-2-w3, processed:200000, ok:200000, ko:0
02:08:25 INFO    com.codingful.tandem.jdbc.RelayWorker - Relay worker progress workerId:tandem-relay-s9-instance-1-w3, processed:210000, ok:210000, ko:0
02:08:30 INFO    com.codingful.tandem.jdbc.RelayWorker - Relay worker progress workerId:tandem-relay-s9-instance-1-w0, processed:210000, ok:210000, ko:0
02:09:22 INFO    com.codingful.tandem.jdbc.RelayWorker - Relay worker progress workerId:tandem-relay-s9-instance-1-w7, processed:220000, ok:220000, ko:0
02:10:01 INFO    com.codingful.tandem.jdbc.RelayWorker - Relay worker progress workerId:tandem-relay-s9-instance-1-w1, processed:210000, ok:210000, ko:0
02:10:09 INFO    com.codingful.tandem.jdbc.RelayWorker - Relay worker progress workerId:tandem-relay-s9-instance-1-w5, processed:200000, ok:200000, ko:0
02:10:13 INFO    com.codingful.tandem.jdbc.RelayWorker - Relay worker progress workerId:tandem-relay-s9-instance-1-w4, processed:210000, ok:210000, ko:0
S9 window  7 @02:10:18: 399.4/s delivered (399.4/s written), p50=59ms p99=157ms, pending=27 oldest=0s, buckets [128, 128] covered=256/256, outbox 445MB (42MB idx, 249755 rows, 79390 dead), heap=62MB threads=49 load=6.56
02:10:21 INFO    com.codingful.tandem.jdbc.RelayWorker - Relay worker progress workerId:tandem-relay-s9-instance-2-w6, processed:210000, ok:210000, ko:0
02:10:54 INFO    com.codingful.tandem.jdbc.RelayWorker - Relay worker progress workerId:tandem-relay-s9-instance-2-w5, processed:220000, ok:220000, ko:0
02:11:36 INFO    com.codingful.tandem.jdbc.RelayWorker - Relay worker progress workerId:tandem-relay-s9-instance-2-w4, processed:220000, ok:220000, ko:0
02:11:49 INFO    com.codingful.tandem.jdbc.RelayWorker - Relay worker progress workerId:tandem-relay-s9-instance-2-w7, processed:210000, ok:210000, ko:0
02:12:29 INFO    com.codingful.tandem.jdbc.RelayWorker - Relay worker progress workerId:tandem-relay-s9-instance-1-w6, processed:210000, ok:210000, ko:0
02:12:33 INFO    com.codingful.tandem.jdbc.RelayWorker - Relay worker progress workerId:tandem-relay-s9-instance-2-w2, processed:220000, ok:220000, ko:0
02:12:49 INFO    com.codingful.tandem.jdbc.RelayWorker - Relay worker progress workerId:tandem-relay-s9-instance-2-w1, processed:210000, ok:210000, ko:0
02:14:40 INFO    com.codingful.tandem.jdbc.RelayWorker - Relay worker progress workerId:tandem-relay-s9-instance-1-w2, processed:210000, ok:210000, ko:0
02:14:40 INFO    com.codingful.tandem.jdbc.RelayWorker - Relay worker progress workerId:tandem-relay-s9-instance-2-w0, processed:210000, ok:210000, ko:0
02:15:00 INFO    com.codingful.tandem.jdbc.RelayWorker - Relay worker progress workerId:tandem-relay-s9-instance-1-w0, processed:220000, ok:220000, ko:0
02:15:02 INFO    com.codingful.tandem.jdbc.RelayWorker - Relay worker progress workerId:tandem-relay-s9-instance-1-w3, processed:220000, ok:220000, ko:0
02:15:03 INFO    com.codingful.tandem.jdbc.RelayWorker - Relay worker progress workerId:tandem-relay-s9-instance-2-w3, processed:210000, ok:210000, ko:0
02:15:53 INFO    com.codingful.tandem.jdbc.RelayWorker - Relay worker progress workerId:tandem-relay-s9-instance-1-w7, processed:230000, ok:230000, ko:0
02:16:34 INFO    com.codingful.tandem.jdbc.RelayWorker - Relay worker progress workerId:tandem-relay-s9-instance-1-w1, processed:220000, ok:220000, ko:0
02:16:53 INFO    com.codingful.tandem.jdbc.RelayWorker - Relay worker progress workerId:tandem-relay-s9-instance-1-w4, processed:220000, ok:220000, ko:0
02:17:00 INFO    com.codingful.tandem.jdbc.RelayWorker - Relay worker progress workerId:tandem-relay-s9-instance-2-w6, processed:220000, ok:220000, ko:0
02:17:10 INFO    com.codingful.tandem.jdbc.RelayWorker - Relay worker progress workerId:tandem-relay-s9-instance-1-w5, processed:210000, ok:210000, ko:0
02:17:21 INFO    com.codingful.tandem.jdbc.RelayWorker - Relay worker progress workerId:tandem-relay-s9-instance-2-w5, processed:230000, ok:230000, ko:0
02:18:02 INFO    com.codingful.tandem.jdbc.RelayWorker - Relay worker progress workerId:tandem-relay-s9-instance-2-w4, processed:230000, ok:230000, ko:0
02:18:39 INFO    com.codingful.tandem.jdbc.RelayWorker - Relay worker progress workerId:tandem-relay-s9-instance-2-w7, processed:220000, ok:220000, ko:0
02:18:58 INFO    com.codingful.tandem.jdbc.RelayWorker - Relay worker progress workerId:tandem-relay-s9-instance-2-w2, processed:230000, ok:230000, ko:0
02:19:15 INFO    com.codingful.tandem.jdbc.RelayWorker - Relay worker progress workerId:tandem-relay-s9-instance-1-w6, processed:220000, ok:220000, ko:0
02:19:43 INFO    com.codingful.tandem.jdbc.RelayWorker - Relay worker progress workerId:tandem-relay-s9-instance-2-w1, processed:220000, ok:220000, ko:0
02:21:33 INFO    com.codingful.tandem.jdbc.RelayWorker - Relay worker progress workerId:tandem-relay-s9-instance-2-w0, processed:220000, ok:220000, ko:0
02:21:35 INFO    com.codingful.tandem.jdbc.RelayWorker - Relay worker progress workerId:tandem-relay-s9-instance-1-w3, processed:230000, ok:230000, ko:0
02:21:36 INFO    com.codingful.tandem.jdbc.RelayWorker - Relay worker progress workerId:tandem-relay-s9-instance-1-w0, processed:230000, ok:230000, ko:0
02:21:37 INFO    com.codingful.tandem.jdbc.RelayWorker - Relay worker progress workerId:tandem-relay-s9-instance-1-w2, processed:220000, ok:220000, ko:0
02:21:46 INFO    com.codingful.tandem.jdbc.RelayWorker - Relay worker progress workerId:tandem-relay-s9-instance-2-w3, processed:220000, ok:220000, ko:0
02:22:20 INFO    com.codingful.tandem.jdbc.RelayWorker - Relay worker progress workerId:tandem-relay-s9-instance-1-w7, processed:240000, ok:240000, ko:0
02:23:15 INFO    com.codingful.tandem.jdbc.RelayWorker - Relay worker progress workerId:tandem-relay-s9-instance-1-w1, processed:230000, ok:230000, ko:0
02:23:27 INFO    com.codingful.tandem.jdbc.RelayWorker - Relay worker progress workerId:tandem-relay-s9-instance-1-w4, processed:230000, ok:230000, ko:0
02:23:38 INFO    com.codingful.tandem.jdbc.RelayWorker - Relay worker progress workerId:tandem-relay-s9-instance-2-w6, processed:230000, ok:230000, ko:0
02:23:43 INFO    com.codingful.tandem.jdbc.RelayWorker - Relay worker progress workerId:tandem-relay-s9-instance-2-w5, processed:240000, ok:240000, ko:0
02:24:09 INFO    com.codingful.tandem.jdbc.RelayWorker - Relay worker progress workerId:tandem-relay-s9-instance-1-w5, processed:220000, ok:220000, ko:0
02:24:35 INFO    com.codingful.tandem.jdbc.RelayWorker - Relay worker progress workerId:tandem-relay-s9-instance-2-w4, processed:240000, ok:240000, ko:0
02:25:22 INFO    com.codingful.tandem.jdbc.RelayWorker - Relay worker progress workerId:tandem-relay-s9-instance-2-w2, processed:240000, ok:240000, ko:0
02:25:30 INFO    com.codingful.tandem.jdbc.RelayWorker - Relay worker progress workerId:tandem-relay-s9-instance-2-w7, processed:230000, ok:230000, ko:0
02:25:58 INFO    com.codingful.tandem.jdbc.RelayWorker - Relay worker progress workerId:tandem-relay-s9-instance-1-w6, processed:230000, ok:230000, ko:0
02:26:22 INFO    com.codingful.tandem.jdbc.RelayWorker - Relay worker progress workerId:tandem-relay-s9-instance-2-w1, processed:230000, ok:230000, ko:0
02:28:06 INFO    com.codingful.tandem.jdbc.RelayWorker - Relay worker progress workerId:tandem-relay-s9-instance-1-w0, processed:240000, ok:240000, ko:0
02:28:12 INFO    com.codingful.tandem.jdbc.RelayWorker - Relay worker progress workerId:tandem-relay-s9-instance-1-w3, processed:240000, ok:240000, ko:0
02:28:22 INFO    com.codingful.tandem.jdbc.RelayWorker - Relay worker progress workerId:tandem-relay-s9-instance-2-w0, processed:230000, ok:230000, ko:0
02:28:32 INFO    com.codingful.tandem.jdbc.RelayWorker - Relay worker progress workerId:tandem-relay-s9-instance-1-w2, processed:230000, ok:230000, ko:0
02:28:38 INFO    com.codingful.tandem.jdbc.RelayWorker - Relay worker progress workerId:tandem-relay-s9-instance-2-w3, processed:230000, ok:230000, ko:0
02:28:55 INFO    com.codingful.tandem.jdbc.RelayWorker - Relay worker progress workerId:tandem-relay-s9-instance-1-w7, processed:250000, ok:250000, ko:0
02:29:57 INFO    com.codingful.tandem.jdbc.RelayWorker - Relay worker progress workerId:tandem-relay-s9-instance-1-w1, processed:240000, ok:240000, ko:0
02:30:10 INFO    com.codingful.tandem.jdbc.RelayWorker - Relay worker progress workerId:tandem-relay-s9-instance-1-w4, processed:240000, ok:240000, ko:0
02:30:11 INFO    com.codingful.tandem.jdbc.RelayWorker - Relay worker progress workerId:tandem-relay-s9-instance-2-w5, processed:250000, ok:250000, ko:0
02:30:17 INFO    com.codingful.tandem.jdbc.RelayWorker - Relay worker progress workerId:tandem-relay-s9-instance-2-w6, processed:240000, ok:240000, ko:0
S9 window  8 @02:30:18: 399.1/s delivered (399.1/s written), p50=60ms p99=164ms, pending=20 oldest=0s, buckets [128, 128] covered=256/256, outbox 443MB (42MB idx, 250472 rows, 77961 dead), heap=83MB threads=49 load=12.48
02:31:01 INFO    com.codingful.tandem.jdbc.RelayWorker - Relay worker progress workerId:tandem-relay-s9-instance-2-w4, processed:250000, ok:250000, ko:0
02:31:06 INFO    com.codingful.tandem.jdbc.RelayWorker - Relay worker progress workerId:tandem-relay-s9-instance-1-w5, processed:230000, ok:230000, ko:0
02:31:53 INFO    com.codingful.tandem.jdbc.RelayWorker - Relay worker progress workerId:tandem-relay-s9-instance-2-w2, processed:250000, ok:250000, ko:0
02:32:21 INFO    com.codingful.tandem.jdbc.RelayWorker - Relay worker progress workerId:tandem-relay-s9-instance-2-w7, processed:240000, ok:240000, ko:0
02:32:46 INFO    com.codingful.tandem.jdbc.RelayWorker - Relay worker progress workerId:tandem-relay-s9-instance-1-w6, processed:240000, ok:240000, ko:0
02:33:10 INFO    com.codingful.tandem.jdbc.RelayWorker - Relay worker progress workerId:tandem-relay-s9-instance-2-w1, processed:240000, ok:240000, ko:0
02:34:49 INFO    com.codingful.tandem.jdbc.RelayWorker - Relay worker progress workerId:tandem-relay-s9-instance-1-w0, processed:250000, ok:250000, ko:0
02:34:51 INFO    com.codingful.tandem.jdbc.RelayWorker - Relay worker progress workerId:tandem-relay-s9-instance-1-w3, processed:250000, ok:250000, ko:0
02:35:14 INFO    com.codingful.tandem.jdbc.RelayWorker - Relay worker progress workerId:tandem-relay-s9-instance-2-w0, processed:240000, ok:240000, ko:0
02:35:16 INFO    com.codingful.tandem.jdbc.RelayWorker - Relay worker progress workerId:tandem-relay-s9-instance-1-w7, processed:260000, ok:260000, ko:0
02:35:22 INFO    com.codingful.tandem.jdbc.RelayWorker - Relay worker progress workerId:tandem-relay-s9-instance-1-w2, processed:240000, ok:240000, ko:0
02:35:34 INFO    com.codingful.tandem.jdbc.RelayWorker - Relay worker progress workerId:tandem-relay-s9-instance-2-w3, processed:240000, ok:240000, ko:0
02:36:29 INFO    com.codingful.tandem.jdbc.RelayWorker - Relay worker progress workerId:tandem-relay-s9-instance-2-w5, processed:260000, ok:260000, ko:0
02:36:37 INFO    com.codingful.tandem.jdbc.RelayWorker - Relay worker progress workerId:tandem-relay-s9-instance-1-w1, processed:250000, ok:250000, ko:0
02:36:58 INFO    com.codingful.tandem.jdbc.RelayWorker - Relay worker progress workerId:tandem-relay-s9-instance-2-w6, processed:250000, ok:250000, ko:0
02:37:00 INFO    com.codingful.tandem.jdbc.RelayWorker - Relay worker progress workerId:tandem-relay-s9-instance-1-w4, processed:250000, ok:250000, ko:0
02:37:35 INFO    com.codingful.tandem.jdbc.RelayWorker - Relay worker progress workerId:tandem-relay-s9-instance-2-w4, processed:260000, ok:260000, ko:0
02:38:04 INFO    com.codingful.tandem.jdbc.RelayWorker - Relay worker progress workerId:tandem-relay-s9-instance-1-w5, processed:240000, ok:240000, ko:0
02:38:20 INFO    com.codingful.tandem.jdbc.RelayWorker - Relay worker progress workerId:tandem-relay-s9-instance-2-w2, processed:260000, ok:260000, ko:0
02:39:03 INFO    com.codingful.tandem.jdbc.RelayWorker - Relay worker progress workerId:tandem-relay-s9-instance-2-w7, processed:250000, ok:250000, ko:0
02:39:27 INFO    com.codingful.tandem.jdbc.RelayWorker - Relay worker progress workerId:tandem-relay-s9-instance-1-w6, processed:250000, ok:250000, ko:0
02:40:00 INFO    com.codingful.tandem.jdbc.RelayWorker - Relay worker progress workerId:tandem-relay-s9-instance-2-w1, processed:250000, ok:250000, ko:0
02:41:20 INFO    com.codingful.tandem.jdbc.RelayWorker - Relay worker progress workerId:tandem-relay-s9-instance-1-w0, processed:260000, ok:260000, ko:0
02:41:21 INFO    com.codingful.tandem.jdbc.RelayWorker - Relay worker progress workerId:tandem-relay-s9-instance-1-w3, processed:260000, ok:260000, ko:0
02:41:41 INFO    com.codingful.tandem.jdbc.RelayWorker - Relay worker progress workerId:tandem-relay-s9-instance-1-w7, processed:270000, ok:270000, ko:0
02:42:12 INFO    com.codingful.tandem.jdbc.RelayWorker - Relay worker progress workerId:tandem-relay-s9-instance-1-w2, processed:250000, ok:250000, ko:0
02:42:14 INFO    com.codingful.tandem.jdbc.RelayWorker - Relay worker progress workerId:tandem-relay-s9-instance-2-w0, processed:250000, ok:250000, ko:0
02:42:33 INFO    com.codingful.tandem.jdbc.RelayWorker - Relay worker progress workerId:tandem-relay-s9-instance-2-w3, processed:250000, ok:250000, ko:0
02:42:49 INFO    com.codingful.tandem.jdbc.RelayWorker - Relay worker progress workerId:tandem-relay-s9-instance-2-w5, processed:270000, ok:270000, ko:0
02:43:16 INFO    com.codingful.tandem.jdbc.RelayWorker - Relay worker progress workerId:tandem-relay-s9-instance-1-w1, processed:260000, ok:260000, ko:0
02:43:32 INFO    com.codingful.tandem.jdbc.RelayWorker - Relay worker progress workerId:tandem-relay-s9-instance-2-w6, processed:260000, ok:260000, ko:0
02:43:44 INFO    com.codingful.tandem.jdbc.RelayWorker - Relay worker progress workerId:tandem-relay-s9-instance-1-w4, processed:260000, ok:260000, ko:0
02:44:04 INFO    com.codingful.tandem.jdbc.RelayWorker - Relay worker progress workerId:tandem-relay-s9-instance-2-w4, processed:270000, ok:270000, ko:0
02:44:48 INFO    com.codingful.tandem.jdbc.RelayWorker - Relay worker progress workerId:tandem-relay-s9-instance-2-w2, processed:270000, ok:270000, ko:0
02:45:07 INFO    com.codingful.tandem.jdbc.RelayWorker - Relay worker progress workerId:tandem-relay-s9-instance-1-w5, processed:250000, ok:250000, ko:0
02:45:45 INFO    com.codingful.tandem.jdbc.RelayWorker - Relay worker progress workerId:tandem-relay-s9-instance-2-w7, processed:260000, ok:260000, ko:0
02:46:11 INFO    com.codingful.tandem.jdbc.RelayWorker - Relay worker progress workerId:tandem-relay-s9-instance-1-w6, processed:260000, ok:260000, ko:0
02:46:43 INFO    com.codingful.tandem.jdbc.RelayWorker - Relay worker progress workerId:tandem-relay-s9-instance-2-w1, processed:260000, ok:260000, ko:0
02:47:47 INFO    com.codingful.tandem.jdbc.RelayWorker - Relay worker progress workerId:tandem-relay-s9-instance-1-w0, processed:270000, ok:270000, ko:0
02:47:49 INFO    com.codingful.tandem.jdbc.RelayWorker - Relay worker progress workerId:tandem-relay-s9-instance-1-w3, processed:270000, ok:270000, ko:0
02:48:01 INFO    com.codingful.tandem.jdbc.RelayWorker - Relay worker progress workerId:tandem-relay-s9-instance-1-w7, processed:280000, ok:280000, ko:0
02:49:11 INFO    com.codingful.tandem.jdbc.RelayWorker - Relay worker progress workerId:tandem-relay-s9-instance-2-w5, processed:280000, ok:280000, ko:0
02:49:12 INFO    com.codingful.tandem.jdbc.RelayWorker - Relay worker progress workerId:tandem-relay-s9-instance-1-w2, processed:260000, ok:260000, ko:0
02:49:13 INFO    com.codingful.tandem.jdbc.RelayWorker - Relay worker progress workerId:tandem-relay-s9-instance-2-w0, processed:260000, ok:260000, ko:0
02:49:27 INFO    com.codingful.tandem.jdbc.RelayWorker - Relay worker progress workerId:tandem-relay-s9-instance-2-w3, processed:260000, ok:260000, ko:0
02:50:01 INFO    com.codingful.tandem.jdbc.RelayWorker - Relay worker progress workerId:tandem-relay-s9-instance-1-w1, processed:270000, ok:270000, ko:0
02:50:16 INFO    com.codingful.tandem.jdbc.RelayWorker - Relay worker progress workerId:tandem-relay-s9-instance-2-w6, processed:270000, ok:270000, ko:0
S9 window  9 @02:50:18: 399.8/s delivered (399.9/s written), p50=59ms p99=156ms, pending=29 oldest=0s, buckets [128, 128] covered=256/256, outbox 443MB (42MB idx, 240492 rows, 88840 dead), heap=88MB threads=49 load=6.53
02:50:26 INFO    com.codingful.tandem.jdbc.RelayWorker - Relay worker progress workerId:tandem-relay-s9-instance-1-w4, processed:270000, ok:270000, ko:0
02:50:35 INFO    com.codingful.tandem.jdbc.RelayWorker - Relay worker progress workerId:tandem-relay-s9-instance-2-w4, processed:280000, ok:280000, ko:0
02:51:13 INFO    com.codingful.tandem.jdbc.RelayWorker - Relay worker progress workerId:tandem-relay-s9-instance-2-w2, processed:280000, ok:280000, ko:0
02:52:04 INFO    com.codingful.tandem.jdbc.RelayWorker - Relay worker progress workerId:tandem-relay-s9-instance-1-w5, processed:260000, ok:260000, ko:0
02:52:36 INFO    com.codingful.tandem.jdbc.RelayWorker - Relay worker progress workerId:tandem-relay-s9-instance-2-w7, processed:270000, ok:270000, ko:0
02:53:00 INFO    com.codingful.tandem.jdbc.RelayWorker - Relay worker progress workerId:tandem-relay-s9-instance-1-w6, processed:270000, ok:270000, ko:0
02:53:31 INFO    com.codingful.tandem.jdbc.RelayWorker - Relay worker progress workerId:tandem-relay-s9-instance-2-w1, processed:270000, ok:270000, ko:0
02:54:21 INFO    com.codingful.tandem.jdbc.RelayWorker - Relay worker progress workerId:tandem-relay-s9-instance-1-w0, processed:280000, ok:280000, ko:0
02:54:21 INFO    com.codingful.tandem.jdbc.RelayWorker - Relay worker progress workerId:tandem-relay-s9-instance-1-w7, processed:290000, ok:290000, ko:0
02:54:24 INFO    com.codingful.tandem.jdbc.RelayWorker - Relay worker progress workerId:tandem-relay-s9-instance-1-w3, processed:280000, ok:280000, ko:0
02:55:35 INFO    com.codingful.tandem.jdbc.RelayWorker - Relay worker progress workerId:tandem-relay-s9-instance-2-w5, processed:290000, ok:290000, ko:0
02:56:05 INFO    com.codingful.tandem.jdbc.RelayWorker - Relay worker progress workerId:tandem-relay-s9-instance-1-w2, processed:270000, ok:270000, ko:0
02:56:12 INFO    com.codingful.tandem.jdbc.RelayWorker - Relay worker progress workerId:tandem-relay-s9-instance-2-w0, processed:270000, ok:270000, ko:0
02:56:16 INFO    com.codingful.tandem.jdbc.RelayWorker - Relay worker progress workerId:tandem-relay-s9-instance-2-w3, processed:270000, ok:270000, ko:0
02:56:41 INFO    com.codingful.tandem.jdbc.RelayWorker - Relay worker progress workerId:tandem-relay-s9-instance-1-w1, processed:280000, ok:280000, ko:0
02:56:53 INFO    com.codingful.tandem.jdbc.RelayWorker - Relay worker progress workerId:tandem-relay-s9-instance-2-w6, processed:280000, ok:280000, ko:0
02:57:01 INFO    com.codingful.tandem.jdbc.RelayWorker - Relay worker progress workerId:tandem-relay-s9-instance-2-w4, processed:290000, ok:290000, ko:0
02:57:07 INFO    com.codingful.tandem.jdbc.RelayWorker - Relay worker progress workerId:tandem-relay-s9-instance-1-w4, processed:280000, ok:280000, ko:0
02:57:39 INFO    com.codingful.tandem.jdbc.RelayWorker - Relay worker progress workerId:tandem-relay-s9-instance-2-w2, processed:290000, ok:290000, ko:0
02:59:02 INFO    com.codingful.tandem.jdbc.RelayWorker - Relay worker progress workerId:tandem-relay-s9-instance-1-w5, processed:270000, ok:270000, ko:0
02:59:26 INFO    com.codingful.tandem.jdbc.RelayWorker - Relay worker progress workerId:tandem-relay-s9-instance-2-w7, processed:280000, ok:280000, ko:0
02:59:44 INFO    com.codingful.tandem.jdbc.RelayWorker - Relay worker progress workerId:tandem-relay-s9-instance-1-w6, processed:280000, ok:280000, ko:0
03:00:21 INFO    com.codingful.tandem.jdbc.RelayWorker - Relay worker progress workerId:tandem-relay-s9-instance-2-w1, processed:280000, ok:280000, ko:0
03:00:41 INFO    com.codingful.tandem.jdbc.RelayWorker - Relay worker progress workerId:tandem-relay-s9-instance-1-w7, processed:300000, ok:300000, ko:0
03:00:52 INFO    com.codingful.tandem.jdbc.RelayWorker - Relay worker progress workerId:tandem-relay-s9-instance-1-w0, processed:290000, ok:290000, ko:0
03:00:59 INFO    com.codingful.tandem.jdbc.RelayWorker - Relay worker progress workerId:tandem-relay-s9-instance-1-w3, processed:290000, ok:290000, ko:0
03:02:00 INFO    com.codingful.tandem.jdbc.RelayWorker - Relay worker progress workerId:tandem-relay-s9-instance-2-w5, processed:300000, ok:300000, ko:0
03:02:55 INFO    com.codingful.tandem.jdbc.RelayWorker - Relay worker progress workerId:tandem-relay-s9-instance-1-w2, processed:280000, ok:280000, ko:0
03:03:05 INFO    com.codingful.tandem.jdbc.RelayWorker - Relay worker progress workerId:tandem-relay-s9-instance-2-w0, processed:280000, ok:280000, ko:0
03:03:05 SEVERE  com.codingful.tandem.jdbc.WorkerPool - Cleanup failed
03:03:11 INFO    com.codingful.tandem.jdbc.RelayWorker - Relay worker progress workerId:tandem-relay-s9-instance-2-w3, processed:280000, ok:280000, ko:0
03:03:22 INFO    com.codingful.tandem.jdbc.RelayWorker - Relay worker progress workerId:tandem-relay-s9-instance-1-w1, processed:290000, ok:290000, ko:0
03:03:28 INFO    com.codingful.tandem.jdbc.RelayWorker - Relay worker progress workerId:tandem-relay-s9-instance-2-w4, processed:300000, ok:300000, ko:0
03:03:35 INFO    com.codingful.tandem.jdbc.RelayWorker - Relay worker progress workerId:tandem-relay-s9-instance-2-w6, processed:290000, ok:290000, ko:0
03:03:46 INFO    com.codingful.tandem.jdbc.RelayWorker - Relay worker progress workerId:tandem-relay-s9-instance-1-w4, processed:290000, ok:290000, ko:0
03:04:07 INFO    com.codingful.tandem.jdbc.RelayWorker - Relay worker progress workerId:tandem-relay-s9-instance-2-w2, processed:300000, ok:300000, ko:0
03:06:01 INFO    com.codingful.tandem.jdbc.RelayWorker - Relay worker progress workerId:tandem-relay-s9-instance-1-w5, processed:280000, ok:280000, ko:0
03:06:14 INFO    com.codingful.tandem.jdbc.RelayWorker - Relay worker progress workerId:tandem-relay-s9-instance-2-w7, processed:290000, ok:290000, ko:0
03:06:39 INFO    com.codingful.tandem.jdbc.RelayWorker - Relay worker progress workerId:tandem-relay-s9-instance-1-w6, processed:290000, ok:290000, ko:0
03:07:09 INFO    com.codingful.tandem.jdbc.RelayWorker - Relay worker progress workerId:tandem-relay-s9-instance-2-w1, processed:290000, ok:290000, ko:0
03:07:09 INFO    com.codingful.tandem.jdbc.RelayWorker - Relay worker progress workerId:tandem-relay-s9-instance-1-w7, processed:310000, ok:310000, ko:0
03:07:22 INFO    com.codingful.tandem.jdbc.RelayWorker - Relay worker progress workerId:tandem-relay-s9-instance-1-w0, processed:300000, ok:300000, ko:0
03:07:32 INFO    com.codingful.tandem.jdbc.RelayWorker - Relay worker progress workerId:tandem-relay-s9-instance-1-w3, processed:300000, ok:300000, ko:0
03:08:19 INFO    com.codingful.tandem.jdbc.RelayWorker - Relay worker progress workerId:tandem-relay-s9-instance-2-w5, processed:310000, ok:310000, ko:0
03:09:44 INFO    com.codingful.tandem.jdbc.RelayWorker - Relay worker progress workerId:tandem-relay-s9-instance-1-w2, processed:290000, ok:290000, ko:0
03:09:58 INFO    com.codingful.tandem.jdbc.RelayWorker - Relay worker progress workerId:tandem-relay-s9-instance-2-w4, processed:310000, ok:310000, ko:0
03:10:03 INFO    com.codingful.tandem.jdbc.RelayWorker - Relay worker progress workerId:tandem-relay-s9-instance-2-w0, processed:290000, ok:290000, ko:0
03:10:03 INFO    com.codingful.tandem.jdbc.RelayWorker - Relay worker progress workerId:tandem-relay-s9-instance-1-w1, processed:300000, ok:300000, ko:0
03:10:05 INFO    com.codingful.tandem.jdbc.RelayWorker - Relay worker progress workerId:tandem-relay-s9-instance-2-w3, processed:290000, ok:290000, ko:0
03:10:13 INFO    com.codingful.tandem.jdbc.RelayWorker - Relay worker progress workerId:tandem-relay-s9-instance-2-w6, processed:300000, ok:300000, ko:0
S9 window 10 @03:10:18: 399.9/s delivered (399.9/s written), p50=60ms p99=158ms, pending=27 oldest=0s, buckets [128, 128] covered=256/256, outbox 444MB (42MB idx, 251267 rows, 79482 dead), heap=82MB threads=49 load=6.85
03:10:22 INFO    com.codingful.tandem.jdbc.RelayWorker - Relay worker progress workerId:tandem-relay-s9-instance-1-w4, processed:300000, ok:300000, ko:0
03:10:34 INFO    com.codingful.tandem.jdbc.RelayWorker - Relay worker progress workerId:tandem-relay-s9-instance-2-w2, processed:310000, ok:310000, ko:0
03:12:52 INFO    com.codingful.tandem.jdbc.RelayWorker - Relay worker progress workerId:tandem-relay-s9-instance-1-w5, processed:290000, ok:290000, ko:0
03:12:55 INFO    com.codingful.tandem.jdbc.RelayWorker - Relay worker progress workerId:tandem-relay-s9-instance-2-w7, processed:300000, ok:300000, ko:0
03:13:23 INFO    com.codingful.tandem.jdbc.RelayWorker - Relay worker progress workerId:tandem-relay-s9-instance-1-w6, processed:300000, ok:300000, ko:0
03:13:31 INFO    com.codingful.tandem.jdbc.RelayWorker - Relay worker progress workerId:tandem-relay-s9-instance-1-w7, processed:320000, ok:320000, ko:0
03:13:55 INFO    com.codingful.tandem.jdbc.RelayWorker - Relay worker progress workerId:tandem-relay-s9-instance-1-w0, processed:310000, ok:310000, ko:0
03:13:57 INFO    com.codingful.tandem.jdbc.RelayWorker - Relay worker progress workerId:tandem-relay-s9-instance-2-w1, processed:300000, ok:300000, ko:0
03:14:05 INFO    com.codingful.tandem.jdbc.RelayWorker - Relay worker progress workerId:tandem-relay-s9-instance-1-w3, processed:310000, ok:310000, ko:0
03:14:44 INFO    com.codingful.tandem.jdbc.RelayWorker - Relay worker progress workerId:tandem-relay-s9-instance-2-w5, processed:320000, ok:320000, ko:0
03:16:27 INFO    com.codingful.tandem.jdbc.RelayWorker - Relay worker progress workerId:tandem-relay-s9-instance-2-w4, processed:320000, ok:320000, ko:0
03:16:38 INFO    com.codingful.tandem.jdbc.RelayWorker - Relay worker progress workerId:tandem-relay-s9-instance-1-w2, processed:300000, ok:300000, ko:0
03:16:41 INFO    com.codingful.tandem.jdbc.RelayWorker - Relay worker progress workerId:tandem-relay-s9-instance-1-w1, processed:310000, ok:310000, ko:0
03:17:00 INFO    com.codingful.tandem.jdbc.RelayWorker - Relay worker progress workerId:tandem-relay-s9-instance-2-w6, processed:310000, ok:310000, ko:0
03:17:01 INFO    com.codingful.tandem.jdbc.RelayWorker - Relay worker progress workerId:tandem-relay-s9-instance-2-w3, processed:300000, ok:300000, ko:0
03:17:02 INFO    com.codingful.tandem.jdbc.RelayWorker - Relay worker progress workerId:tandem-relay-s9-instance-2-w2, processed:320000, ok:320000, ko:0
03:17:03 INFO    com.codingful.tandem.jdbc.RelayWorker - Relay worker progress workerId:tandem-relay-s9-instance-1-w4, processed:310000, ok:310000, ko:0
03:17:07 INFO    com.codingful.tandem.jdbc.RelayWorker - Relay worker progress workerId:tandem-relay-s9-instance-2-w0, processed:300000, ok:300000, ko:0
03:19:47 INFO    com.codingful.tandem.jdbc.RelayWorker - Relay worker progress workerId:tandem-relay-s9-instance-2-w7, processed:310000, ok:310000, ko:0
03:19:48 INFO    com.codingful.tandem.jdbc.RelayWorker - Relay worker progress workerId:tandem-relay-s9-instance-1-w5, processed:300000, ok:300000, ko:0
03:19:49 INFO    com.codingful.tandem.jdbc.RelayWorker - Relay worker progress workerId:tandem-relay-s9-instance-1-w7, processed:330000, ok:330000, ko:0
03:20:13 INFO    com.codingful.tandem.jdbc.RelayWorker - Relay worker progress workerId:tandem-relay-s9-instance-1-w6, processed:310000, ok:310000, ko:0
03:20:36 INFO    com.codingful.tandem.jdbc.RelayWorker - Relay worker progress workerId:tandem-relay-s9-instance-1-w0, processed:320000, ok:320000, ko:0
03:20:36 INFO    com.codingful.tandem.jdbc.RelayWorker - Relay worker progress workerId:tandem-relay-s9-instance-1-w3, processed:320000, ok:320000, ko:0
03:20:43 INFO    com.codingful.tandem.jdbc.RelayWorker - Relay worker progress workerId:tandem-relay-s9-instance-2-w1, processed:310000, ok:310000, ko:0
03:21:06 INFO    com.codingful.tandem.jdbc.RelayWorker - Relay worker progress workerId:tandem-relay-s9-instance-2-w5, processed:330000, ok:330000, ko:0
03:22:51 INFO    com.codingful.tandem.jdbc.RelayWorker - Relay worker progress workerId:tandem-relay-s9-instance-2-w4, processed:330000, ok:330000, ko:0
03:23:22 INFO    com.codingful.tandem.jdbc.RelayWorker - Relay worker progress workerId:tandem-relay-s9-instance-1-w1, processed:320000, ok:320000, ko:0
03:23:33 INFO    com.codingful.tandem.jdbc.RelayWorker - Relay worker progress workerId:tandem-relay-s9-instance-1-w2, processed:310000, ok:310000, ko:0
03:23:33 INFO    com.codingful.tandem.jdbc.RelayWorker - Relay worker progress workerId:tandem-relay-s9-instance-2-w2, processed:330000, ok:330000, ko:0
03:23:38 INFO    com.codingful.tandem.jdbc.RelayWorker - Relay worker progress workerId:tandem-relay-s9-instance-2-w6, processed:320000, ok:320000, ko:0
03:23:43 INFO    com.codingful.tandem.jdbc.RelayWorker - Relay worker progress workerId:tandem-relay-s9-instance-1-w4, processed:320000, ok:320000, ko:0
03:23:53 INFO    com.codingful.tandem.jdbc.RelayWorker - Relay worker progress workerId:tandem-relay-s9-instance-2-w3, processed:310000, ok:310000, ko:0
03:24:00 INFO    com.codingful.tandem.jdbc.RelayWorker - Relay worker progress workerId:tandem-relay-s9-instance-2-w0, processed:310000, ok:310000, ko:0
03:26:12 INFO    com.codingful.tandem.jdbc.RelayWorker - Relay worker progress workerId:tandem-relay-s9-instance-1-w7, processed:340000, ok:340000, ko:0
03:26:37 INFO    com.codingful.tandem.jdbc.RelayWorker - Relay worker progress workerId:tandem-relay-s9-instance-2-w7, processed:320000, ok:320000, ko:0
03:26:55 INFO    com.codingful.tandem.jdbc.RelayWorker - Relay worker progress workerId:tandem-relay-s9-instance-1-w5, processed:310000, ok:310000, ko:0
03:27:02 INFO    com.codingful.tandem.jdbc.RelayWorker - Relay worker progress workerId:tandem-relay-s9-instance-1-w6, processed:320000, ok:320000, ko:0
03:27:03 INFO    com.codingful.tandem.jdbc.RelayWorker - Relay worker progress workerId:tandem-relay-s9-instance-1-w0, processed:330000, ok:330000, ko:0
03:27:08 INFO    com.codingful.tandem.jdbc.RelayWorker - Relay worker progress workerId:tandem-relay-s9-instance-1-w3, processed:330000, ok:330000, ko:0
03:27:25 INFO    com.codingful.tandem.jdbc.RelayWorker - Relay worker progress workerId:tandem-relay-s9-instance-2-w1, processed:320000, ok:320000, ko:0
03:27:29 INFO    com.codingful.tandem.jdbc.RelayWorker - Relay worker progress workerId:tandem-relay-s9-instance-2-w5, processed:340000, ok:340000, ko:0
03:29:13 INFO    com.codingful.tandem.jdbc.RelayWorker - Relay worker progress workerId:tandem-relay-s9-instance-2-w4, processed:340000, ok:340000, ko:0
03:30:07 INFO    com.codingful.tandem.jdbc.RelayWorker - Relay worker progress workerId:tandem-relay-s9-instance-2-w2, processed:340000, ok:340000, ko:0
03:30:10 INFO    com.codingful.tandem.jdbc.RelayWorker - Relay worker progress workerId:tandem-relay-s9-instance-1-w1, processed:330000, ok:330000, ko:0
S9 window 11 @03:30:19: 398.8/s delivered (398.8/s written), p50=60ms p99=173ms, pending=33 oldest=0s, buckets [128, 128] covered=256/256, outbox 445MB (42MB idx, 251055 rows, 79888 dead), heap=43MB threads=49 load=10.02
03:30:19 INFO    com.codingful.tandem.jdbc.RelayWorker - Relay worker progress workerId:tandem-relay-s9-instance-1-w4, processed:330000, ok:330000, ko:0
03:30:20 INFO    com.codingful.tandem.jdbc.RelayWorker - Relay worker progress workerId:tandem-relay-s9-instance-2-w6, processed:330000, ok:330000, ko:0
03:30:33 INFO    com.codingful.tandem.jdbc.RelayWorker - Relay worker progress workerId:tandem-relay-s9-instance-1-w2, processed:320000, ok:320000, ko:0
03:30:47 INFO    com.codingful.tandem.jdbc.RelayWorker - Relay worker progress workerId:tandem-relay-s9-instance-2-w3, processed:320000, ok:320000, ko:0
03:30:53 INFO    com.codingful.tandem.jdbc.RelayWorker - Relay worker progress workerId:tandem-relay-s9-instance-2-w0, processed:320000, ok:320000, ko:0
03:32:41 INFO    com.codingful.tandem.jdbc.RelayWorker - Relay worker progress workerId:tandem-relay-s9-instance-1-w7, processed:350000, ok:350000, ko:0
03:33:29 INFO    com.codingful.tandem.jdbc.RelayWorker - Relay worker progress workerId:tandem-relay-s9-instance-2-w7, processed:330000, ok:330000, ko:0
03:33:40 INFO    com.codingful.tandem.jdbc.RelayWorker - Relay worker progress workerId:tandem-relay-s9-instance-1-w0, processed:340000, ok:340000, ko:0
03:33:51 INFO    com.codingful.tandem.jdbc.RelayWorker - Relay worker progress workerId:tandem-relay-s9-instance-1-w6, processed:330000, ok:330000, ko:0
03:33:53 INFO    com.codingful.tandem.jdbc.RelayWorker - Relay worker progress workerId:tandem-relay-s9-instance-1-w3, processed:340000, ok:340000, ko:0
03:33:53 INFO    com.codingful.tandem.jdbc.RelayWorker - Relay worker progress workerId:tandem-relay-s9-instance-1-w5, processed:320000, ok:320000, ko:0
03:33:58 INFO    com.codingful.tandem.jdbc.RelayWorker - Relay worker progress workerId:tandem-relay-s9-instance-2-w5, processed:350000, ok:350000, ko:0
03:34:14 INFO    com.codingful.tandem.jdbc.RelayWorker - Relay worker progress workerId:tandem-relay-s9-instance-2-w1, processed:330000, ok:330000, ko:0
03:35:44 INFO    com.codingful.tandem.jdbc.RelayWorker - Relay worker progress workerId:tandem-relay-s9-instance-2-w4, processed:350000, ok:350000, ko:0
03:36:43 INFO    com.codingful.tandem.jdbc.RelayWorker - Relay worker progress workerId:tandem-relay-s9-instance-2-w2, processed:350000, ok:350000, ko:0
03:36:48 INFO    com.codingful.tandem.jdbc.RelayWorker - Relay worker progress workerId:tandem-relay-s9-instance-1-w1, processed:340000, ok:340000, ko:0
03:36:49 INFO    com.codingful.tandem.jdbc.RelayWorker - Relay worker progress workerId:tandem-relay-s9-instance-1-w4, processed:340000, ok:340000, ko:0
03:36:53 INFO    com.codingful.tandem.jdbc.RelayWorker - Relay worker progress workerId:tandem-relay-s9-instance-2-w6, processed:340000, ok:340000, ko:0
03:37:19 INFO    com.codingful.tandem.jdbc.RelayWorker - Relay worker progress workerId:tandem-relay-s9-instance-1-w2, processed:330000, ok:330000, ko:0
03:37:43 INFO    com.codingful.tandem.jdbc.RelayWorker - Relay worker progress workerId:tandem-relay-s9-instance-2-w3, processed:330000, ok:330000, ko:0
03:37:49 INFO    com.codingful.tandem.jdbc.RelayWorker - Relay worker progress workerId:tandem-relay-s9-instance-2-w0, processed:330000, ok:330000, ko:0
03:39:04 INFO    com.codingful.tandem.jdbc.RelayWorker - Relay worker progress workerId:tandem-relay-s9-instance-1-w7, processed:360000, ok:360000, ko:0
03:40:18 INFO    com.codingful.tandem.jdbc.RelayWorker - Relay worker progress workerId:tandem-relay-s9-instance-2-w7, processed:340000, ok:340000, ko:0
03:40:21 INFO    com.codingful.tandem.jdbc.RelayWorker - Relay worker progress workerId:tandem-relay-s9-instance-2-w5, processed:360000, ok:360000, ko:0
03:40:23 INFO    com.codingful.tandem.jdbc.RelayWorker - Relay worker progress workerId:tandem-relay-s9-instance-1-w0, processed:350000, ok:350000, ko:0
03:40:26 INFO    com.codingful.tandem.jdbc.RelayWorker - Relay worker progress workerId:tandem-relay-s9-instance-1-w3, processed:350000, ok:350000, ko:0
03:40:30 INFO    com.codingful.tandem.jdbc.RelayWorker - Relay worker progress workerId:tandem-relay-s9-instance-1-w6, processed:340000, ok:340000, ko:0
03:40:56 INFO    com.codingful.tandem.jdbc.RelayWorker - Relay worker progress workerId:tandem-relay-s9-instance-1-w5, processed:330000, ok:330000, ko:0
03:41:03 INFO    com.codingful.tandem.jdbc.RelayWorker - Relay worker progress workerId:tandem-relay-s9-instance-2-w1, processed:340000, ok:340000, ko:0
03:42:10 INFO    com.codingful.tandem.jdbc.RelayWorker - Relay worker progress workerId:tandem-relay-s9-instance-2-w4, processed:360000, ok:360000, ko:0
03:43:15 INFO    com.codingful.tandem.jdbc.RelayWorker - Relay worker progress workerId:tandem-relay-s9-instance-2-w2, processed:360000, ok:360000, ko:0
03:43:26 INFO    com.codingful.tandem.jdbc.RelayWorker - Relay worker progress workerId:tandem-relay-s9-instance-1-w1, processed:350000, ok:350000, ko:0
03:43:31 INFO    com.codingful.tandem.jdbc.RelayWorker - Relay worker progress workerId:tandem-relay-s9-instance-1-w4, processed:350000, ok:350000, ko:0
03:43:39 INFO    com.codingful.tandem.jdbc.RelayWorker - Relay worker progress workerId:tandem-relay-s9-instance-2-w6, processed:350000, ok:350000, ko:0
03:44:17 INFO    com.codingful.tandem.jdbc.RelayWorker - Relay worker progress workerId:tandem-relay-s9-instance-1-w2, processed:340000, ok:340000, ko:0
03:44:38 INFO    com.codingful.tandem.jdbc.RelayWorker - Relay worker progress workerId:tandem-relay-s9-instance-2-w3, processed:340000, ok:340000, ko:0
03:44:39 INFO    com.codingful.tandem.jdbc.RelayWorker - Relay worker progress workerId:tandem-relay-s9-instance-2-w0, processed:340000, ok:340000, ko:0
03:45:22 INFO    com.codingful.tandem.jdbc.RelayWorker - Relay worker progress workerId:tandem-relay-s9-instance-1-w7, processed:370000, ok:370000, ko:0
03:46:43 INFO    com.codingful.tandem.jdbc.RelayWorker - Relay worker progress workerId:tandem-relay-s9-instance-2-w5, processed:370000, ok:370000, ko:0
03:46:58 INFO    com.codingful.tandem.jdbc.RelayWorker - Relay worker progress workerId:tandem-relay-s9-instance-1-w0, processed:360000, ok:360000, ko:0
03:47:02 INFO    com.codingful.tandem.jdbc.RelayWorker - Relay worker progress workerId:tandem-relay-s9-instance-1-w3, processed:360000, ok:360000, ko:0
03:47:02 INFO    com.codingful.tandem.jdbc.RelayWorker - Relay worker progress workerId:tandem-relay-s9-instance-2-w7, processed:350000, ok:350000, ko:0
03:47:25 INFO    com.codingful.tandem.jdbc.RelayWorker - Relay worker progress workerId:tandem-relay-s9-instance-1-w6, processed:350000, ok:350000, ko:0
03:47:55 INFO    com.codingful.tandem.jdbc.RelayWorker - Relay worker progress workerId:tandem-relay-s9-instance-2-w1, processed:350000, ok:350000, ko:0
03:47:56 INFO    com.codingful.tandem.jdbc.RelayWorker - Relay worker progress workerId:tandem-relay-s9-instance-1-w5, processed:340000, ok:340000, ko:0
03:48:35 INFO    com.codingful.tandem.jdbc.RelayWorker - Relay worker progress workerId:tandem-relay-s9-instance-2-w4, processed:370000, ok:370000, ko:0
03:49:41 INFO    com.codingful.tandem.jdbc.RelayWorker - Relay worker progress workerId:tandem-relay-s9-instance-2-w2, processed:370000, ok:370000, ko:0
03:50:05 INFO    com.codingful.tandem.jdbc.RelayWorker - Relay worker progress workerId:tandem-relay-s9-instance-1-w1, processed:360000, ok:360000, ko:0
03:50:12 INFO    com.codingful.tandem.jdbc.RelayWorker - Relay worker progress workerId:tandem-relay-s9-instance-2-w6, processed:360000, ok:360000, ko:0
03:50:16 INFO    com.codingful.tandem.jdbc.RelayWorker - Relay worker progress workerId:tandem-relay-s9-instance-1-w4, processed:360000, ok:360000, ko:0
S9 window 12 @03:50:19: 399.3/s delivered (399.3/s written), p50=60ms p99=162ms, pending=19 oldest=0s, buckets [128, 128] covered=256/256, outbox 438MB (42MB idx, 241766 rows, 84789 dead), heap=90MB threads=49 load=5.03
03:51:13 INFO    com.codingful.tandem.jdbc.RelayWorker - Relay worker progress workerId:tandem-relay-s9-instance-1-w2, processed:350000, ok:350000, ko:0
03:51:30 INFO    com.codingful.tandem.jdbc.RelayWorker - Relay worker progress workerId:tandem-relay-s9-instance-2-w0, processed:350000, ok:350000, ko:0
03:51:34 INFO    com.codingful.tandem.jdbc.RelayWorker - Relay worker progress workerId:tandem-relay-s9-instance-2-w3, processed:350000, ok:350000, ko:0
03:51:49 INFO    com.codingful.tandem.jdbc.RelayWorker - Relay worker progress workerId:tandem-relay-s9-instance-1-w7, processed:380000, ok:380000, ko:0
03:53:09 INFO    com.codingful.tandem.jdbc.RelayWorker - Relay worker progress workerId:tandem-relay-s9-instance-2-w5, processed:380000, ok:380000, ko:0
03:53:34 INFO    com.codingful.tandem.jdbc.RelayWorker - Relay worker progress workerId:tandem-relay-s9-instance-1-w0, processed:370000, ok:370000, ko:0
03:53:40 INFO    com.codingful.tandem.jdbc.RelayWorker - Relay worker progress workerId:tandem-relay-s9-instance-1-w3, processed:370000, ok:370000, ko:0
03:53:54 INFO    com.codingful.tandem.jdbc.RelayWorker - Relay worker progress workerId:tandem-relay-s9-instance-2-w7, processed:360000, ok:360000, ko:0
03:54:07 INFO    com.codingful.tandem.jdbc.RelayWorker - Relay worker progress workerId:tandem-relay-s9-instance-1-w6, processed:360000, ok:360000, ko:0
03:54:49 INFO    com.codingful.tandem.jdbc.RelayWorker - Relay worker progress workerId:tandem-relay-s9-instance-2-w1, processed:360000, ok:360000, ko:0
03:54:49 INFO    com.codingful.tandem.jdbc.RelayWorker - Relay worker progress workerId:tandem-relay-s9-instance-1-w5, processed:350000, ok:350000, ko:0
03:55:02 INFO    com.codingful.tandem.jdbc.RelayWorker - Relay worker progress workerId:tandem-relay-s9-instance-2-w4, processed:380000, ok:380000, ko:0
03:56:15 INFO    com.codingful.tandem.jdbc.RelayWorker - Relay worker progress workerId:tandem-relay-s9-instance-2-w2, processed:380000, ok:380000, ko:0
03:56:44 INFO    com.codingful.tandem.jdbc.RelayWorker - Relay worker progress workerId:tandem-relay-s9-instance-1-w1, processed:370000, ok:370000, ko:0
03:56:51 INFO    com.codingful.tandem.jdbc.RelayWorker - Relay worker progress workerId:tandem-relay-s9-instance-2-w6, processed:370000, ok:370000, ko:0
03:56:53 INFO    com.codingful.tandem.jdbc.RelayWorker - Relay worker progress workerId:tandem-relay-s9-instance-1-w4, processed:370000, ok:370000, ko:0
03:58:02 INFO    com.codingful.tandem.jdbc.RelayWorker - Relay worker progress workerId:tandem-relay-s9-instance-1-w7, processed:390000, ok:390000, ko:0
03:58:10 INFO    com.codingful.tandem.jdbc.RelayWorker - Relay worker progress workerId:tandem-relay-s9-instance-1-w2, processed:360000, ok:360000, ko:0
03:58:21 INFO    com.codingful.tandem.jdbc.RelayWorker - Relay worker progress workerId:tandem-relay-s9-instance-2-w3, processed:360000, ok:360000, ko:0
03:58:22 INFO    com.codingful.tandem.jdbc.RelayWorker - Relay worker progress workerId:tandem-relay-s9-instance-2-w0, processed:360000, ok:360000, ko:0
03:59:38 INFO    com.codingful.tandem.jdbc.RelayWorker - Relay worker progress workerId:tandem-relay-s9-instance-2-w5, processed:390000, ok:390000, ko:0
04:00:04 INFO    com.codingful.tandem.jdbc.RelayWorker - Relay worker progress workerId:tandem-relay-s9-instance-1-w0, processed:380000, ok:380000, ko:0
04:00:07 INFO    com.codingful.tandem.jdbc.RelayWorker - Relay worker progress workerId:tandem-relay-s9-instance-1-w3, processed:380000, ok:380000, ko:0
04:00:39 INFO    com.codingful.tandem.jdbc.RelayWorker - Relay worker progress workerId:tandem-relay-s9-instance-2-w7, processed:370000, ok:370000, ko:0
04:00:57 INFO    com.codingful.tandem.jdbc.RelayWorker - Relay worker progress workerId:tandem-relay-s9-instance-1-w6, processed:370000, ok:370000, ko:0
04:01:32 INFO    com.codingful.tandem.jdbc.RelayWorker - Relay worker progress workerId:tandem-relay-s9-instance-2-w4, processed:390000, ok:390000, ko:0
04:01:34 INFO    com.codingful.tandem.jdbc.RelayWorker - Relay worker progress workerId:tandem-relay-s9-instance-2-w1, processed:370000, ok:370000, ko:0
04:01:49 INFO    com.codingful.tandem.jdbc.RelayWorker - Relay worker progress workerId:tandem-relay-s9-instance-1-w5, processed:360000, ok:360000, ko:0
04:02:46 INFO    com.codingful.tandem.jdbc.RelayWorker - Relay worker progress workerId:tandem-relay-s9-instance-2-w2, processed:390000, ok:390000, ko:0
04:03:26 INFO    com.codingful.tandem.jdbc.RelayWorker - Relay worker progress workerId:tandem-relay-s9-instance-2-w6, processed:380000, ok:380000, ko:0
04:03:33 INFO    com.codingful.tandem.jdbc.RelayWorker - Relay worker progress workerId:tandem-relay-s9-instance-1-w1, processed:380000, ok:380000, ko:0
04:03:33 INFO    com.codingful.tandem.jdbc.RelayWorker - Relay worker progress workerId:tandem-relay-s9-instance-1-w4, processed:380000, ok:380000, ko:0
04:04:28 INFO    com.codingful.tandem.jdbc.RelayWorker - Relay worker progress workerId:tandem-relay-s9-instance-1-w7, processed:400000, ok:400000, ko:0
04:05:02 INFO    com.codingful.tandem.jdbc.RelayWorker - Relay worker progress workerId:tandem-relay-s9-instance-1-w2, processed:370000, ok:370000, ko:0
04:05:10 INFO    com.codingful.tandem.jdbc.RelayWorker - Relay worker progress workerId:tandem-relay-s9-instance-2-w0, processed:370000, ok:370000, ko:0
04:05:12 INFO    com.codingful.tandem.jdbc.RelayWorker - Relay worker progress workerId:tandem-relay-s9-instance-2-w3, processed:370000, ok:370000, ko:0
04:05:59 INFO    com.codingful.tandem.jdbc.RelayWorker - Relay worker progress workerId:tandem-relay-s9-instance-2-w5, processed:400000, ok:400000, ko:0
04:06:37 INFO    com.codingful.tandem.jdbc.RelayWorker - Relay worker progress workerId:tandem-relay-s9-instance-1-w0, processed:390000, ok:390000, ko:0
04:06:44 INFO    com.codingful.tandem.jdbc.RelayWorker - Relay worker progress workerId:tandem-relay-s9-instance-1-w3, processed:390000, ok:390000, ko:0
04:07:24 INFO    com.codingful.tandem.jdbc.RelayWorker - Relay worker progress workerId:tandem-relay-s9-instance-2-w7, processed:380000, ok:380000, ko:0
04:07:48 INFO    com.codingful.tandem.jdbc.RelayWorker - Relay worker progress workerId:tandem-relay-s9-instance-1-w6, processed:380000, ok:380000, ko:0
04:08:04 INFO    com.codingful.tandem.jdbc.RelayWorker - Relay worker progress workerId:tandem-relay-s9-instance-2-w4, processed:400000, ok:400000, ko:0
04:08:23 INFO    com.codingful.tandem.jdbc.RelayWorker - Relay worker progress workerId:tandem-relay-s9-instance-2-w1, processed:380000, ok:380000, ko:0
04:08:43 INFO    com.codingful.tandem.jdbc.RelayWorker - Relay worker progress workerId:tandem-relay-s9-instance-1-w5, processed:370000, ok:370000, ko:0
04:09:08 INFO    com.codingful.tandem.jdbc.RelayWorker - Relay worker progress workerId:tandem-relay-s9-instance-2-w2, processed:400000, ok:400000, ko:0
04:10:06 INFO    com.codingful.tandem.jdbc.RelayWorker - Relay worker progress workerId:tandem-relay-s9-instance-2-w6, processed:390000, ok:390000, ko:0
04:10:15 INFO    com.codingful.tandem.jdbc.RelayWorker - Relay worker progress workerId:tandem-relay-s9-instance-1-w1, processed:390000, ok:390000, ko:0
04:10:16 INFO    com.codingful.tandem.jdbc.RelayWorker - Relay worker progress workerId:tandem-relay-s9-instance-1-w4, processed:390000, ok:390000, ko:0
S9 window 13 @04:10:19: 399.7/s delivered (399.7/s written), p50=60ms p99=164ms, pending=31 oldest=-1s, buckets [128, 128] covered=256/256, outbox 443MB (42MB idx, 246060 rows, 79406 dead), heap=94MB threads=49 load=8.53
04:10:48 INFO    com.codingful.tandem.jdbc.RelayWorker - Relay worker progress workerId:tandem-relay-s9-instance-1-w7, processed:410000, ok:410000, ko:0
04:11:56 INFO    com.codingful.tandem.jdbc.RelayWorker - Relay worker progress workerId:tandem-relay-s9-instance-1-w2, processed:380000, ok:380000, ko:0
04:12:05 INFO    com.codingful.tandem.jdbc.RelayWorker - Relay worker progress workerId:tandem-relay-s9-instance-2-w3, processed:380000, ok:380000, ko:0
04:12:10 INFO    com.codingful.tandem.jdbc.RelayWorker - Relay worker progress workerId:tandem-relay-s9-instance-2-w0, processed:380000, ok:380000, ko:0
04:12:16 INFO    com.codingful.tandem.jdbc.RelayWorker - Relay worker progress workerId:tandem-relay-s9-instance-2-w5, processed:410000, ok:410000, ko:0
04:13:14 INFO    com.codingful.tandem.jdbc.RelayWorker - Relay worker progress workerId:tandem-relay-s9-instance-1-w0, processed:400000, ok:400000, ko:0
04:13:17 INFO    com.codingful.tandem.jdbc.RelayWorker - Relay worker progress workerId:tandem-relay-s9-instance-1-w3, processed:400000, ok:400000, ko:0
04:14:10 INFO    com.codingful.tandem.jdbc.RelayWorker - Relay worker progress workerId:tandem-relay-s9-instance-2-w7, processed:390000, ok:390000, ko:0
04:14:32 INFO    com.codingful.tandem.jdbc.RelayWorker - Relay worker progress workerId:tandem-relay-s9-instance-1-w6, processed:390000, ok:390000, ko:0
04:14:38 INFO    com.codingful.tandem.jdbc.RelayWorker - Relay worker progress workerId:tandem-relay-s9-instance-2-w4, processed:410000, ok:410000, ko:0
04:15:16 INFO    com.codingful.tandem.jdbc.RelayWorker - Relay worker progress workerId:tandem-relay-s9-instance-2-w1, processed:390000, ok:390000, ko:0
04:15:33 INFO    com.codingful.tandem.jdbc.RelayWorker - Relay worker progress workerId:tandem-relay-s9-instance-2-w2, processed:410000, ok:410000, ko:0
04:15:37 INFO    com.codingful.tandem.jdbc.RelayWorker - Relay worker progress workerId:tandem-relay-s9-instance-1-w5, processed:380000, ok:380000, ko:0
04:16:51 INFO    com.codingful.tandem.jdbc.RelayWorker - Relay worker progress workerId:tandem-relay-s9-instance-2-w6, processed:400000, ok:400000, ko:0
04:16:56 INFO    com.codingful.tandem.jdbc.RelayWorker - Relay worker progress workerId:tandem-relay-s9-instance-1-w4, processed:400000, ok:400000, ko:0
04:16:58 INFO    com.codingful.tandem.jdbc.RelayWorker - Relay worker progress workerId:tandem-relay-s9-instance-1-w1, processed:400000, ok:400000, ko:0
04:17:11 INFO    com.codingful.tandem.jdbc.RelayWorker - Relay worker progress workerId:tandem-relay-s9-instance-1-w7, processed:420000, ok:420000, ko:0
04:18:36 INFO    com.codingful.tandem.jdbc.RelayWorker - Relay worker progress workerId:tandem-relay-s9-instance-2-w5, processed:420000, ok:420000, ko:0
04:18:52 INFO    com.codingful.tandem.jdbc.RelayWorker - Relay worker progress workerId:tandem-relay-s9-instance-1-w2, processed:390000, ok:390000, ko:0
04:18:57 INFO    com.codingful.tandem.jdbc.RelayWorker - Relay worker progress workerId:tandem-relay-s9-instance-2-w3, processed:390000, ok:390000, ko:0
04:19:01 INFO    com.codingful.tandem.jdbc.RelayWorker - Relay worker progress workerId:tandem-relay-s9-instance-2-w0, processed:390000, ok:390000, ko:0
04:19:52 INFO    com.codingful.tandem.jdbc.RelayWorker - Relay worker progress workerId:tandem-relay-s9-instance-1-w0, processed:410000, ok:410000, ko:0
04:19:54 INFO    com.codingful.tandem.jdbc.RelayWorker - Relay worker progress workerId:tandem-relay-s9-instance-1-w3, processed:410000, ok:410000, ko:0
04:20:53 INFO    com.codingful.tandem.jdbc.RelayWorker - Relay worker progress workerId:tandem-relay-s9-instance-2-w7, processed:400000, ok:400000, ko:0
04:21:04 INFO    com.codingful.tandem.jdbc.RelayWorker - Relay worker progress workerId:tandem-relay-s9-instance-2-w4, processed:420000, ok:420000, ko:0
04:21:19 INFO    com.codingful.tandem.jdbc.RelayWorker - Relay worker progress workerId:tandem-relay-s9-instance-1-w6, processed:400000, ok:400000, ko:0
04:21:19 SEVERE  com.codingful.tandem.jdbc.WorkerPool - Cleanup failed
04:21:54 INFO    com.codingful.tandem.jdbc.RelayWorker - Relay worker progress workerId:tandem-relay-s9-instance-2-w2, processed:420000, ok:420000, ko:0
04:22:06 INFO    com.codingful.tandem.jdbc.RelayWorker - Relay worker progress workerId:tandem-relay-s9-instance-2-w1, processed:400000, ok:400000, ko:0
04:22:42 INFO    com.codingful.tandem.jdbc.RelayWorker - Relay worker progress workerId:tandem-relay-s9-instance-1-w5, processed:390000, ok:390000, ko:0
04:23:24 INFO    com.codingful.tandem.jdbc.RelayWorker - Relay worker progress workerId:tandem-relay-s9-instance-2-w6, processed:410000, ok:410000, ko:0
04:23:40 INFO    com.codingful.tandem.jdbc.RelayWorker - Relay worker progress workerId:tandem-relay-s9-instance-1-w7, processed:430000, ok:430000, ko:0
04:23:40 INFO    com.codingful.tandem.jdbc.RelayWorker - Relay worker progress workerId:tandem-relay-s9-instance-1-w1, processed:410000, ok:410000, ko:0
04:23:42 INFO    com.codingful.tandem.jdbc.RelayWorker - Relay worker progress workerId:tandem-relay-s9-instance-1-w4, processed:410000, ok:410000, ko:0
04:25:00 INFO    com.codingful.tandem.jdbc.RelayWorker - Relay worker progress workerId:tandem-relay-s9-instance-2-w5, processed:430000, ok:430000, ko:0
04:25:41 INFO    com.codingful.tandem.jdbc.RelayWorker - Relay worker progress workerId:tandem-relay-s9-instance-2-w3, processed:400000, ok:400000, ko:0
04:25:47 INFO    com.codingful.tandem.jdbc.RelayWorker - Relay worker progress workerId:tandem-relay-s9-instance-1-w2, processed:400000, ok:400000, ko:0
04:25:49 INFO    com.codingful.tandem.jdbc.RelayWorker - Relay worker progress workerId:tandem-relay-s9-instance-2-w0, processed:400000, ok:400000, ko:0
04:26:21 INFO    com.codingful.tandem.jdbc.RelayWorker - Relay worker progress workerId:tandem-relay-s9-instance-1-w0, processed:420000, ok:420000, ko:0
04:26:34 INFO    com.codingful.tandem.jdbc.RelayWorker - Relay worker progress workerId:tandem-relay-s9-instance-1-w3, processed:420000, ok:420000, ko:0
04:27:33 INFO    com.codingful.tandem.jdbc.RelayWorker - Relay worker progress workerId:tandem-relay-s9-instance-2-w4, processed:430000, ok:430000, ko:0
04:27:42 INFO    com.codingful.tandem.jdbc.RelayWorker - Relay worker progress workerId:tandem-relay-s9-instance-2-w7, processed:410000, ok:410000, ko:0
04:28:11 INFO    com.codingful.tandem.jdbc.RelayWorker - Relay worker progress workerId:tandem-relay-s9-instance-1-w6, processed:410000, ok:410000, ko:0
04:28:23 INFO    com.codingful.tandem.jdbc.RelayWorker - Relay worker progress workerId:tandem-relay-s9-instance-2-w2, processed:430000, ok:430000, ko:0
04:28:51 INFO    com.codingful.tandem.jdbc.RelayWorker - Relay worker progress workerId:tandem-relay-s9-instance-2-w1, processed:410000, ok:410000, ko:0
04:29:41 INFO    com.codingful.tandem.jdbc.RelayWorker - Relay worker progress workerId:tandem-relay-s9-instance-1-w5, processed:400000, ok:400000, ko:0
04:30:06 INFO    com.codingful.tandem.jdbc.RelayWorker - Relay worker progress workerId:tandem-relay-s9-instance-2-w6, processed:420000, ok:420000, ko:0
04:30:14 INFO    com.codingful.tandem.jdbc.RelayWorker - Relay worker progress workerId:tandem-relay-s9-instance-1-w7, processed:440000, ok:440000, ko:0
S9 window 14 @04:30:20: 399.4/s delivered (399.4/s written), p50=60ms p99=167ms, pending=31 oldest=0s, buckets [128, 128] covered=256/256, outbox 441MB (42MB idx, 245490 rows, 78921 dead), heap=72MB threads=49 load=12.32
04:30:22 INFO    com.codingful.tandem.jdbc.RelayWorker - Relay worker progress workerId:tandem-relay-s9-instance-1-w4, processed:420000, ok:420000, ko:0
04:30:27 INFO    com.codingful.tandem.jdbc.RelayWorker - Relay worker progress workerId:tandem-relay-s9-instance-1-w1, processed:420000, ok:420000, ko:0
04:31:20 INFO    com.codingful.tandem.jdbc.RelayWorker - Relay worker progress workerId:tandem-relay-s9-instance-2-w5, processed:440000, ok:440000, ko:0
04:32:34 INFO    com.codingful.tandem.jdbc.RelayWorker - Relay worker progress workerId:tandem-relay-s9-instance-2-w3, processed:410000, ok:410000, ko:0
04:32:43 INFO    com.codingful.tandem.jdbc.RelayWorker - Relay worker progress workerId:tandem-relay-s9-instance-1-w2, processed:410000, ok:410000, ko:0
04:32:46 INFO    com.codingful.tandem.jdbc.RelayWorker - Relay worker progress workerId:tandem-relay-s9-instance-2-w0, processed:410000, ok:410000, ko:0
04:33:00 INFO    com.codingful.tandem.jdbc.RelayWorker - Relay worker progress workerId:tandem-relay-s9-instance-1-w0, processed:430000, ok:430000, ko:0
04:33:05 INFO    com.codingful.tandem.jdbc.RelayWorker - Relay worker progress workerId:tandem-relay-s9-instance-1-w3, processed:430000, ok:430000, ko:0
04:34:05 INFO    com.codingful.tandem.jdbc.RelayWorker - Relay worker progress workerId:tandem-relay-s9-instance-2-w4, processed:440000, ok:440000, ko:0
04:34:36 INFO    com.codingful.tandem.jdbc.RelayWorker - Relay worker progress workerId:tandem-relay-s9-instance-2-w7, processed:420000, ok:420000, ko:0
04:34:47 INFO    com.codingful.tandem.jdbc.RelayWorker - Relay worker progress workerId:tandem-relay-s9-instance-2-w2, processed:440000, ok:440000, ko:0
04:35:01 INFO    com.codingful.tandem.jdbc.RelayWorker - Relay worker progress workerId:tandem-relay-s9-instance-1-w6, processed:420000, ok:420000, ko:0
04:35:33 INFO    com.codingful.tandem.jdbc.RelayWorker - Relay worker progress workerId:tandem-relay-s9-instance-2-w1, processed:420000, ok:420000, ko:0
04:36:38 INFO    com.codingful.tandem.jdbc.RelayWorker - Relay worker progress workerId:tandem-relay-s9-instance-1-w7, processed:450000, ok:450000, ko:0
04:36:39 INFO    com.codingful.tandem.jdbc.RelayWorker - Relay worker progress workerId:tandem-relay-s9-instance-1-w5, processed:410000, ok:410000, ko:0
04:36:43 INFO    com.codingful.tandem.jdbc.RelayWorker - Relay worker progress workerId:tandem-relay-s9-instance-2-w6, processed:430000, ok:430000, ko:0
04:37:10 INFO    com.codingful.tandem.jdbc.RelayWorker - Relay worker progress workerId:tandem-relay-s9-instance-1-w4, processed:430000, ok:430000, ko:0
04:37:12 INFO    com.codingful.tandem.jdbc.RelayWorker - Relay worker progress workerId:tandem-relay-s9-instance-1-w1, processed:430000, ok:430000, ko:0
04:37:37 INFO    com.codingful.tandem.jdbc.RelayWorker - Relay worker progress workerId:tandem-relay-s9-instance-2-w5, processed:450000, ok:450000, ko:0
04:39:23 INFO    com.codingful.tandem.jdbc.RelayWorker - Relay worker progress workerId:tandem-relay-s9-instance-2-w3, processed:420000, ok:420000, ko:0
04:39:29 INFO    com.codingful.tandem.jdbc.RelayWorker - Relay worker progress workerId:tandem-relay-s9-instance-1-w2, processed:420000, ok:420000, ko:0
04:39:31 INFO    com.codingful.tandem.jdbc.RelayWorker - Relay worker progress workerId:tandem-relay-s9-instance-1-w0, processed:440000, ok:440000, ko:0
04:39:36 INFO    com.codingful.tandem.jdbc.RelayWorker - Relay worker progress workerId:tandem-relay-s9-instance-1-w3, processed:440000, ok:440000, ko:0
04:39:36 INFO    com.codingful.tandem.jdbc.RelayWorker - Relay worker progress workerId:tandem-relay-s9-instance-2-w0, processed:420000, ok:420000, ko:0
04:40:36 INFO    com.codingful.tandem.jdbc.RelayWorker - Relay worker progress workerId:tandem-relay-s9-instance-2-w4, processed:450000, ok:450000, ko:0
04:41:14 INFO    com.codingful.tandem.jdbc.RelayWorker - Relay worker progress workerId:tandem-relay-s9-instance-2-w2, processed:450000, ok:450000, ko:0
04:41:30 INFO    com.codingful.tandem.jdbc.RelayWorker - Relay worker progress workerId:tandem-relay-s9-instance-2-w7, processed:430000, ok:430000, ko:0
04:41:45 INFO    com.codingful.tandem.jdbc.RelayWorker - Relay worker progress workerId:tandem-relay-s9-instance-1-w6, processed:430000, ok:430000, ko:0
04:42:23 INFO    com.codingful.tandem.jdbc.RelayWorker - Relay worker progress workerId:tandem-relay-s9-instance-2-w1, processed:430000, ok:430000, ko:0
04:43:00 INFO    com.codingful.tandem.jdbc.RelayWorker - Relay worker progress workerId:tandem-relay-s9-instance-1-w7, processed:460000, ok:460000, ko:0
04:43:22 INFO    com.codingful.tandem.jdbc.RelayWorker - Relay worker progress workerId:tandem-relay-s9-instance-2-w6, processed:440000, ok:440000, ko:0
04:43:28 SEVERE  com.codingful.tandem.jdbc.WorkerPool - Cleanup failed
04:43:32 INFO    com.codingful.tandem.jdbc.RelayWorker - Relay worker progress workerId:tandem-relay-s9-instance-1-w5, processed:420000, ok:420000, ko:0
04:43:48 INFO    com.codingful.tandem.jdbc.RelayWorker - Relay worker progress workerId:tandem-relay-s9-instance-1-w1, processed:440000, ok:440000, ko:0
04:43:58 INFO    com.codingful.tandem.jdbc.RelayWorker - Relay worker progress workerId:tandem-relay-s9-instance-1-w4, processed:440000, ok:440000, ko:0
04:44:01 INFO    com.codingful.tandem.jdbc.RelayWorker - Relay worker progress workerId:tandem-relay-s9-instance-2-w5, processed:460000, ok:460000, ko:0
04:46:04 INFO    com.codingful.tandem.jdbc.RelayWorker - Relay worker progress workerId:tandem-relay-s9-instance-1-w0, processed:450000, ok:450000, ko:0
04:46:09 INFO    com.codingful.tandem.jdbc.RelayWorker - Relay worker progress workerId:tandem-relay-s9-instance-1-w3, processed:450000, ok:450000, ko:0
04:46:14 INFO    com.codingful.tandem.jdbc.RelayWorker - Relay worker progress workerId:tandem-relay-s9-instance-1-w2, processed:430000, ok:430000, ko:0
04:46:26 INFO    com.codingful.tandem.jdbc.RelayWorker - Relay worker progress workerId:tandem-relay-s9-instance-2-w3, processed:430000, ok:430000, ko:0
04:46:31 INFO    com.codingful.tandem.jdbc.RelayWorker - Relay worker progress workerId:tandem-relay-s9-instance-2-w0, processed:430000, ok:430000, ko:0
04:47:04 INFO    com.codingful.tandem.jdbc.RelayWorker - Relay worker progress workerId:tandem-relay-s9-instance-2-w4, processed:460000, ok:460000, ko:0
04:47:06 SEVERE  com.codingful.tandem.jdbc.WorkerPool - Cleanup failed
04:47:42 INFO    com.codingful.tandem.jdbc.RelayWorker - Relay worker progress workerId:tandem-relay-s9-instance-2-w2, processed:460000, ok:460000, ko:0
04:48:08 SEVERE  com.codingful.tandem.jdbc.WorkerPool - Cleanup failed
04:48:16 INFO    com.codingful.tandem.jdbc.RelayWorker - Relay worker progress workerId:tandem-relay-s9-instance-2-w7, processed:440000, ok:440000, ko:0
04:48:33 INFO    com.codingful.tandem.jdbc.RelayWorker - Relay worker progress workerId:tandem-relay-s9-instance-1-w6, processed:440000, ok:440000, ko:0
04:49:10 SEVERE  com.codingful.tandem.jdbc.WorkerPool - Cleanup failed
04:49:12 INFO    com.codingful.tandem.jdbc.RelayWorker - Relay worker progress workerId:tandem-relay-s9-instance-2-w1, processed:440000, ok:440000, ko:0
04:49:23 INFO    com.codingful.tandem.jdbc.RelayWorker - Relay worker progress workerId:tandem-relay-s9-instance-1-w7, processed:470000, ok:470000, ko:0
04:50:02 INFO    com.codingful.tandem.jdbc.RelayWorker - Relay worker progress workerId:tandem-relay-s9-instance-2-w6, processed:450000, ok:450000, ko:0
S9 window 15 @04:50:20: 400.0/s delivered (400.0/s written), p50=60ms p99=158ms, pending=22 oldest=0s, buckets [128, 128] covered=256/256, outbox 442MB (42MB idx, 243451 rows, 89345 dead), heap=48MB threads=49 load=8.54
04:50:24 INFO    com.codingful.tandem.jdbc.RelayWorker - Relay worker progress workerId:tandem-relay-s9-instance-2-w5, processed:470000, ok:470000, ko:0
04:50:28 INFO    com.codingful.tandem.jdbc.RelayWorker - Relay worker progress workerId:tandem-relay-s9-instance-1-w5, processed:430000, ok:430000, ko:0
04:50:31 INFO    com.codingful.tandem.jdbc.RelayWorker - Relay worker progress workerId:tandem-relay-s9-instance-1-w1, processed:450000, ok:450000, ko:0
04:50:43 INFO    com.codingful.tandem.jdbc.RelayWorker - Relay worker progress workerId:tandem-relay-s9-instance-1-w4, processed:450000, ok:450000, ko:0
04:52:15 SEVERE  com.codingful.tandem.jdbc.WorkerPool - Cleanup failed
04:52:37 INFO    com.codingful.tandem.jdbc.RelayWorker - Relay worker progress workerId:tandem-relay-s9-instance-1-w0, processed:460000, ok:460000, ko:0
04:52:43 INFO    com.codingful.tandem.jdbc.RelayWorker - Relay worker progress workerId:tandem-relay-s9-instance-1-w3, processed:460000, ok:460000, ko:0
04:53:00 INFO    com.codingful.tandem.jdbc.RelayWorker - Relay worker progress workerId:tandem-relay-s9-instance-1-w2, processed:440000, ok:440000, ko:0
04:53:17 SEVERE  com.codingful.tandem.jdbc.WorkerPool - Cleanup failed
04:53:18 INFO    com.codingful.tandem.jdbc.RelayWorker - Relay worker progress workerId:tandem-relay-s9-instance-2-w3, processed:440000, ok:440000, ko:0
04:53:24 INFO    com.codingful.tandem.jdbc.RelayWorker - Relay worker progress workerId:tandem-relay-s9-instance-2-w0, processed:440000, ok:440000, ko:0
04:53:33 INFO    com.codingful.tandem.jdbc.RelayWorker - Relay worker progress workerId:tandem-relay-s9-instance-2-w4, processed:470000, ok:470000, ko:0
04:53:48 SEVERE  com.codingful.tandem.jdbc.WorkerPool - Cleanup failed
04:54:09 INFO    com.codingful.tandem.jdbc.RelayWorker - Relay worker progress workerId:tandem-relay-s9-instance-2-w2, processed:470000, ok:470000, ko:0
04:55:02 INFO    com.codingful.tandem.jdbc.RelayWorker - Relay worker progress workerId:tandem-relay-s9-instance-2-w7, processed:450000, ok:450000, ko:0
04:55:18 INFO    com.codingful.tandem.jdbc.RelayWorker - Relay worker progress workerId:tandem-relay-s9-instance-1-w6, processed:450000, ok:450000, ko:0
04:55:48 INFO    com.codingful.tandem.jdbc.RelayWorker - Relay worker progress workerId:tandem-relay-s9-instance-1-w7, processed:480000, ok:480000, ko:0
04:56:03 INFO    com.codingful.tandem.jdbc.RelayWorker - Relay worker progress workerId:tandem-relay-s9-instance-2-w1, processed:450000, ok:450000, ko:0
04:56:38 INFO    com.codingful.tandem.jdbc.RelayWorker - Relay worker progress workerId:tandem-relay-s9-instance-2-w6, processed:460000, ok:460000, ko:0
04:56:48 INFO    com.codingful.tandem.jdbc.RelayWorker - Relay worker progress workerId:tandem-relay-s9-instance-2-w5, processed:480000, ok:480000, ko:0
04:57:10 INFO    com.codingful.tandem.jdbc.RelayWorker - Relay worker progress workerId:tandem-relay-s9-instance-1-w1, processed:460000, ok:460000, ko:0
04:57:22 INFO    com.codingful.tandem.jdbc.RelayWorker - Relay worker progress workerId:tandem-relay-s9-instance-1-w4, processed:460000, ok:460000, ko:0
04:57:34 INFO    com.codingful.tandem.jdbc.RelayWorker - Relay worker progress workerId:tandem-relay-s9-instance-1-w5, processed:440000, ok:440000, ko:0
04:59:09 INFO    com.codingful.tandem.jdbc.RelayWorker - Relay worker progress workerId:tandem-relay-s9-instance-1-w0, processed:470000, ok:470000, ko:0
04:59:21 INFO    com.codingful.tandem.jdbc.RelayWorker - Relay worker progress workerId:tandem-relay-s9-instance-1-w3, processed:470000, ok:470000, ko:0
04:59:52 INFO    com.codingful.tandem.jdbc.RelayWorker - Relay worker progress workerId:tandem-relay-s9-instance-1-w2, processed:450000, ok:450000, ko:0
04:59:57 INFO    com.codingful.tandem.jdbc.RelayWorker - Relay worker progress workerId:tandem-relay-s9-instance-2-w4, processed:480000, ok:480000, ko:0
05:00:08 INFO    com.codingful.tandem.jdbc.RelayWorker - Relay worker progress workerId:tandem-relay-s9-instance-2-w3, processed:450000, ok:450000, ko:0
05:00:17 INFO    com.codingful.tandem.jdbc.RelayWorker - Relay worker progress workerId:tandem-relay-s9-instance-2-w0, processed:450000, ok:450000, ko:0
05:00:44 INFO    com.codingful.tandem.jdbc.RelayWorker - Relay worker progress workerId:tandem-relay-s9-instance-2-w2, processed:480000, ok:480000, ko:0
05:01:49 INFO    com.codingful.tandem.jdbc.RelayWorker - Relay worker progress workerId:tandem-relay-s9-instance-2-w7, processed:460000, ok:460000, ko:0
05:02:06 INFO    com.codingful.tandem.jdbc.RelayWorker - Relay worker progress workerId:tandem-relay-s9-instance-1-w7, processed:490000, ok:490000, ko:0
05:02:09 INFO    com.codingful.tandem.jdbc.RelayWorker - Relay worker progress workerId:tandem-relay-s9-instance-1-w6, processed:460000, ok:460000, ko:0
05:02:52 INFO    com.codingful.tandem.jdbc.RelayWorker - Relay worker progress workerId:tandem-relay-s9-instance-2-w1, processed:460000, ok:460000, ko:0
05:03:12 INFO    com.codingful.tandem.jdbc.RelayWorker - Relay worker progress workerId:tandem-relay-s9-instance-2-w5, processed:490000, ok:490000, ko:0
05:03:18 INFO    com.codingful.tandem.jdbc.RelayWorker - Relay worker progress workerId:tandem-relay-s9-instance-2-w6, processed:470000, ok:470000, ko:0
05:03:46 INFO    com.codingful.tandem.jdbc.RelayWorker - Relay worker progress workerId:tandem-relay-s9-instance-1-w1, processed:470000, ok:470000, ko:0
05:04:09 INFO    com.codingful.tandem.jdbc.RelayWorker - Relay worker progress workerId:tandem-relay-s9-instance-1-w4, processed:470000, ok:470000, ko:0
05:04:32 INFO    com.codingful.tandem.jdbc.RelayWorker - Relay worker progress workerId:tandem-relay-s9-instance-1-w5, processed:450000, ok:450000, ko:0
05:05:46 INFO    com.codingful.tandem.jdbc.RelayWorker - Relay worker progress workerId:tandem-relay-s9-instance-1-w0, processed:480000, ok:480000, ko:0
05:05:57 INFO    com.codingful.tandem.jdbc.RelayWorker - Relay worker progress workerId:tandem-relay-s9-instance-1-w3, processed:480000, ok:480000, ko:0
05:06:31 INFO    com.codingful.tandem.jdbc.RelayWorker - Relay worker progress workerId:tandem-relay-s9-instance-2-w4, processed:490000, ok:490000, ko:0
05:06:45 INFO    com.codingful.tandem.jdbc.RelayWorker - Relay worker progress workerId:tandem-relay-s9-instance-1-w2, processed:460000, ok:460000, ko:0
05:07:03 INFO    com.codingful.tandem.jdbc.RelayWorker - Relay worker progress workerId:tandem-relay-s9-instance-2-w3, processed:460000, ok:460000, ko:0
05:07:11 INFO    com.codingful.tandem.jdbc.RelayWorker - Relay worker progress workerId:tandem-relay-s9-instance-2-w0, processed:460000, ok:460000, ko:0
05:07:13 INFO    com.codingful.tandem.jdbc.RelayWorker - Relay worker progress workerId:tandem-relay-s9-instance-2-w2, processed:490000, ok:490000, ko:0
05:08:28 INFO    com.codingful.tandem.jdbc.RelayWorker - Relay worker progress workerId:tandem-relay-s9-instance-1-w7, processed:500000, ok:500000, ko:0
05:08:37 INFO    com.codingful.tandem.jdbc.RelayWorker - Relay worker progress workerId:tandem-relay-s9-instance-2-w7, processed:470000, ok:470000, ko:0
05:09:00 INFO    com.codingful.tandem.jdbc.RelayWorker - Relay worker progress workerId:tandem-relay-s9-instance-1-w6, processed:470000, ok:470000, ko:0
05:09:27 INFO    com.codingful.tandem.jdbc.RelayWorker - Relay worker progress workerId:tandem-relay-s9-instance-2-w5, processed:500000, ok:500000, ko:0
05:09:40 INFO    com.codingful.tandem.jdbc.RelayWorker - Relay worker progress workerId:tandem-relay-s9-instance-2-w1, processed:470000, ok:470000, ko:0
05:10:00 INFO    com.codingful.tandem.jdbc.RelayWorker - Relay worker progress workerId:tandem-relay-s9-instance-2-w6, processed:480000, ok:480000, ko:0
S9 window 16 @05:10:20: 399.2/s delivered (399.2/s written), p50=59ms p99=164ms, pending=20 oldest=0s, buckets [128, 128] covered=256/256, outbox 444MB (42MB idx, 240299 rows, 92617 dead), heap=54MB threads=49 load=4.74
05:10:31 INFO    com.codingful.tandem.jdbc.RelayWorker - Relay worker progress workerId:tandem-relay-s9-instance-1-w1, processed:480000, ok:480000, ko:0
05:10:51 INFO    com.codingful.tandem.jdbc.RelayWorker - Relay worker progress workerId:tandem-relay-s9-instance-1-w4, processed:480000, ok:480000, ko:0
05:11:30 INFO    com.codingful.tandem.jdbc.RelayWorker - Relay worker progress workerId:tandem-relay-s9-instance-1-w5, processed:460000, ok:460000, ko:0
05:12:20 INFO    com.codingful.tandem.jdbc.RelayWorker - Relay worker progress workerId:tandem-relay-s9-instance-1-w0, processed:490000, ok:490000, ko:0
05:12:30 INFO    com.codingful.tandem.jdbc.RelayWorker - Relay worker progress workerId:tandem-relay-s9-instance-1-w3, processed:490000, ok:490000, ko:0
05:13:01 INFO    com.codingful.tandem.jdbc.RelayWorker - Relay worker progress workerId:tandem-relay-s9-instance-2-w4, processed:500000, ok:500000, ko:0
05:13:38 INFO    com.codingful.tandem.jdbc.RelayWorker - Relay worker progress workerId:tandem-relay-s9-instance-1-w2, processed:470000, ok:470000, ko:0
05:13:50 INFO    com.codingful.tandem.jdbc.RelayWorker - Relay worker progress workerId:tandem-relay-s9-instance-2-w2, processed:500000, ok:500000, ko:0
05:13:57 INFO    com.codingful.tandem.jdbc.RelayWorker - Relay worker progress workerId:tandem-relay-s9-instance-2-w3, processed:470000, ok:470000, ko:0
05:14:03 INFO    com.codingful.tandem.jdbc.RelayWorker - Relay worker progress workerId:tandem-relay-s9-instance-2-w0, processed:470000, ok:470000, ko:0
05:14:53 INFO    com.codingful.tandem.jdbc.RelayWorker - Relay worker progress workerId:tandem-relay-s9-instance-1-w7, processed:510000, ok:510000, ko:0
05:15:24 INFO    com.codingful.tandem.jdbc.RelayWorker - Relay worker progress workerId:tandem-relay-s9-instance-2-w7, processed:480000, ok:480000, ko:0
05:15:49 INFO    com.codingful.tandem.jdbc.RelayWorker - Relay worker progress workerId:tandem-relay-s9-instance-1-w6, processed:480000, ok:480000, ko:0
05:15:50 INFO    com.codingful.tandem.jdbc.RelayWorker - Relay worker progress workerId:tandem-relay-s9-instance-2-w5, processed:510000, ok:510000, ko:0
05:16:27 INFO    com.codingful.tandem.jdbc.RelayWorker - Relay worker progress workerId:tandem-relay-s9-instance-2-w1, processed:480000, ok:480000, ko:0
05:16:31 INFO    com.codingful.tandem.jdbc.RelayWorker - Relay worker progress workerId:tandem-relay-s9-instance-2-w6, processed:490000, ok:490000, ko:0
05:17:12 INFO    com.codingful.tandem.jdbc.RelayWorker - Relay worker progress workerId:tandem-relay-s9-instance-1-w1, processed:490000, ok:490000, ko:0
05:17:35 INFO    com.codingful.tandem.jdbc.RelayWorker - Relay worker progress workerId:tandem-relay-s9-instance-1-w4, processed:490000, ok:490000, ko:0
05:18:35 INFO    com.codingful.tandem.jdbc.RelayWorker - Relay worker progress workerId:tandem-relay-s9-instance-1-w5, processed:470000, ok:470000, ko:0
05:18:52 INFO    com.codingful.tandem.jdbc.RelayWorker - Relay worker progress workerId:tandem-relay-s9-instance-1-w0, processed:500000, ok:500000, ko:0
05:19:01 INFO    com.codingful.tandem.jdbc.RelayWorker - Relay worker progress workerId:tandem-relay-s9-instance-1-w3, processed:500000, ok:500000, ko:0
05:19:22 INFO    com.codingful.tandem.jdbc.RelayWorker - Relay worker progress workerId:tandem-relay-s9-instance-2-w4, processed:510000, ok:510000, ko:0
05:20:20 INFO    com.codingful.tandem.jdbc.RelayWorker - Relay worker progress workerId:tandem-relay-s9-instance-2-w2, processed:510000, ok:510000, ko:0
05:20:35 INFO    com.codingful.tandem.jdbc.RelayWorker - Relay worker progress workerId:tandem-relay-s9-instance-1-w2, processed:480000, ok:480000, ko:0
05:20:52 INFO    com.codingful.tandem.jdbc.RelayWorker - Relay worker progress workerId:tandem-relay-s9-instance-2-w3, processed:480000, ok:480000, ko:0
05:20:59 INFO    com.codingful.tandem.jdbc.RelayWorker - Relay worker progress workerId:tandem-relay-s9-instance-2-w0, processed:480000, ok:480000, ko:0
05:21:21 INFO    com.codingful.tandem.jdbc.RelayWorker - Relay worker progress workerId:tandem-relay-s9-instance-1-w7, processed:520000, ok:520000, ko:0
05:22:10 INFO    com.codingful.tandem.jdbc.RelayWorker - Relay worker progress workerId:tandem-relay-s9-instance-2-w5, processed:520000, ok:520000, ko:0
05:22:12 INFO    com.codingful.tandem.jdbc.RelayWorker - Relay worker progress workerId:tandem-relay-s9-instance-2-w7, processed:490000, ok:490000, ko:0
05:22:33 INFO    com.codingful.tandem.jdbc.RelayWorker - Relay worker progress workerId:tandem-relay-s9-instance-1-w6, processed:490000, ok:490000, ko:0
05:23:09 INFO    com.codingful.tandem.jdbc.RelayWorker - Relay worker progress workerId:tandem-relay-s9-instance-2-w6, processed:500000, ok:500000, ko:0
05:23:12 INFO    com.codingful.tandem.jdbc.RelayWorker - Relay worker progress workerId:tandem-relay-s9-instance-2-w1, processed:490000, ok:490000, ko:0
05:23:50 INFO    com.codingful.tandem.jdbc.RelayWorker - Relay worker progress workerId:tandem-relay-s9-instance-1-w1, processed:500000, ok:500000, ko:0
05:24:18 INFO    com.codingful.tandem.jdbc.RelayWorker - Relay worker progress workerId:tandem-relay-s9-instance-1-w4, processed:500000, ok:500000, ko:0
05:25:25 INFO    com.codingful.tandem.jdbc.RelayWorker - Relay worker progress workerId:tandem-relay-s9-instance-1-w0, processed:510000, ok:510000, ko:0
05:25:32 INFO    com.codingful.tandem.jdbc.RelayWorker - Relay worker progress workerId:tandem-relay-s9-instance-1-w3, processed:510000, ok:510000, ko:0
05:25:38 INFO    com.codingful.tandem.jdbc.RelayWorker - Relay worker progress workerId:tandem-relay-s9-instance-1-w5, processed:480000, ok:480000, ko:0
05:25:49 INFO    com.codingful.tandem.jdbc.RelayWorker - Relay worker progress workerId:tandem-relay-s9-instance-2-w4, processed:520000, ok:520000, ko:0
05:26:50 INFO    com.codingful.tandem.jdbc.RelayWorker - Relay worker progress workerId:tandem-relay-s9-instance-2-w2, processed:520000, ok:520000, ko:0
05:27:23 INFO    com.codingful.tandem.jdbc.RelayWorker - Relay worker progress workerId:tandem-relay-s9-instance-1-w2, processed:490000, ok:490000, ko:0
05:27:48 INFO    com.codingful.tandem.jdbc.RelayWorker - Relay worker progress workerId:tandem-relay-s9-instance-1-w7, processed:530000, ok:530000, ko:0
05:27:49 INFO    com.codingful.tandem.jdbc.RelayWorker - Relay worker progress workerId:tandem-relay-s9-instance-2-w3, processed:490000, ok:490000, ko:0
05:27:51 INFO    com.codingful.tandem.jdbc.RelayWorker - Relay worker progress workerId:tandem-relay-s9-instance-2-w0, processed:490000, ok:490000, ko:0
05:28:28 INFO    com.codingful.tandem.jdbc.RelayWorker - Relay worker progress workerId:tandem-relay-s9-instance-2-w5, processed:530000, ok:530000, ko:0
05:29:03 INFO    com.codingful.tandem.jdbc.RelayWorker - Relay worker progress workerId:tandem-relay-s9-instance-2-w7, processed:500000, ok:500000, ko:0
05:29:18 INFO    com.codingful.tandem.jdbc.RelayWorker - Relay worker progress workerId:tandem-relay-s9-instance-1-w6, processed:500000, ok:500000, ko:0
05:29:54 INFO    com.codingful.tandem.jdbc.RelayWorker - Relay worker progress workerId:tandem-relay-s9-instance-2-w6, processed:510000, ok:510000, ko:0
05:30:00 INFO    com.codingful.tandem.jdbc.RelayWorker - Relay worker progress workerId:tandem-relay-s9-instance-2-w1, processed:500000, ok:500000, ko:0
S9 window 17 @05:30:21: 399.1/s delivered (399.1/s written), p50=60ms p99=168ms, pending=24 oldest=0s, buckets [128, 128] covered=256/256, outbox 443MB (42MB idx, 240612 rows, 91601 dead), heap=71MB threads=50 load=7.72
05:30:31 INFO    com.codingful.tandem.jdbc.RelayWorker - Relay worker progress workerId:tandem-relay-s9-instance-1-w1, processed:510000, ok:510000, ko:0
05:30:57 INFO    com.codingful.tandem.jdbc.RelayWorker - Relay worker progress workerId:tandem-relay-s9-instance-1-w4, processed:510000, ok:510000, ko:0
05:32:03 INFO    com.codingful.tandem.jdbc.RelayWorker - Relay worker progress workerId:tandem-relay-s9-instance-1-w0, processed:520000, ok:520000, ko:0
05:32:07 INFO    com.codingful.tandem.jdbc.RelayWorker - Relay worker progress workerId:tandem-relay-s9-instance-1-w3, processed:520000, ok:520000, ko:0
05:32:12 INFO    com.codingful.tandem.jdbc.RelayWorker - Relay worker progress workerId:tandem-relay-s9-instance-2-w4, processed:530000, ok:530000, ko:0
05:32:42 INFO    com.codingful.tandem.jdbc.RelayWorker - Relay worker progress workerId:tandem-relay-s9-instance-1-w5, processed:490000, ok:490000, ko:0
05:33:20 INFO    com.codingful.tandem.jdbc.RelayWorker - Relay worker progress workerId:tandem-relay-s9-instance-2-w2, processed:530000, ok:530000, ko:0
05:34:06 INFO    com.codingful.tandem.jdbc.RelayWorker - Relay worker progress workerId:tandem-relay-s9-instance-1-w7, processed:540000, ok:540000, ko:0
05:34:23 INFO    com.codingful.tandem.jdbc.RelayWorker - Relay worker progress workerId:tandem-relay-s9-instance-1-w2, processed:500000, ok:500000, ko:0
05:34:45 INFO    com.codingful.tandem.jdbc.RelayWorker - Relay worker progress workerId:tandem-relay-s9-instance-2-w0, processed:500000, ok:500000, ko:0
05:34:49 INFO    com.codingful.tandem.jdbc.RelayWorker - Relay worker progress workerId:tandem-relay-s9-instance-2-w5, processed:540000, ok:540000, ko:0
05:34:49 INFO    com.codingful.tandem.jdbc.RelayWorker - Relay worker progress workerId:tandem-relay-s9-instance-2-w3, processed:500000, ok:500000, ko:0
05:35:52 INFO    com.codingful.tandem.jdbc.RelayWorker - Relay worker progress workerId:tandem-relay-s9-instance-2-w7, processed:510000, ok:510000, ko:0
05:36:06 INFO    com.codingful.tandem.jdbc.RelayWorker - Relay worker progress workerId:tandem-relay-s9-instance-1-w6, processed:510000, ok:510000, ko:0
05:36:27 INFO    com.codingful.tandem.jdbc.RelayWorker - Relay worker progress workerId:tandem-relay-s9-instance-2-w6, processed:520000, ok:520000, ko:0
05:36:41 INFO    com.codingful.tandem.jdbc.RelayWorker - Relay worker progress workerId:tandem-relay-s9-instance-2-w1, processed:510000, ok:510000, ko:0
05:37:19 INFO    com.codingful.tandem.jdbc.RelayWorker - Relay worker progress workerId:tandem-relay-s9-instance-1-w1, processed:520000, ok:520000, ko:0
05:37:35 INFO    com.codingful.tandem.jdbc.RelayWorker - Relay worker progress workerId:tandem-relay-s9-instance-1-w4, processed:520000, ok:520000, ko:0
05:38:32 INFO    com.codingful.tandem.jdbc.RelayWorker - Relay worker progress workerId:tandem-relay-s9-instance-1-w0, processed:530000, ok:530000, ko:0
05:38:43 INFO    com.codingful.tandem.jdbc.RelayWorker - Relay worker progress workerId:tandem-relay-s9-instance-1-w3, processed:530000, ok:530000, ko:0
05:38:46 INFO    com.codingful.tandem.jdbc.RelayWorker - Relay worker progress workerId:tandem-relay-s9-instance-2-w4, processed:540000, ok:540000, ko:0
05:39:39 INFO    com.codingful.tandem.jdbc.RelayWorker - Relay worker progress workerId:tandem-relay-s9-instance-1-w5, processed:500000, ok:500000, ko:0
05:39:42 INFO    com.codingful.tandem.jdbc.RelayWorker - Relay worker progress workerId:tandem-relay-s9-instance-2-w2, processed:540000, ok:540000, ko:0
05:40:28 INFO    com.codingful.tandem.jdbc.RelayWorker - Relay worker progress workerId:tandem-relay-s9-instance-1-w7, processed:550000, ok:550000, ko:0
05:41:13 INFO    com.codingful.tandem.jdbc.RelayWorker - Relay worker progress workerId:tandem-relay-s9-instance-1-w2, processed:510000, ok:510000, ko:0
05:41:17 INFO    com.codingful.tandem.jdbc.RelayWorker - Relay worker progress workerId:tandem-relay-s9-instance-2-w5, processed:550000, ok:550000, ko:0
05:41:38 INFO    com.codingful.tandem.jdbc.RelayWorker - Relay worker progress workerId:tandem-relay-s9-instance-2-w3, processed:510000, ok:510000, ko:0
05:41:44 INFO    com.codingful.tandem.jdbc.RelayWorker - Relay worker progress workerId:tandem-relay-s9-instance-2-w0, processed:510000, ok:510000, ko:0
05:42:38 INFO    com.codingful.tandem.jdbc.RelayWorker - Relay worker progress workerId:tandem-relay-s9-instance-2-w7, processed:520000, ok:520000, ko:0
05:42:59 INFO    com.codingful.tandem.jdbc.RelayWorker - Relay worker progress workerId:tandem-relay-s9-instance-1-w6, processed:520000, ok:520000, ko:0
05:43:05 INFO    com.codingful.tandem.jdbc.RelayWorker - Relay worker progress workerId:tandem-relay-s9-instance-2-w6, processed:530000, ok:530000, ko:0
05:43:26 INFO    com.codingful.tandem.jdbc.RelayWorker - Relay worker progress workerId:tandem-relay-s9-instance-2-w1, processed:520000, ok:520000, ko:0
05:44:02 INFO    com.codingful.tandem.jdbc.RelayWorker - Relay worker progress workerId:tandem-relay-s9-instance-1-w1, processed:530000, ok:530000, ko:0
05:44:15 INFO    com.codingful.tandem.jdbc.RelayWorker - Relay worker progress workerId:tandem-relay-s9-instance-1-w4, processed:530000, ok:530000, ko:0
05:45:06 INFO    com.codingful.tandem.jdbc.RelayWorker - Relay worker progress workerId:tandem-relay-s9-instance-2-w4, processed:550000, ok:550000, ko:0
05:45:09 INFO    com.codingful.tandem.jdbc.RelayWorker - Relay worker progress workerId:tandem-relay-s9-instance-1-w0, processed:540000, ok:540000, ko:0
05:45:23 INFO    com.codingful.tandem.jdbc.RelayWorker - Relay worker progress workerId:tandem-relay-s9-instance-1-w3, processed:540000, ok:540000, ko:0
05:46:10 INFO    com.codingful.tandem.jdbc.RelayWorker - Relay worker progress workerId:tandem-relay-s9-instance-2-w2, processed:550000, ok:550000, ko:0
05:46:42 INFO    com.codingful.tandem.jdbc.RelayWorker - Relay worker progress workerId:tandem-relay-s9-instance-1-w5, processed:510000, ok:510000, ko:0
05:46:54 INFO    com.codingful.tandem.jdbc.RelayWorker - Relay worker progress workerId:tandem-relay-s9-instance-1-w7, processed:560000, ok:560000, ko:0
05:47:45 INFO    com.codingful.tandem.jdbc.RelayWorker - Relay worker progress workerId:tandem-relay-s9-instance-2-w5, processed:560000, ok:560000, ko:0
05:48:07 INFO    com.codingful.tandem.jdbc.RelayWorker - Relay worker progress workerId:tandem-relay-s9-instance-1-w2, processed:520000, ok:520000, ko:0
05:48:24 INFO    com.codingful.tandem.jdbc.RelayWorker - Relay worker progress workerId:tandem-relay-s9-instance-2-w3, processed:520000, ok:520000, ko:0
05:48:38 INFO    com.codingful.tandem.jdbc.RelayWorker - Relay worker progress workerId:tandem-relay-s9-instance-2-w0, processed:520000, ok:520000, ko:0
05:49:23 INFO    com.codingful.tandem.jdbc.RelayWorker - Relay worker progress workerId:tandem-relay-s9-instance-2-w7, processed:530000, ok:530000, ko:0
05:49:43 INFO    com.codingful.tandem.jdbc.RelayWorker - Relay worker progress workerId:tandem-relay-s9-instance-2-w6, processed:540000, ok:540000, ko:0
05:49:44 INFO    com.codingful.tandem.jdbc.RelayWorker - Relay worker progress workerId:tandem-relay-s9-instance-1-w6, processed:530000, ok:530000, ko:0
05:50:14 INFO    com.codingful.tandem.jdbc.RelayWorker - Relay worker progress workerId:tandem-relay-s9-instance-2-w1, processed:530000, ok:530000, ko:0
S9 window 18 @05:50:21: 399.6/s delivered (399.6/s written), p50=59ms p99=162ms, pending=24 oldest=0s, buckets [128, 128] covered=256/256, outbox 439MB (42MB idx, 242819 rows, 82039 dead), heap=81MB threads=49 load=6.93
05:50:23 INFO    com.codingful.tandem.jdbc.BucketLeaseManager - Relay released all owned buckets owner:s9-instance-1, count:128
05:50:23 INFO    com.codingful.tandem.jdbc.WorkerPool - Relay stopped instanceId:s9-instance-1
05:50:23 INFO    com.codingful.tandem.jdbc.BucketLeaseManager - Relay released all owned buckets owner:s9-instance-2, count:128
05:50:23 INFO    com.codingful.tandem.jdbc.WorkerPool - Relay stopped instanceId:s9-instance-2
PASS S9: held 400.0 events/s for PT6H in 18 windows; throughput 395.7/s → 399.6/s (+1.0%), p50 58ms → 59ms, p99 173ms → 162ms; outbox 420MB → 439MB, heap 48MB → 81MB; bucket coverage held=true; ordering violations=0, lost=0, duplicates=0
All scenarios passed correctness.
